Month,OperatingSystems,Browser,Region,TrafficType,VisitorType,Weekend,Revenue
Nov,2,2,1,2,New_Visitor,False,False
May,1,1,4,3,Returning_Visitor,False,False
May,1,1,8,1,Returning_Visitor,False,False
Nov,4,1,1,10,Returning_Visitor,True,False
May,2,2,4,2,Returning_Visitor,False,False
May,2,2,1,3,Returning_Visitor,False,False
June,4,1,3,3,Returning_Visitor,False,False
May,2,2,6,5,New_Visitor,False,False
Dec,2,10,7,2,Returning_Visitor,True,True
May,1,1,6,1,Returning_Visitor,True,False
Dec,2,2,3,1,Returning_Visitor,False,False
Mar,3,3,1,10,Returning_Visitor,False,False
Dec,3,2,3,2,New_Visitor,False,False
May,1,1,8,1,Returning_Visitor,False,False
Nov,1,1,4,10,Returning_Visitor,True,False
May,2,2,1,3,Returning_Visitor,False,False
Nov,2,6,5,3,Returning_Visitor,True,False
Dec,1,1,3,1,Returning_Visitor,False,False
Nov,2,2,7,3,Returning_Visitor,False,True
Mar,1,2,8,1,Returning_Visitor,False,False
May,1,8,1,11,Returning_Visitor,True,True
Jul,2,2,9,1,Returning_Visitor,False,False
Dec,2,2,1,1,Returning_Visitor,False,False
Dec,2,2,4,1,Returning_Visitor,False,False
Nov,3,2,4,2,Returning_Visitor,True,False
Sep,2,2,1,3,Returning_Visitor,False,True
May,2,2,1,4,Returning_Visitor,True,True
May,1,1,8,5,New_Visitor,False,False
May,4,1,9,4,Returning_Visitor,False,False
Dec,2,2,1,13,Returning_Visitor,False,False
Nov,2,2,9,2,Returning_Visitor,False,True
Dec,2,2,1,10,Returning_Visitor,False,False
Jul,3,2,3,2,Returning_Visitor,False,False
Nov,8,2,9,2,New_Visitor,False,False
Nov,1,1,4,10,Returning_Visitor,True,True
Dec,2,2,4,2,Returning_Visitor,False,False
Nov,2,7,1,2,Returning_Visitor,True,True
Nov,2,2,4,1,Returning_Visitor,False,True
Sep,2,2,9,2,New_Visitor,False,False
Oct,2,2,1,20,Returning_Visitor,False,True
May,2,2,3,3,Returning_Visitor,False,False
Oct,1,1,3,2,Returning_Visitor,False,True
May,2,2,7,2,Returning_Visitor,False,False
Nov,2,5,2,3,Returning_Visitor,False,False
Oct,4,1,3,5,New_Visitor,False,True
Nov,3,2,8,13,Returning_Visitor,True,False
Dec,2,2,1,2,Returning_Visitor,False,False
Mar,2,7,3,2,Returning_Visitor,False,False
Mar,3,2,1,3,Returning_Visitor,False,False
Sep,4,2,7,2,Returning_Visitor,False,False
Nov,2,2,3,3,Returning_Visitor,False,True
Mar,1,2,6,2,Returning_Visitor,False,False
May,4,5,9,2,New_Visitor,False,False
Mar,3,2,7,1,Returning_Visitor,True,False
Mar,1,1,1,2,Returning_Visitor,False,False
May,2,2,1,2,New_Visitor,False,False
Sep,2,2,1,2,Returning_Visitor,False,False
Nov,2,2,2,7,Returning_Visitor,True,True
Mar,4,1,3,2,Returning_Visitor,False,False
Nov,4,2,6,3,Returning_Visitor,False,False
Nov,2,2,1,1,Returning_Visitor,False,True
Nov,2,5,3,3,Returning_Visitor,True,False
Dec,2,2,1,1,Returning_Visitor,False,False
May,2,2,1,6,Returning_Visitor,True,False
Mar,4,2,1,3,Returning_Visitor,False,False
Dec,1,1,1,2,Returning_Visitor,False,False
Dec,1,1,3,2,New_Visitor,False,True
May,2,2,1,7,Returning_Visitor,False,False
May,3,2,3,13,Returning_Visitor,False,False
Dec,1,1,7,3,Returning_Visitor,False,False
Dec,3,2,3,2,Returning_Visitor,True,False
May,2,5,3,4,Returning_Visitor,False,True
Nov,3,2,3,10,Returning_Visitor,True,False
Sep,2,2,4,4,Returning_Visitor,False,False
Nov,2,2,1,2,Returning_Visitor,False,False
May,2,2,3,1,Returning_Visitor,False,False
Mar,2,2,1,10,Returning_Visitor,False,False
May,1,1,8,4,Returning_Visitor,False,False
May,2,4,1,1,Returning_Visitor,False,False
Sep,2,4,9,3,Returning_Visitor,False,False
Dec,2,2,4,2,New_Visitor,False,False
Nov,2,10,2,10,Returning_Visitor,False,False
May,2,2,4,4,Returning_Visitor,False,False
May,2,2,4,3,Returning_Visitor,False,False
Nov,2,2,9,1,Returning_Visitor,False,False
Nov,2,2,1,1,Returning_Visitor,False,False
Sep,4,1,1,4,New_Visitor,False,True
Mar,3,2,1,1,Returning_Visitor,False,False
Aug,3,2,3,1,New_Visitor,False,False
Nov,3,2,3,1,Returning_Visitor,False,True
Nov,1,1,2,3,Returning_Visitor,False,False
Nov,2,2,1,1,Returning_Visitor,False,False
May,2,2,2,4,New_Visitor,True,False
May,2,4,7,4,Returning_Visitor,True,False
Mar,3,2,2,1,Returning_Visitor,False,False
Mar,2,2,3,1,Returning_Visitor,False,False
Mar,2,2,3,1,Returning_Visitor,False,False
Sep,3,2,9,5,Returning_Visitor,False,False
Mar,2,2,1,1,Returning_Visitor,False,False
Dec,1,1,1,2,Returning_Visitor,False,False
May,4,1,3,3,Returning_Visitor,True,False
Dec,2,2,2,2,Returning_Visitor,False,True
Nov,2,2,3,1,Returning_Visitor,False,False
Nov,2,4,3,8,Returning_Visitor,False,False
Nov,2,2,1,2,Returning_Visitor,False,False
Oct,1,1,9,3,Returning_Visitor,False,False
Dec,2,2,6,13,Returning_Visitor,False,False
Sep,3,2,6,2,Returning_Visitor,False,False
Mar,2,5,1,1,Returning_Visitor,True,False
Dec,2,2,5,2,New_Visitor,False,True
June,2,5,3,2,Returning_Visitor,False,False
May,3,2,3,13,Returning_Visitor,True,False
Mar,3,2,3,1,Returning_Visitor,False,False
Mar,1,1,7,2,New_Visitor,False,False
Nov,2,2,3,1,Returning_Visitor,True,False
Oct,2,2,5,2,New_Visitor,True,True
Mar,3,2,1,2,Returning_Visitor,False,False
May,3,2,3,3,Returning_Visitor,False,False
May,1,1,3,3,Returning_Visitor,False,False
May,2,10,8,2,Returning_Visitor,False,False
May,2,6,5,1,Returning_Visitor,False,False
Dec,2,2,7,1,Returning_Visitor,False,False
May,2,4,3,3,Returning_Visitor,False,False
Nov,2,4,3,2,Returning_Visitor,True,True
Nov,3,2,1,2,Returning_Visitor,False,True
May,3,2,6,13,Returning_Visitor,True,False
Dec,2,2,2,1,Returning_Visitor,False,False
May,2,2,2,11,Returning_Visitor,False,True
Dec,1,1,3,10,New_Visitor,True,False
Oct,1,8,6,20,Returning_Visitor,True,True
Nov,2,2,2,3,Returning_Visitor,False,False
May,3,2,2,11,Returning_Visitor,False,True
May,3,5,1,5,New_Visitor,False,False
Sep,2,7,7,2,New_Visitor,True,False
Nov,2,2,1,2,Returning_Visitor,True,True
Dec,2,2,3,8,Returning_Visitor,False,False
Oct,2,2,3,4,Returning_Visitor,False,False
Aug,3,2,1,3,Returning_Visitor,False,False
Jul,2,4,6,1,Returning_Visitor,False,False
Mar,1,1,3,3,Returning_Visitor,False,False
Nov,2,2,7,2,Returning_Visitor,True,False
Aug,3,3,2,2,Returning_Visitor,True,False
May,2,2,7,2,Returning_Visitor,True,False
Aug,2,5,4,2,Returning_Visitor,False,True
Mar,3,2,2,1,Returning_Visitor,False,False
Mar,2,2,7,1,Returning_Visitor,False,False
Dec,2,2,2,2,Returning_Visitor,False,False
Jul,2,2,7,2,New_Visitor,False,True
Nov,3,2,7,1,Returning_Visitor,True,False
June,3,2,2,1,Returning_Visitor,False,False
Nov,3,2,6,3,Returning_Visitor,False,False
Nov,1,1,1,2,Returning_Visitor,True,True
Nov,1,1,1,1,Returning_Visitor,False,False
Nov,3,2,4,1,Returning_Visitor,False,False
May,2,5,1,3,Returning_Visitor,False,False
Dec,3,2,8,2,Returning_Visitor,True,False
Nov,2,2,1,2,Returning_Visitor,True,False
Nov,3,2,2,1,Returning_Visitor,False,True
May,2,2,6,1,Returning_Visitor,False,False
May,3,2,4,3,Returning_Visitor,False,False
Nov,4,2,6,3,Returning_Visitor,True,True
May,2,2,6,2,Returning_Visitor,False,True
Sep,2,2,9,1,Returning_Visitor,False,False
Nov,3,2,4,3,Returning_Visitor,True,False
Mar,2,2,1,2,Returning_Visitor,False,False
Nov,1,1,7,8,New_Visitor,False,True
May,3,2,3,4,Returning_Visitor,True,False
Nov,2,2,9,3,Returning_Visitor,False,False
Oct,4,1,2,2,Returning_Visitor,False,False
Mar,3,2,4,2,Returning_Visitor,False,False
Mar,2,2,1,10,Returning_Visitor,False,False
May,2,2,1,4,Returning_Visitor,False,False
May,7,1,3,1,Returning_Visitor,False,False
Dec,2,2,1,2,Returning_Visitor,False,False
May,3,2,1,2,Returning_Visitor,False,False
May,2,5,1,2,Returning_Visitor,False,False
May,3,2,4,13,Returning_Visitor,False,False
May,2,2,4,13,Returning_Visitor,True,False
May,2,2,1,3,Returning_Visitor,False,False
Jul,2,4,3,1,Returning_Visitor,False,False
Dec,1,2,3,2,New_Visitor,True,False
Nov,2,2,3,1,Returning_Visitor,True,False
Dec,2,2,9,2,Returning_Visitor,False,False
Dec,2,2,1,1,Returning_Visitor,False,False
Nov,3,2,1,2,Returning_Visitor,False,False
Nov,3,2,1,3,Returning_Visitor,False,False
Nov,2,2,3,1,Returning_Visitor,False,False
May,4,2,3,6,Returning_Visitor,False,False
May,3,3,3,2,Returning_Visitor,True,False
Nov,2,2,1,2,Returning_Visitor,False,True
May,1,1,6,6,Returning_Visitor,False,False
Nov,3,2,1,2,New_Visitor,True,False
Mar,2,6,2,2,Returning_Visitor,False,False
Dec,2,2,1,6,Returning_Visitor,True,False
Aug,1,1,3,4,Returning_Visitor,False,True
May,2,10,3,2,Returning_Visitor,False,False
Nov,3,2,1,13,Returning_Visitor,True,False
May,2,6,7,3,Returning_Visitor,False,False
May,2,2,1,2,Returning_Visitor,True,False
May,3,2,1,4,Returning_Visitor,False,False
May,3,2,3,1,Returning_Visitor,True,False
Nov,1,1,3,2,Returning_Visitor,False,False
May,2,2,4,13,Returning_Visitor,False,False
Nov,2,2,1,13,Returning_Visitor,False,True
Nov,2,2,3,1,Returning_Visitor,False,True
May,3,2,6,11,Returning_Visitor,False,True
Oct,3,2,6,1,Returning_Visitor,False,False
Oct,3,2,7,4,Returning_Visitor,False,False
Mar,1,1,8,2,Returning_Visitor,True,False
May,2,4,1,4,Returning_Visitor,False,False
Sep,2,2,1,5,Returning_Visitor,False,False
Dec,2,2,1,1,Returning_Visitor,False,False
May,2,2,1,4,Returning_Visitor,False,False
Mar,3,2,3,1,Returning_Visitor,False,False
Nov,2,2,1,13,Returning_Visitor,False,True
Dec,3,3,1,11,New_Visitor,False,False
Dec,3,2,6,2,New_Visitor,True,False
May,2,2,4,3,Returning_Visitor,False,False
Nov,3,2,1,2,Returning_Visitor,True,False
Aug,2,2,3,4,Returning_Visitor,False,False
Nov,3,2,3,3,Returning_Visitor,True,False
Dec,3,2,8,10,Returning_Visitor,True,False
Aug,2,2,8,6,New_Visitor,True,False
Nov,1,1,6,1,Returning_Visitor,False,False
Sep,2,2,4,2,Returning_Visitor,False,False
Mar,3,2,1,1,Returning_Visitor,False,False
May,2,2,6,13,Returning_Visitor,False,False
June,2,2,1,1,Returning_Visitor,False,False
May,2,2,1,6,Returning_Visitor,True,True
Oct,1,1,4,4,Returning_Visitor,False,False
Nov,1,1,6,4,Returning_Visitor,False,False
Dec,2,2,1,10,Returning_Visitor,True,False
Nov,2,6,9,1,Returning_Visitor,False,True
Nov,3,2,3,1,Returning_Visitor,False,False
Dec,2,2,9,10,Returning_Visitor,False,True
Nov,2,2,7,2,Returning_Visitor,True,False
Mar,2,2,1,2,New_Visitor,False,False
June,2,2,1,3,Returning_Visitor,False,False
Oct,2,2,3,13,Returning_Visitor,True,False
Mar,2,2,7,2,New_Visitor,True,False
Dec,2,2,1,2,Returning_Visitor,False,True
May,2,2,3,13,Returning_Visitor,False,False
Dec,3,2,1,1,Returning_Visitor,True,False
Jul,1,1,6,2,New_Visitor,True,True
Mar,2,2,2,2,New_Visitor,False,False
May,2,5,1,3,Returning_Visitor,False,False
Mar,2,4,6,2,Returning_Visitor,True,False
Mar,1,1,1,2,Returning_Visitor,False,False
Mar,2,2,3,2,Returning_Visitor,False,False
Mar,2,2,3,3,Returning_Visitor,True,False
Mar,3,2,4,1,Returning_Visitor,False,False
Nov,3,2,2,3,Returning_Visitor,False,False
May,3,2,3,2,Returning_Visitor,False,False
Dec,3,2,1,13,Returning_Visitor,False,False
Nov,2,2,1,10,Returning_Visitor,False,False
Dec,2,2,1,8,Returning_Visitor,False,False
May,3,2,6,3,Returning_Visitor,False,False
May,3,2,1,2,Returning_Visitor,True,False
Nov,2,2,1,3,Returning_Visitor,False,False
May,2,2,8,4,Returning_Visitor,True,False
Nov,3,2,3,2,Returning_Visitor,True,False
Mar,2,4,3,8,New_Visitor,True,True
June,3,2,8,2,New_Visitor,False,False
May,1,1,1,2,Returning_Visitor,True,False
Nov,1,1,3,2,Returning_Visitor,True,False
Mar,1,2,3,10,Returning_Visitor,False,False
May,3,2,1,2,Returning_Visitor,True,False
Feb,2,2,3,6,Returning_Visitor,False,False
May,3,3,6,4,Returning_Visitor,True,False
May,2,2,6,3,Returning_Visitor,False,False
June,2,5,7,2,New_Visitor,False,False
Aug,1,1,1,4,Returning_Visitor,False,False
Nov,3,2,1,1,Returning_Visitor,False,False
Nov,3,2,1,2,Returning_Visitor,False,False
Nov,4,2,1,2,New_Visitor,False,False
Dec,2,2,6,1,Returning_Visitor,False,False
Nov,2,2,1,2,Returning_Visitor,False,False
Nov,2,2,1,2,Returning_Visitor,False,False
Dec,3,2,1,1,Returning_Visitor,False,False
Sep,2,2,1,2,New_Visitor,False,False
May,2,2,3,13,Returning_Visitor,False,False
Dec,2,2,4,2,Returning_Visitor,False,False
Nov,2,2,9,13,Returning_Visitor,False,False
Nov,2,2,1,3,Returning_Visitor,False,False
Jul,2,2,1,1,Returning_Visitor,False,False
June,2,2,1,3,Returning_Visitor,False,False
Dec,4,2,3,1,Returning_Visitor,False,False
Jul,2,2,3,1,Returning_Visitor,False,False
Jul,2,2,1,1,Returning_Visitor,False,False
Nov,3,2,3,13,Returning_Visitor,False,False
Nov,2,2,2,2,Returning_Visitor,True,True
Oct,4,1,1,4,New_Visitor,False,False
May,3,2,2,2,Returning_Visitor,False,False
May,4,2,1,3,New_Visitor,False,False
Nov,2,2,8,8,New_Visitor,False,False
Aug,3,2,4,20,Returning_Visitor,False,False
Sep,2,2,4,2,Returning_Visitor,False,False
May,2,2,1,1,Returning_Visitor,False,False
Dec,2,2,1,3,Returning_Visitor,False,False
Mar,1,1,1,2,New_Visitor,True,True
Mar,2,2,7,1,Returning_Visitor,False,False
Mar,2,2,1,13,Returning_Visitor,True,False
Mar,2,4,1,1,Returning_Visitor,False,False
May,2,4,3,4,Returning_Visitor,False,False
Nov,2,2,1,2,Returning_Visitor,False,True
Mar,2,2,7,2,Returning_Visitor,False,False
Oct,2,2,1,2,Returning_Visitor,False,True
Sep,3,2,4,4,New_Visitor,False,False
Dec,3,2,1,6,Returning_Visitor,False,False
Dec,2,2,3,13,Returning_Visitor,False,False
Nov,2,4,3,3,Returning_Visitor,False,False
May,2,4,9,3,Returning_Visitor,False,False
Nov,1,1,1,1,Returning_Visitor,False,False
Dec,3,2,1,3,Returning_Visitor,False,False
Mar,1,1,3,1,Returning_Visitor,True,True
Nov,1,1,3,2,New_Visitor,False,False
May,3,2,3,4,Returning_Visitor,False,False
June,1,2,3,2,Returning_Visitor,False,False
Nov,2,2,2,11,New_Visitor,False,False
Dec,1,1,3,8,New_Visitor,False,False
Dec,2,4,7,1,Returning_Visitor,False,False
Nov,2,2,1,8,Returning_Visitor,True,False
May,2,2,6,13,Returning_Visitor,False,False
May,2,7,1,2,New_Visitor,True,False
Dec,2,2,4,2,Returning_Visitor,False,False
Dec,2,4,9,2,Returning_Visitor,False,False
Dec,2,2,3,3,Returning_Visitor,False,False
Oct,4,2,1,3,Returning_Visitor,False,False
Nov,2,4,9,8,New_Visitor,True,True
May,2,2,4,3,Returning_Visitor,False,False
Nov,1,2,1,1,Returning_Visitor,True,False
Nov,3,2,1,2,Returning_Visitor,False,False
Nov,1,1,1,2,Returning_Visitor,True,False
Dec,1,1,3,2,Returning_Visitor,True,False
May,2,2,3,1,Returning_Visitor,False,False
Nov,2,5,3,2,Returning_Visitor,False,True
Nov,2,4,1,10,Returning_Visitor,True,False
Dec,8,13,9,20,Other,False,False
Mar,2,5,1,3,Returning_Visitor,False,False
Nov,2,2,1,2,Returning_Visitor,False,False
Sep,1,1,6,3,New_Visitor,False,True
May,2,2,1,4,Returning_Visitor,False,False
Dec,1,1,8,2,Returning_Visitor,False,False
Mar,2,4,6,8,Returning_Visitor,False,False
Mar,3,2,5,2,Returning_Visitor,False,False
Mar,2,2,1,3,Returning_Visitor,False,False
May,4,2,9,3,Returning_Visitor,False,False
Mar,3,2,1,2,Returning_Visitor,False,False
Nov,2,2,3,2,New_Visitor,False,True
Nov,2,2,7,13,Returning_Visitor,False,False
May,2,2,6,4,Returning_Visitor,False,False
Nov,2,2,9,2,New_Visitor,False,True
Dec,8,13,9,20,Other,False,False
Mar,3,2,9,2,New_Visitor,False,False
Dec,3,2,3,1,Returning_Visitor,False,False
Oct,2,2,1,2,New_Visitor,False,False
Dec,2,2,1,2,New_Visitor,False,False
May,2,5,1,3,Returning_Visitor,False,False
Mar,1,1,4,2,New_Visitor,True,False
Dec,2,2,4,1,Returning_Visitor,False,False
Sep,3,2,1,13,Returning_Visitor,True,False
Dec,2,2,3,1,Returning_Visitor,False,True
Jul,2,2,1,1,Returning_Visitor,True,False
May,4,2,1,19,Returning_Visitor,True,True
Nov,4,1,1,2,New_Visitor,False,True
May,2,2,1,2,Returning_Visitor,True,False
Mar,2,2,3,1,Returning_Visitor,False,False
Mar,2,4,1,8,New_Visitor,True,True
Sep,2,2,1,3,Returning_Visitor,False,False
Sep,1,1,1,4,Returning_Visitor,False,False
May,1,1,4,2,Returning_Visitor,False,False
May,2,2,3,1,Returning_Visitor,False,False
Dec,1,1,7,3,Returning_Visitor,True,False
May,4,1,1,3,Returning_Visitor,True,False
Dec,2,2,1,13,Returning_Visitor,False,False
Nov,3,2,1,3,Returning_Visitor,False,False
May,1,1,3,6,Returning_Visitor,False,False
Dec,2,2,1,6,Returning_Visitor,False,True
May,1,1,6,3,Returning_Visitor,False,False
May,2,2,9,1,Returning_Visitor,True,False
May,2,2,1,13,Returning_Visitor,False,False
Mar,2,5,9,1,Returning_Visitor,False,False
Aug,3,2,1,4,Returning_Visitor,True,False
Dec,1,1,8,10,Returning_Visitor,False,False
Nov,1,1,6,1,Returning_Visitor,False,False
Sep,3,2,1,3,Returning_Visitor,False,False
Nov,2,2,9,6,Returning_Visitor,False,False
May,2,2,3,2,Returning_Visitor,False,False
Mar,3,2,4,3,Returning_Visitor,False,False
May,2,2,3,3,Returning_Visitor,False,False
Nov,4,1,4,10,Returning_Visitor,True,False
Mar,2,2,1,1,Returning_Visitor,False,False
May,2,5,3,2,Returning_Visitor,True,False
Nov,1,1,3,8,Returning_Visitor,False,False
May,2,4,3,3,Returning_Visitor,False,False
May,2,5,7,2,Returning_Visitor,False,False
Mar,3,2,3,2,Returning_Visitor,False,False
May,3,2,4,14,Returning_Visitor,False,False
May,2,5,3,2,New_Visitor,False,True
Mar,4,2,1,3,Returning_Visitor,False,False
Nov,3,2,1,13,Returning_Visitor,False,True
Nov,2,2,1,1,Returning_Visitor,False,False
May,2,2,1,6,Returning_Visitor,False,True
Dec,2,2,1,8,Returning_Visitor,False,False
Dec,1,1,5,8,Returning_Visitor,True,False
Jul,2,4,3,4,New_Visitor,False,False
Oct,2,2,7,3,Returning_Visitor,False,False
Dec,1,1,1,10,Returning_Visitor,False,False
Nov,3,2,3,11,Returning_Visitor,True,False
Aug,1,6,1,1,Returning_Visitor,False,False
Nov,3,2,3,2,New_Visitor,True,False
Nov,2,2,6,2,Returning_Visitor,True,False
May,1,1,7,1,Returning_Visitor,False,False
Mar,1,1,2,2,Returning_Visitor,False,False
Dec,2,2,1,3,Returning_Visitor,False,False
Nov,2,2,1,1,Returning_Visitor,False,False
May,2,2,1,14,Returning_Visitor,True,False
Mar,2,2,1,2,Returning_Visitor,False,False
Mar,3,2,1,3,Returning_Visitor,True,False
May,2,2,4,13,Returning_Visitor,False,False
Dec,2,2,2,2,Returning_Visitor,True,False
May,2,2,1,19,Returning_Visitor,False,False
Sep,2,2,3,2,New_Visitor,False,False
Mar,2,6,7,1,Returning_Visitor,False,False
Dec,8,13,9,20,Other,False,False
Dec,2,2,2,1,Returning_Visitor,False,False
May,3,2,6,13,Returning_Visitor,False,False
May,3,2,1,3,Returning_Visitor,False,False
Dec,2,4,9,10,Returning_Visitor,False,False
Mar,2,2,2,1,Returning_Visitor,True,True
Dec,2,2,2,13,Returning_Visitor,False,False
Dec,1,2,4,3,Returning_Visitor,True,False
Mar,2,4,3,1,Returning_Visitor,False,False
Nov,2,2,1,2,Returning_Visitor,False,False
Mar,1,1,2,1,Returning_Visitor,False,False
May,2,2,3,2,Returning_Visitor,False,True
Dec,2,2,4,2,Returning_Visitor,True,True
Jul,1,1,4,4,Returning_Visitor,False,False
Sep,1,1,7,4,Returning_Visitor,False,False
May,2,2,4,1,Returning_Visitor,False,False
Nov,2,2,1,2,Returning_Visitor,False,False
Nov,3,2,7,13,Returning_Visitor,False,False
Nov,3,2,1,6,Returning_Visitor,False,False
Dec,2,10,2,2,Returning_Visitor,False,False
May,3,2,3,4,Returning_Visitor,False,False
Mar,2,2,3,1,Returning_Visitor,True,False
Nov,1,1,1,10,Returning_Visitor,True,True
Jul,2,2,7,2,Returning_Visitor,False,False
May,2,2,6,4,Returning_Visitor,False,False
Feb,2,5,1,4,Returning_Visitor,False,False
Dec,8,13,9,20,Other,False,False
Nov,1,1,4,2,New_Visitor,True,False
Mar,2,2,3,2,Returning_Visitor,True,False
June,3,2,4,3,Returning_Visitor,True,False
Nov,1,1,1,1,Other,False,False
Nov,2,2,7,2,Returning_Visitor,False,True
Oct,2,2,4,5,Returning_Visitor,False,False
Nov,4,2,1,1,Returning_Visitor,False,True
May,2,2,3,6,Returning_Visitor,False,False
May,2,2,4,13,Returning_Visitor,False,False
May,2,2,1,4,Returning_Visitor,False,False
Dec,2,4,1,2,New_Visitor,True,False
Mar,2,2,1,2,New_Visitor,False,False
Mar,2,2,4,1,Returning_Visitor,False,False
Aug,2,2,1,5,Returning_Visitor,False,False
Dec,2,2,1,2,New_Visitor,True,True
Dec,2,2,7,2,New_Visitor,False,True
Dec,3,2,3,6,Returning_Visitor,False,False
May,3,2,1,1,Returning_Visitor,False,False
May,2,2,1,6,Returning_Visitor,False,False
Nov,1,1,1,3,Returning_Visitor,False,False
Nov,2,2,3,10,Returning_Visitor,False,False
Nov,3,2,1,2,Returning_Visitor,True,False
Nov,2,2,6,3,Returning_Visitor,False,False
May,2,5,3,6,Returning_Visitor,True,False
May,3,2,8,4,Returning_Visitor,False,False
May,3,2,1,1,Returning_Visitor,True,False
June,3,2,8,3,Returning_Visitor,False,False
Nov,2,2,3,2,Returning_Visitor,False,False
Mar,3,2,3,8,New_Visitor,False,False
Dec,3,2,2,13,Returning_Visitor,False,False
May,3,2,3,2,New_Visitor,False,True
Mar,2,2,1,8,New_Visitor,True,True
Dec,2,2,3,2,Returning_Visitor,False,False
Nov,3,2,2,2,Returning_Visitor,False,False
Mar,2,2,8,2,New_Visitor,True,False
Oct,2,2,6,2,New_Visitor,False,False
Jul,4,1,2,2,New_Visitor,False,False
Nov,1,1,7,15,Returning_Visitor,True,False
Mar,1,1,3,2,Returning_Visitor,False,False
Mar,2,2,1,1,Returning_Visitor,False,False
May,2,2,1,6,Returning_Visitor,True,False
Aug,3,2,7,13,Returning_Visitor,False,False
Nov,1,8,2,1,Returning_Visitor,False,False
May,2,2,3,4,Returning_Visitor,False,False
May,3,2,3,4,Returning_Visitor,True,False
May,2,2,6,3,Returning_Visitor,False,False
May,2,2,3,6,Returning_Visitor,False,False
Nov,3,2,3,3,Returning_Visitor,False,True
May,2,2,1,6,Returning_Visitor,False,False
June,2,2,4,1,Returning_Visitor,True,False
May,2,4,1,3,New_Visitor,False,True
Nov,2,2,7,2,New_Visitor,False,False
Nov,2,2,9,1,Returning_Visitor,True,False
May,2,2,3,1,Returning_Visitor,False,True
Aug,2,4,9,6,Returning_Visitor,False,False
May,1,1,4,2,Returning_Visitor,False,False
Nov,2,2,3,3,Returning_Visitor,False,False
Jul,2,2,3,1,Returning_Visitor,False,False
Nov,1,1,6,2,Returning_Visitor,False,False
Nov,2,2,9,1,Returning_Visitor,False,False
Aug,3,2,3,4,Returning_Visitor,True,True
Nov,2,2,3,2,Returning_Visitor,False,True
Dec,3,2,4,1,Returning_Visitor,True,False
Dec,2,2,3,1,Returning_Visitor,False,False
Mar,1,1,3,3,Returning_Visitor,False,False
Mar,2,4,4,1,Returning_Visitor,False,False
Oct,2,5,1,13,Returning_Visitor,False,False
Dec,1,1,2,8,Returning_Visitor,False,False
Mar,2,2,1,1,Returning_Visitor,False,False
Nov,1,1,1,2,Returning_Visitor,False,True
Dec,3,3,5,20,Returning_Visitor,False,False
Nov,2,2,1,2,Returning_Visitor,False,False
Nov,4,1,3,1,Returning_Visitor,False,False
May,2,4,2,3,Returning_Visitor,True,False
Oct,2,10,1,2,Returning_Visitor,False,False
Feb,2,2,2,3,Returning_Visitor,False,False
Nov,2,5,1,10,Returning_Visitor,False,False
May,2,2,1,4,Returning_Visitor,False,False
Mar,3,2,3,2,Returning_Visitor,False,False
Dec,3,2,5,6,Returning_Visitor,False,False
May,3,2,1,13,Returning_Visitor,False,False
Sep,2,2,6,4,Returning_Visitor,False,False
May,1,1,1,4,Returning_Visitor,False,False
Dec,1,1,4,3,Returning_Visitor,False,False
Mar,2,2,3,1,Returning_Visitor,False,False
Nov,2,2,3,11,Returning_Visitor,True,True
May,1,1,3,4,Returning_Visitor,True,False
Nov,3,2,1,13,Returning_Visitor,False,False
Dec,1,1,8,2,Returning_Visitor,False,False
May,2,2,1,3,Returning_Visitor,False,False
Dec,2,2,1,8,Returning_Visitor,False,True
May,2,2,1,4,Returning_Visitor,False,False
Sep,2,2,1,6,Returning_Visitor,False,False
Nov,3,3,3,11,New_Visitor,False,False
Sep,2,2,1,2,Returning_Visitor,False,False
Mar,3,2,1,8,New_Visitor,False,False
Jul,2,2,1,1,Returning_Visitor,False,False
May,2,2,6,1,Returning_Visitor,False,False
Nov,2,2,2,10,Returning_Visitor,False,True
Nov,2,2,1,1,Returning_Visitor,False,False
Jul,2,2,6,2,New_Visitor,False,False
Aug,2,2,3,4,Returning_Visitor,False,False
Dec,2,6,1,2,Returning_Visitor,True,False
Dec,2,7,7,8,New_Visitor,True,False
Dec,2,2,4,2,Other,True,False
May,2,6,1,3,Returning_Visitor,False,False
Mar,2,2,3,1,Returning_Visitor,True,False
May,2,5,4,2,Returning_Visitor,False,False
Dec,1,1,8,1,Returning_Visitor,False,False
Nov,1,1,9,2,Returning_Visitor,False,False
Nov,2,2,3,1,Returning_Visitor,False,False
May,1,2,1,6,Returning_Visitor,True,False
Nov,3,3,1,3,New_Visitor,True,False
Feb,2,2,1,3,Returning_Visitor,False,False
June,3,2,7,13,Returning_Visitor,False,False
Mar,1,2,4,8,New_Visitor,False,False
Nov,3,2,8,1,Returning_Visitor,False,False
Mar,2,2,3,3,Returning_Visitor,True,False
Nov,2,4,1,2,Returning_Visitor,False,False
Nov,1,1,8,15,Returning_Visitor,False,False
June,2,10,7,4,Returning_Visitor,True,False
Jul,3,5,1,1,Returning_Visitor,False,False
Aug,2,5,5,2,New_Visitor,True,False
May,1,1,1,2,Returning_Visitor,False,False
Sep,2,2,3,13,Returning_Visitor,False,False
Nov,2,2,1,3,Returning_Visitor,False,False
Aug,2,2,3,13,Returning_Visitor,False,False
May,2,4,3,3,Returning_Visitor,False,False
Dec,3,2,6,1,Returning_Visitor,False,False
Dec,2,2,6,13,Returning_Visitor,False,False
May,1,2,6,2,Returning_Visitor,False,True
May,1,1,3,2,Returning_Visitor,False,False
May,1,8,4,11,Returning_Visitor,True,False
Mar,1,1,7,2,Returning_Visitor,True,False
May,3,2,4,2,Returning_Visitor,False,False
Mar,3,2,1,2,Returning_Visitor,False,False
June,2,2,9,2,New_Visitor,False,False
Nov,3,2,2,8,Returning_Visitor,False,False
Mar,2,2,6,2,New_Visitor,True,False
Mar,1,1,1,2,Returning_Visitor,False,False
Oct,4,1,4,2,New_Visitor,True,False
Nov,2,2,3,3,Returning_Visitor,False,False
Oct,2,2,2,1,Returning_Visitor,False,False
Mar,2,2,1,1,Returning_Visitor,False,False
Nov,3,2,1,20,Returning_Visitor,False,False
Nov,3,6,3,2,Returning_Visitor,True,True
Feb,4,1,1,3,Returning_Visitor,False,False
Mar,4,1,1,1,Returning_Visitor,False,False
June,2,2,1,2,Returning_Visitor,False,False
Nov,1,1,4,2,Returning_Visitor,False,True
Nov,2,2,7,1,Returning_Visitor,False,False
May,1,1,1,3,Returning_Visitor,True,False
Nov,1,1,3,2,Returning_Visitor,False,True
May,2,2,1,4,Returning_Visitor,False,False
Nov,1,2,1,2,Returning_Visitor,False,False
Nov,2,2,3,2,Returning_Visitor,False,False
Oct,2,5,3,20,Returning_Visitor,False,False
May,2,2,4,3,Returning_Visitor,False,False
Sep,2,2,6,4,Returning_Visitor,False,False
Nov,2,5,1,1,Returning_Visitor,False,False
Mar,3,3,8,1,Returning_Visitor,False,False
Oct,1,1,4,1,Returning_Visitor,True,False
Jul,2,2,7,13,Returning_Visitor,False,False
Nov,2,2,1,2,Returning_Visitor,False,True
Mar,2,2,1,2,Returning_Visitor,True,True
Mar,2,2,1,8,New_Visitor,False,False
Jul,2,4,2,4,Returning_Visitor,False,False
Nov,1,1,9,3,Returning_Visitor,False,False
Nov,3,2,8,13,Returning_Visitor,True,False
Mar,2,4,1,1,Returning_Visitor,True,False
Mar,3,2,6,10,Returning_Visitor,False,True
Mar,1,1,3,3,Returning_Visitor,False,False
Nov,1,1,3,15,Returning_Visitor,False,False
May,2,4,2,3,Returning_Visitor,False,False
Nov,2,2,9,1,Returning_Visitor,False,False
Nov,2,2,1,2,Returning_Visitor,False,False
Nov,2,5,3,4,Returning_Visitor,True,False
May,1,1,1,4,New_Visitor,False,True
Mar,3,2,3,1,Returning_Visitor,False,False
May,2,4,1,2,Returning_Visitor,True,False
Dec,1,2,1,1,Returning_Visitor,True,False
May,2,2,1,4,Returning_Visitor,False,False
May,2,2,7,4,Returning_Visitor,True,False
Nov,2,10,1,3,Returning_Visitor,False,False
May,2,2,3,13,Returning_Visitor,False,False
Mar,2,4,1,3,Returning_Visitor,False,True
May,2,2,5,4,Returning_Visitor,True,False
May,3,2,3,13,Returning_Visitor,False,False
Feb,2,4,1,3,Returning_Visitor,False,False
Nov,2,4,7,6,Returning_Visitor,True,False
Mar,2,2,6,1,Returning_Visitor,False,False
Mar,2,4,1,2,Returning_Visitor,False,False
Dec,1,1,4,8,Returning_Visitor,False,False
Mar,3,2,1,1,Returning_Visitor,False,False
Mar,2,2,3,1,Returning_Visitor,False,False
May,2,2,4,11,Returning_Visitor,False,False
May,2,5,3,6,Returning_Visitor,False,False
Nov,2,4,1,8,Returning_Visitor,False,False
Mar,2,2,1,1,Returning_Visitor,True,False
Nov,2,2,3,1,Returning_Visitor,False,False
May,2,2,9,2,New_Visitor,False,True
Nov,2,4,4,2,Returning_Visitor,True,False
Mar,2,2,3,1,Returning_Visitor,False,False
May,2,2,1,4,New_Visitor,False,True
May,2,2,3,4,Returning_Visitor,True,True
May,1,1,1,3,Returning_Visitor,False,False
May,2,2,7,2,Returning_Visitor,False,True
May,1,1,1,3,Returning_Visitor,False,False
Nov,1,1,6,2,Returning_Visitor,True,False
Nov,3,2,1,2,Returning_Visitor,False,False
Oct,2,2,8,1,Returning_Visitor,True,True
Dec,3,2,1,2,Returning_Visitor,True,False
May,3,2,1,4,Returning_Visitor,False,False
May,2,2,3,4,Returning_Visitor,False,False
Nov,1,1,3,3,Returning_Visitor,False,False
May,1,1,1,3,Returning_Visitor,False,False
May,4,1,1,1,Returning_Visitor,False,False
May,2,2,1,2,Returning_Visitor,False,True
Oct,2,6,1,1,Returning_Visitor,False,False
June,4,1,4,1,Returning_Visitor,False,False
Dec,3,2,1,2,New_Visitor,False,False
Nov,1,1,1,2,Returning_Visitor,False,True
May,2,2,7,4,Returning_Visitor,False,False
Dec,1,1,1,1,Returning_Visitor,False,False
Feb,2,2,2,3,Returning_Visitor,False,False
Dec,1,1,1,1,Returning_Visitor,False,False
Feb,2,2,1,3,Returning_Visitor,False,False
Nov,2,2,4,8,Returning_Visitor,False,False
Dec,2,13,9,20,Returning_Visitor,False,False
Nov,2,5,6,11,Returning_Visitor,True,False
Mar,2,2,1,2,New_Visitor,True,False
Nov,2,2,4,8,New_Visitor,False,True
Nov,1,1,1,2,Returning_Visitor,False,True
Dec,2,2,4,10,Returning_Visitor,False,True
Nov,1,2,2,4,Returning_Visitor,False,False
Feb,3,2,4,1,Returning_Visitor,False,False
Oct,2,2,7,2,New_Visitor,True,True
Nov,1,1,5,10,Returning_Visitor,True,False
May,2,5,7,6,Returning_Visitor,True,False
Nov,3,2,1,13,Returning_Visitor,True,False
May,3,2,3,11,Returning_Visitor,True,False
May,2,2,1,19,Returning_Visitor,False,False
May,4,1,1,3,Returning_Visitor,False,False
May,2,2,1,1,Returning_Visitor,False,False
Oct,1,1,2,2,New_Visitor,False,False
May,3,2,1,4,Returning_Visitor,False,False
Dec,1,1,6,2,Returning_Visitor,False,False
May,1,1,1,1,Returning_Visitor,True,False
Dec,3,2,1,2,New_Visitor,True,False
Oct,2,2,1,1,Returning_Visitor,False,False
May,2,2,1,6,Returning_Visitor,True,False
Nov,2,2,1,2,Returning_Visitor,False,False
Jul,2,2,2,2,New_Visitor,True,False
May,1,1,3,3,Returning_Visitor,False,False
Jul,2,4,4,1,Returning_Visitor,False,False
Mar,2,5,6,2,Returning_Visitor,False,False
Sep,2,2,6,1,Returning_Visitor,True,False
Mar,1,1,8,2,New_Visitor,False,False
Dec,2,2,7,1,Returning_Visitor,False,False
May,6,5,3,2,Returning_Visitor,True,False
Dec,1,1,6,2,Returning_Visitor,False,False
Mar,1,1,7,8,Returning_Visitor,False,False
May,1,1,1,2,Returning_Visitor,True,False
Nov,2,2,1,3,Returning_Visitor,False,False
Sep,3,2,3,4,Returning_Visitor,False,True
May,2,2,4,4,Returning_Visitor,False,False
Mar,2,2,3,1,Returning_Visitor,False,True
Jul,2,2,3,4,Returning_Visitor,False,True
Mar,1,1,1,1,Returning_Visitor,False,False
May,2,2,7,1,Returning_Visitor,True,False
May,3,2,3,13,Returning_Visitor,False,False
May,1,1,1,6,Returning_Visitor,False,False
Dec,2,5,1,1,Returning_Visitor,False,False
Dec,1,1,1,2,New_Visitor,False,True
Dec,1,1,1,2,Returning_Visitor,False,False
Nov,1,2,1,2,Returning_Visitor,False,True
Jul,3,2,3,13,Returning_Visitor,False,False
Dec,2,1,1,2,Returning_Visitor,False,True
Nov,3,2,1,8,New_Visitor,True,False
Nov,2,5,1,1,Returning_Visitor,False,False
Nov,2,5,3,8,Returning_Visitor,False,False
Nov,3,2,1,20,Returning_Visitor,False,False
Dec,2,2,1,2,Returning_Visitor,False,False
Sep,2,2,1,2,Returning_Visitor,True,True
Jul,2,4,4,1,Returning_Visitor,False,False
Oct,2,2,1,5,Returning_Visitor,False,False
Nov,2,2,3,2,Returning_Visitor,False,False
Dec,2,2,1,2,Returning_Visitor,True,False
Sep,2,2,8,2,New_Visitor,False,False
Sep,2,2,1,2,Returning_Visitor,False,True
Nov,2,2,2,2,New_Visitor,False,True
May,2,2,1,1,Returning_Visitor,False,False
Dec,2,2,3,2,New_Visitor,False,False
May,2,2,4,3,Returning_Visitor,False,False
Jul,2,2,7,1,Returning_Visitor,True,True
Dec,2,2,1,10,Other,False,False
May,3,2,3,2,Returning_Visitor,False,False
Nov,2,2,7,2,Returning_Visitor,False,False
Mar,2,2,1,8,Returning_Visitor,False,True
Dec,1,1,1,10,Returning_Visitor,True,False
Nov,1,1,3,3,New_Visitor,False,False
Nov,2,5,6,1,Returning_Visitor,True,False
Nov,2,2,4,2,Returning_Visitor,False,False
Mar,1,2,7,8,Returning_Visitor,False,False
Oct,2,4,9,2,Returning_Visitor,False,False
Aug,2,4,7,2,Returning_Visitor,False,False
Jul,2,2,7,1,Returning_Visitor,False,False
May,1,1,1,3,Returning_Visitor,True,False
Mar,3,2,8,11,Returning_Visitor,False,False
Jul,3,2,2,3,Returning_Visitor,False,False
May,2,2,1,13,Returning_Visitor,False,False
Nov,3,2,1,20,Returning_Visitor,False,False
Feb,2,2,1,3,Returning_Visitor,False,False
May,2,2,4,13,Returning_Visitor,False,True
May,2,6,2,13,Returning_Visitor,False,False
Mar,2,2,3,3,Returning_Visitor,False,False
June,2,2,3,1,Returning_Visitor,False,False
May,3,2,3,13,Returning_Visitor,False,False
Mar,1,1,3,9,Returning_Visitor,True,False
Oct,1,8,3,1,Returning_Visitor,True,False
Sep,2,2,3,5,New_Visitor,False,False
Dec,2,2,4,2,New_Visitor,False,True
Mar,2,2,1,2,Returning_Visitor,False,True
May,1,1,1,3,New_Visitor,False,True
Mar,2,2,7,10,Returning_Visitor,False,False
May,2,2,4,2,New_Visitor,False,True
May,2,6,1,2,Returning_Visitor,False,False
Mar,2,2,1,1,Returning_Visitor,False,False
Aug,3,2,4,4,Returning_Visitor,True,True
Nov,2,2,2,13,Returning_Visitor,True,False
May,2,2,1,13,Returning_Visitor,False,False
Dec,1,1,1,10,Returning_Visitor,False,False
Mar,3,6,1,9,Returning_Visitor,True,False
May,1,1,1,4,Returning_Visitor,False,False
Sep,3,2,1,1,Returning_Visitor,False,False
Sep,2,4,7,4,Returning_Visitor,False,False
Nov,2,2,1,3,Returning_Visitor,False,False
Dec,1,1,1,2,Returning_Visitor,False,False
Dec,2,2,4,1,Returning_Visitor,False,False
Nov,3,2,5,2,New_Visitor,False,False
May,1,1,1,17,Returning_Visitor,True,False
Dec,2,2,2,2,Returning_Visitor,False,False
May,2,5,3,2,New_Visitor,False,False
Mar,1,1,1,3,Returning_Visitor,False,False
Nov,2,2,6,2,Returning_Visitor,True,True
Oct,3,2,1,1,Returning_Visitor,False,True
Dec,2,2,1,2,New_Visitor,False,True
Oct,2,2,1,2,New_Visitor,True,False
May,2,2,6,11,Returning_Visitor,False,False
May,1,1,1,3,Returning_Visitor,False,False
Nov,2,2,1,1,Returning_Visitor,False,True
Nov,2,2,2,1,Returning_Visitor,False,False
Mar,2,2,4,1,Returning_Visitor,False,False
May,2,2,3,1,Returning_Visitor,False,False
Mar,2,2,1,1,Returning_Visitor,False,False
Nov,4,2,1,3,Returning_Visitor,False,False
May,2,2,3,3,Returning_Visitor,False,False
Mar,4,1,3,2,Returning_Visitor,True,False
Mar,2,4,4,1,Returning_Visitor,False,False
Nov,2,2,1,13,Returning_Visitor,False,False
Jul,1,1,3,1,Returning_Visitor,False,False
Mar,1,1,6,1,Returning_Visitor,True,False
Nov,2,2,3,2,Returning_Visitor,True,True
Mar,3,2,1,3,Returning_Visitor,False,False
Jul,2,2,6,13,Returning_Visitor,False,False
Mar,1,1,3,2,Returning_Visitor,True,False
May,2,2,3,2,New_Visitor,False,False
Dec,2,2,1,1,Returning_Visitor,True,False
May,2,2,5,2,New_Visitor,False,True
May,2,5,3,2,Returning_Visitor,False,False
May,2,2,1,3,Returning_Visitor,False,False
Dec,2,2,3,2,Returning_Visitor,False,False
Nov,2,2,1,2,Returning_Visitor,False,False
May,2,2,2,1,Returning_Visitor,False,False
Nov,2,2,7,4,Returning_Visitor,True,True
Nov,3,2,3,1,Returning_Visitor,False,False
Nov,3,2,4,13,Returning_Visitor,False,False
May,2,2,4,2,Returning_Visitor,False,False
Nov,2,2,6,2,Returning_Visitor,False,True
Nov,1,1,1,2,New_Visitor,False,False
Nov,3,2,1,11,New_Visitor,True,False
May,2,10,4,2,Returning_Visitor,False,False
Dec,3,2,8,1,Returning_Visitor,False,False
Mar,2,2,9,2,New_Visitor,False,True
June,4,2,1,3,Returning_Visitor,False,False
May,1,1,1,5,New_Visitor,False,False
Nov,3,2,3,2,Returning_Visitor,False,True
Dec,2,2,7,2,New_Visitor,False,False
Nov,3,2,1,2,Returning_Visitor,False,False
Nov,2,2,2,2,Returning_Visitor,True,False
May,3,2,4,13,Returning_Visitor,False,False
May,4,1,7,2,Returning_Visitor,True,False
Mar,2,2,1,7,Returning_Visitor,False,True
Nov,1,1,3,2,New_Visitor,False,False
Dec,1,2,1,8,Returning_Visitor,True,True
Nov,2,5,1,3,New_Visitor,False,True
May,1,1,1,2,Returning_Visitor,True,False
Nov,2,4,9,8,New_Visitor,True,True
Nov,3,2,2,2,Returning_Visitor,False,False
Mar,2,6,4,1,Returning_Visitor,True,False
Mar,2,2,3,2,New_Visitor,True,False
Dec,1,1,3,8,New_Visitor,False,False
Dec,3,12,9,2,Returning_Visitor,False,True
May,1,1,6,4,Returning_Visitor,False,True
Feb,3,2,1,1,Returning_Visitor,False,False
May,2,2,1,2,Returning_Visitor,False,False
Mar,2,2,1,10,Returning_Visitor,False,True
May,2,2,1,1,Returning_Visitor,True,False
Nov,3,2,1,10,Returning_Visitor,False,False
Mar,2,2,6,1,Returning_Visitor,False,False
Nov,2,2,1,1,Returning_Visitor,False,True
Dec,2,2,3,6,Returning_Visitor,False,True
Nov,2,10,7,1,Returning_Visitor,False,False
Nov,2,7,8,3,Returning_Visitor,False,False
Nov,2,2,4,2,Returning_Visitor,False,False
May,2,2,4,13,Returning_Visitor,False,False
Nov,2,4,9,3,Returning_Visitor,False,False
Nov,2,2,1,1,Returning_Visitor,False,True
Nov,1,1,1,2,Returning_Visitor,False,False
Mar,3,2,2,3,New_Visitor,False,False
Dec,2,2,8,2,Returning_Visitor,False,True
Oct,1,1,1,1,Returning_Visitor,True,False
Aug,2,2,1,2,Returning_Visitor,False,False
Mar,2,2,7,3,Returning_Visitor,True,False
Nov,2,5,3,11,Returning_Visitor,False,True
Mar,3,2,7,1,Returning_Visitor,True,False
May,2,2,6,4,New_Visitor,False,False
Dec,2,2,3,1,Returning_Visitor,True,False
Sep,2,4,1,1,Returning_Visitor,False,True
Aug,2,2,3,13,Returning_Visitor,False,False
Dec,2,2,3,2,New_Visitor,True,False
Nov,2,4,1,2,Returning_Visitor,True,False
Nov,1,1,4,2,Returning_Visitor,False,False
Mar,2,2,3,2,Returning_Visitor,False,False
Nov,2,2,3,6,Returning_Visitor,False,False
Dec,3,2,2,13,Returning_Visitor,False,False
May,2,2,6,4,Returning_Visitor,False,False
Nov,2,2,3,2,Returning_Visitor,True,False
Oct,2,6,4,2,Returning_Visitor,False,True
May,2,2,1,2,Returning_Visitor,False,True
Jul,1,1,1,2,Returning_Visitor,False,False
May,3,2,1,13,Returning_Visitor,False,False
Mar,2,2,1,10,Returning_Visitor,False,False
Nov,1,1,1,2,Returning_Visitor,False,False
Nov,1,1,1,2,Returning_Visitor,False,False
Sep,1,1,4,3,Returning_Visitor,False,False
Sep,2,2,8,1,Returning_Visitor,False,False
May,1,1,1,3,Returning_Visitor,False,False
Nov,2,2,2,2,Returning_Visitor,True,True
Mar,3,2,3,9,Returning_Visitor,True,False
Nov,2,2,3,2,Returning_Visitor,True,True
Oct,1,1,3,2,Returning_Visitor,False,False
Jul,3,2,1,2,Returning_Visitor,True,False
Mar,2,2,1,8,New_Visitor,False,False
Mar,1,1,2,1,Returning_Visitor,False,False
May,1,8,3,3,Returning_Visitor,True,False
Nov,3,2,1,1,Returning_Visitor,False,False
Dec,1,1,1,2,Returning_Visitor,False,False
Aug,4,1,1,4,Returning_Visitor,False,False
Nov,1,1,1,8,Returning_Visitor,True,False
Nov,1,1,2,2,Returning_Visitor,False,False
Nov,2,2,2,2,Returning_Visitor,False,True
Nov,1,1,1,3,Returning_Visitor,True,False
Nov,1,1,2,2,New_Visitor,False,True
Sep,1,8,1,1,Returning_Visitor,False,False
Dec,3,2,1,20,New_Visitor,False,False
May,2,5,6,6,Returning_Visitor,False,False
Dec,3,2,4,1,Returning_Visitor,False,False
Dec,1,1,6,2,New_Visitor,False,True
May,1,1,1,2,Returning_Visitor,False,True
Nov,2,2,1,2,Returning_Visitor,True,False
May,2,2,1,4,New_Visitor,False,False
June,2,2,1,3,Returning_Visitor,False,False
Dec,4,1,1,2,New_Visitor,True,False
Nov,2,2,1,13,New_Visitor,False,False
May,2,2,7,3,Returning_Visitor,False,False
Mar,2,2,1,8,New_Visitor,False,False
Sep,2,2,5,2,New_Visitor,False,True
Dec,1,1,2,2,Returning_Visitor,False,False
Jul,3,2,8,1,Returning_Visitor,True,False
Nov,3,2,9,20,Returning_Visitor,False,False
May,1,1,4,2,Returning_Visitor,False,False
Mar,2,2,1,2,Returning_Visitor,False,False
Mar,4,1,1,2,Returning_Visitor,False,True
Sep,3,2,1,5,Returning_Visitor,True,False
Mar,2,2,8,2,Returning_Visitor,False,False
May,2,2,7,1,Returning_Visitor,False,False
Mar,2,2,4,3,Returning_Visitor,True,False
Mar,2,2,1,1,Returning_Visitor,False,False
Dec,2,2,2,2,Returning_Visitor,False,False
May,2,2,6,13,Returning_Visitor,False,False
Aug,1,1,4,3,Returning_Visitor,False,False
Mar,3,2,2,1,Returning_Visitor,False,False
May,2,2,7,3,New_Visitor,False,False
May,2,2,1,4,Returning_Visitor,False,False
May,2,2,6,4,Returning_Visitor,False,True
Dec,3,2,3,1,Returning_Visitor,False,False
Nov,2,7,2,1,Returning_Visitor,False,False
Dec,2,2,8,1,Returning_Visitor,False,False
Dec,3,2,3,1,Returning_Visitor,True,False
June,1,1,2,2,Returning_Visitor,False,True
Sep,2,2,7,1,Returning_Visitor,False,False
May,2,2,5,2,Returning_Visitor,False,False
Nov,2,2,3,2,Returning_Visitor,False,False
May,3,2,3,4,Returning_Visitor,False,False
Nov,2,2,2,1,Returning_Visitor,False,True
Dec,1,1,1,3,Returning_Visitor,False,False
Dec,2,2,9,3,Returning_Visitor,True,False
June,2,4,9,3,Returning_Visitor,False,False
Oct,2,2,3,2,New_Visitor,False,False
May,3,2,1,5,Returning_Visitor,True,False
May,2,2,3,2,Returning_Visitor,False,True
Nov,1,1,4,10,Returning_Visitor,False,False
May,2,2,8,2,Returning_Visitor,False,True
Sep,2,10,2,1,Returning_Visitor,False,True
Dec,1,8,4,6,Returning_Visitor,False,False
Nov,3,2,4,1,Other,False,False
Dec,4,1,1,2,Returning_Visitor,False,False
Nov,2,5,1,2,Returning_Visitor,False,False
Dec,2,4,7,20,Returning_Visitor,False,False
May,3,2,8,2,Returning_Visitor,False,False
Dec,2,2,1,2,New_Visitor,False,False
Mar,3,2,8,10,Returning_Visitor,False,False
Oct,2,2,1,2,New_Visitor,True,False
Nov,2,2,4,1,Returning_Visitor,False,False
Mar,2,2,4,3,Returning_Visitor,False,False
Mar,7,1,6,1,Returning_Visitor,True,False
May,2,2,1,2,Returning_Visitor,False,False
Mar,3,3,1,2,Returning_Visitor,False,False
May,1,1,1,2,New_Visitor,True,False
Oct,2,2,3,1,Returning_Visitor,False,False
Jul,3,2,1,2,Returning_Visitor,True,True
Nov,2,4,2,8,Returning_Visitor,False,False
Nov,2,2,1,2,Returning_Visitor,False,False
Nov,1,8,7,1,Returning_Visitor,False,False
Nov,2,10,2,2,Returning_Visitor,False,False
Mar,2,2,6,3,Returning_Visitor,True,False
Oct,3,2,1,20,Returning_Visitor,False,False
Aug,2,2,3,13,Returning_Visitor,False,False
May,1,1,1,3,Returning_Visitor,False,False
May,2,4,1,2,New_Visitor,False,False
May,3,3,3,1,Returning_Visitor,False,False
Oct,3,2,1,5,Returning_Visitor,False,False
Mar,1,2,9,8,Returning_Visitor,False,False
May,2,2,5,4,Returning_Visitor,False,False
Mar,2,2,1,2,Returning_Visitor,False,False
May,2,5,1,3,Returning_Visitor,False,False
Mar,2,2,3,8,Returning_Visitor,False,False
Oct,2,5,4,2,Returning_Visitor,False,False
Nov,1,1,8,3,Returning_Visitor,False,False
Nov,2,5,1,10,New_Visitor,False,True
Oct,3,2,1,2,New_Visitor,False,False
Sep,1,1,9,3,Returning_Visitor,False,False
Mar,2,2,1,2,Returning_Visitor,False,False
Feb,2,2,1,3,Returning_Visitor,False,False
Nov,2,2,1,2,Returning_Visitor,False,True
Jul,3,2,1,13,Returning_Visitor,False,False
Nov,2,2,7,10,Returning_Visitor,True,True
Mar,1,1,1,3,Returning_Visitor,False,False
Sep,2,2,1,1,Returning_Visitor,False,False
Oct,3,2,1,2,Returning_Visitor,True,False
Dec,2,5,3,2,Returning_Visitor,False,False
Dec,3,2,7,3,Returning_Visitor,False,False
Nov,1,1,4,1,Returning_Visitor,False,False
Aug,2,2,2,1,Returning_Visitor,True,False
May,2,2,1,4,Returning_Visitor,False,False
May,2,2,1,2,Returning_Visitor,False,False
Dec,3,2,6,6,New_Visitor,False,False
Nov,2,2,1,1,Returning_Visitor,False,False
Mar,2,2,4,1,Returning_Visitor,False,False
Mar,2,2,7,1,Returning_Visitor,False,False
Feb,3,2,1,3,Returning_Visitor,False,False
Dec,2,2,3,10,Returning_Visitor,True,False
Nov,1,1,1,2,Returning_Visitor,False,False
Sep,4,1,7,1,Returning_Visitor,False,False
Nov,3,2,3,11,Returning_Visitor,True,False
May,3,2,1,3,Returning_Visitor,False,False
Jul,2,2,3,1,Returning_Visitor,False,False
Nov,1,1,9,3,Returning_Visitor,False,False
Aug,1,1,4,5,New_Visitor,False,False
May,3,2,2,4,Returning_Visitor,False,False
Dec,2,2,3,2,New_Visitor,False,False
Aug,2,2,3,3,Returning_Visitor,False,False
Dec,3,3,5,1,Returning_Visitor,True,False
May,1,1,2,3,Returning_Visitor,True,False
Nov,4,1,9,3,Returning_Visitor,False,False
May,3,2,1,4,Returning_Visitor,False,False
Mar,2,4,1,10,Returning_Visitor,False,False
Aug,2,2,1,4,Returning_Visitor,False,False
May,2,4,3,3,Returning_Visitor,False,False
Nov,1,1,3,2,New_Visitor,False,False
Nov,2,5,1,2,Returning_Visitor,False,True
Mar,2,2,1,1,Returning_Visitor,False,False
Nov,2,4,7,2,Returning_Visitor,False,False
Nov,1,2,3,3,Returning_Visitor,False,True
Mar,3,2,4,2,Returning_Visitor,False,False
Feb,1,1,3,3,Returning_Visitor,False,False
Mar,2,2,1,2,Returning_Visitor,True,True
Feb,1,1,3,3,Returning_Visitor,False,False
May,2,2,1,3,Returning_Visitor,True,False
Nov,2,2,3,2,Returning_Visitor,False,False
Feb,1,1,1,3,Returning_Visitor,False,False
Mar,1,1,1,2,Returning_Visitor,False,False
Nov,2,5,6,2,Returning_Visitor,True,False
May,2,4,3,3,Returning_Visitor,False,False
Mar,2,2,1,1,Returning_Visitor,False,False
Nov,1,1,3,8,Returning_Visitor,False,False
Nov,2,2,4,2,Returning_Visitor,False,True
May,2,2,3,13,Returning_Visitor,False,False
May,2,2,4,1,Returning_Visitor,False,False
Oct,1,1,3,2,New_Visitor,False,False
May,2,2,1,1,Returning_Visitor,False,False
Nov,2,2,1,2,Returning_Visitor,False,False
Nov,2,2,4,4,Returning_Visitor,False,False
May,2,2,3,2,Returning_Visitor,False,False
Mar,2,5,1,3,Returning_Visitor,True,False
Nov,2,2,4,2,Returning_Visitor,False,False
May,2,2,2,13,Returning_Visitor,False,False
Mar,3,2,1,1,Returning_Visitor,False,False
Nov,3,2,1,8,New_Visitor,True,False
May,2,2,1,20,Returning_Visitor,False,False
Dec,2,2,7,2,New_Visitor,False,True
Dec,3,12,1,1,Returning_Visitor,True,False
Nov,3,2,7,13,Returning_Visitor,False,False
Dec,3,2,6,2,Returning_Visitor,True,False
Nov,1,1,3,2,New_Visitor,False,False
Dec,1,2,1,1,Returning_Visitor,False,True
Jul,2,10,2,2,Returning_Visitor,True,False
Jul,1,1,1,2,Returning_Visitor,False,False
Oct,4,1,3,1,Returning_Visitor,False,False
May,1,1,6,3,Returning_Visitor,False,False
Oct,1,1,1,4,Returning_Visitor,False,False
Nov,2,2,1,10,Returning_Visitor,False,False
Nov,2,4,3,2,New_Visitor,False,False
Jul,3,2,1,1,Returning_Visitor,False,False
Sep,3,2,5,2,Returning_Visitor,False,False
May,2,4,1,6,Returning_Visitor,False,False
Sep,3,2,4,3,Returning_Visitor,False,False
Mar,4,5,1,3,Returning_Visitor,True,False
May,2,2,1,2,Returning_Visitor,False,False
Aug,2,2,3,3,Returning_Visitor,False,False
Nov,8,6,1,6,Returning_Visitor,False,False
Dec,1,1,1,3,Returning_Visitor,False,False
Nov,3,2,1,2,Returning_Visitor,False,True
Jul,2,5,1,1,Returning_Visitor,False,False
Jul,2,2,2,2,New_Visitor,False,False
Dec,1,2,7,2,Returning_Visitor,False,False
Nov,2,2,6,2,New_Visitor,False,False
May,3,2,1,1,Returning_Visitor,False,False
Dec,8,13,9,20,Other,False,True
Dec,2,2,1,2,Returning_Visitor,False,False
May,1,1,1,1,Returning_Visitor,False,False
May,2,2,2,4,Returning_Visitor,False,False
Mar,3,2,1,2,New_Visitor,True,False
Nov,2,2,3,1,Returning_Visitor,False,False
Mar,2,2,1,2,Returning_Visitor,False,True
Mar,2,2,6,1,Returning_Visitor,False,False
May,2,4,5,6,Returning_Visitor,False,False
Dec,2,1,1,2,Returning_Visitor,False,True
May,2,2,1,3,New_Visitor,False,True
May,2,2,3,1,Returning_Visitor,False,False
Mar,2,4,7,10,Returning_Visitor,False,False
Mar,2,4,3,3,Returning_Visitor,False,False
Aug,4,1,3,1,Returning_Visitor,True,False
Nov,3,2,4,2,Returning_Visitor,False,False
Mar,2,10,7,2,Returning_Visitor,False,False
Nov,2,2,1,2,Returning_Visitor,False,True
May,2,2,1,1,Returning_Visitor,False,False
Jul,3,2,2,5,New_Visitor,True,False
Jul,2,2,1,3,Returning_Visitor,False,False
Mar,1,1,1,2,Returning_Visitor,False,False
May,3,2,3,2,New_Visitor,False,False
Oct,2,4,1,1,Returning_Visitor,True,False
Sep,2,2,3,13,Returning_Visitor,False,False
Mar,2,2,3,2,Returning_Visitor,False,False
Oct,1,1,2,4,Returning_Visitor,False,True
May,1,1,4,3,Returning_Visitor,False,False
Aug,2,2,7,2,New_Visitor,False,False
May,1,2,3,4,Returning_Visitor,False,False
Aug,2,2,4,1,Returning_Visitor,False,False
Nov,1,1,5,2,Returning_Visitor,False,True
Mar,1,1,3,1,Returning_Visitor,False,False
May,2,2,3,2,Returning_Visitor,False,False
May,1,1,1,4,Returning_Visitor,True,False
Nov,3,2,1,10,Returning_Visitor,False,True
Feb,2,4,3,3,Returning_Visitor,False,False
Mar,2,2,3,14,Returning_Visitor,False,False
Aug,2,5,7,4,Returning_Visitor,False,False
Mar,2,2,1,2,Returning_Visitor,False,False
Aug,3,2,1,2,Returning_Visitor,True,False
Nov,2,4,9,3,New_Visitor,False,False
Jul,2,10,2,6,Returning_Visitor,False,False
Nov,3,2,3,1,Returning_Visitor,False,False
Dec,2,2,7,1,Returning_Visitor,False,False
May,2,2,1,6,Returning_Visitor,False,False
Oct,3,2,1,13,Returning_Visitor,True,False
Nov,3,2,1,2,Returning_Visitor,False,True
Dec,2,2,7,1,Returning_Visitor,True,False
May,1,1,1,3,New_Visitor,True,False
Mar,3,2,3,10,Returning_Visitor,False,False
Nov,1,8,1,11,New_Visitor,False,True
Jul,3,2,1,5,Returning_Visitor,True,False
June,2,2,2,13,Returning_Visitor,False,False
Mar,1,2,1,2,Returning_Visitor,False,False
Nov,2,2,7,2,Returning_Visitor,False,False
Sep,2,2,9,3,Returning_Visitor,False,False
Dec,2,2,3,2,Returning_Visitor,False,False
May,2,4,3,2,Returning_Visitor,False,False
Mar,3,2,1,10,Returning_Visitor,False,False
Nov,2,2,3,3,Returning_Visitor,False,True
Oct,2,2,1,1,Returning_Visitor,False,False
Dec,3,2,4,6,Returning_Visitor,False,False
Mar,2,2,1,1,Returning_Visitor,False,False
May,2,2,4,2,Returning_Visitor,True,False
June,2,2,3,13,Returning_Visitor,False,False
Nov,2,2,3,10,Returning_Visitor,False,True
Nov,2,2,1,1,Returning_Visitor,False,False
Dec,2,2,1,1,Returning_Visitor,False,False
Mar,1,1,2,3,Returning_Visitor,False,False
May,3,2,7,4,Returning_Visitor,False,False
Dec,1,1,3,2,Returning_Visitor,False,False
Oct,1,1,3,2,Returning_Visitor,False,False
Dec,2,2,1,10,Returning_Visitor,True,True
May,4,1,3,3,Returning_Visitor,False,False
Nov,2,2,1,1,Returning_Visitor,False,False
Dec,2,2,5,2,New_Visitor,True,False
May,2,5,1,3,Returning_Visitor,False,False
May,2,4,4,2,Returning_Visitor,False,False
Dec,2,2,1,3,Returning_Visitor,False,False
Nov,2,2,9,13,Returning_Visitor,False,False
Nov,2,2,1,6,Returning_Visitor,False,False
Nov,2,2,1,2,Returning_Visitor,False,False
Feb,2,4,4,4,Returning_Visitor,False,False
May,2,2,8,1,Returning_Visitor,False,False
Aug,1,1,3,3,Returning_Visitor,False,False
May,2,2,2,3,Returning_Visitor,False,False
Nov,3,2,1,3,Returning_Visitor,False,False
Nov,1,1,3,10,Returning_Visitor,True,False
Nov,2,2,1,1,Returning_Visitor,False,True
May,2,4,1,2,New_Visitor,False,False
May,2,2,1,2,New_Visitor,True,False
Mar,2,7,2,2,Returning_Visitor,True,True
Mar,2,2,3,10,Returning_Visitor,False,False
Mar,1,1,6,3,Returning_Visitor,False,False
Nov,2,2,1,11,Returning_Visitor,False,False
May,1,1,7,4,Returning_Visitor,False,False
Mar,2,5,3,1,Returning_Visitor,False,True
Dec,3,2,1,8,Returning_Visitor,True,False
Mar,2,2,5,2,Returning_Visitor,False,False
Nov,1,1,8,10,Returning_Visitor,False,False
Dec,1,2,1,2,New_Visitor,True,False
Sep,2,2,6,4,New_Visitor,False,False
Nov,2,4,9,2,Returning_Visitor,False,False
Mar,3,2,6,3,Returning_Visitor,False,False
Nov,3,3,3,1,Returning_Visitor,False,False
Dec,1,1,4,3,Other,False,False
Dec,2,4,3,2,Returning_Visitor,False,False
Nov,2,2,2,1,Returning_Visitor,False,False
Nov,2,2,3,11,Returning_Visitor,False,True
May,3,2,4,2,Returning_Visitor,True,False
Nov,3,2,1,1,Returning_Visitor,False,False
Mar,2,2,4,1,Returning_Visitor,False,False
May,1,1,3,1,Returning_Visitor,False,False
May,2,4,1,3,Returning_Visitor,False,False
Dec,2,2,3,2,New_Visitor,False,True
Mar,2,2,3,13,Returning_Visitor,False,False
May,2,2,1,1,Returning_Visitor,True,False
Dec,2,5,6,2,Returning_Visitor,True,False
May,2,2,1,1,Returning_Visitor,False,False
May,2,2,6,3,Returning_Visitor,False,False
May,4,2,1,2,Returning_Visitor,True,False
Nov,3,2,3,3,Returning_Visitor,False,False
May,2,2,6,13,Returning_Visitor,False,False
Mar,2,4,3,1,Returning_Visitor,True,False
Nov,1,1,8,10,Returning_Visitor,True,False
Oct,2,2,1,2,Returning_Visitor,False,False
Mar,3,2,4,2,Returning_Visitor,False,True
May,2,7,1,6,Returning_Visitor,False,True
Nov,1,1,1,10,Returning_Visitor,False,False
Aug,2,2,1,5,New_Visitor,False,True
Mar,1,1,1,2,Returning_Visitor,True,False
Mar,2,4,3,1,Returning_Visitor,False,False
May,2,2,4,2,New_Visitor,True,True
Dec,2,4,8,2,New_Visitor,False,True
May,2,5,3,4,New_Visitor,True,False
Mar,2,6,1,1,Returning_Visitor,False,False
Oct,2,2,1,3,Returning_Visitor,False,False
Nov,4,2,1,1,Returning_Visitor,True,True
Jul,2,2,6,1,Returning_Visitor,False,True
May,2,2,6,13,Returning_Visitor,False,False
Nov,3,2,1,1,Returning_Visitor,False,False
May,2,2,1,2,Returning_Visitor,False,False
Dec,1,1,1,2,Returning_Visitor,False,True
Nov,4,1,1,2,Returning_Visitor,True,True
Mar,4,1,1,2,Returning_Visitor,True,False
Sep,2,2,6,2,New_Visitor,True,False
May,2,2,9,3,Returning_Visitor,False,False
May,3,2,1,15,Returning_Visitor,False,False
Feb,1,1,3,4,Returning_Visitor,False,False
May,3,2,9,4,Returning_Visitor,True,False
Oct,2,2,4,5,New_Visitor,False,False
Nov,1,1,1,3,Returning_Visitor,False,False
Oct,3,2,1,2,Returning_Visitor,True,False
Nov,3,2,1,10,Returning_Visitor,True,False
Mar,3,2,7,1,Returning_Visitor,False,False
Nov,2,5,3,8,New_Visitor,True,False
May,2,4,9,2,New_Visitor,False,True
Nov,3,2,8,2,Returning_Visitor,False,False
Oct,2,2,7,4,Returning_Visitor,False,True
Dec,2,2,1,2,New_Visitor,False,False
Nov,3,2,3,8,New_Visitor,True,False
Dec,2,4,4,1,Returning_Visitor,False,False
Oct,1,2,3,20,Returning_Visitor,False,True
May,2,4,2,3,Returning_Visitor,False,False
Dec,1,1,1,8,Returning_Visitor,False,False
Nov,2,2,3,13,Returning_Visitor,False,True
May,2,6,2,5,Returning_Visitor,True,False
Dec,3,2,1,1,Returning_Visitor,True,True
May,3,2,1,3,Returning_Visitor,True,False
Aug,1,1,4,2,New_Visitor,True,False
Oct,2,2,1,3,Returning_Visitor,False,False
Oct,3,2,2,1,Returning_Visitor,False,False
Mar,2,2,2,3,Returning_Visitor,False,False
Mar,2,2,3,2,Returning_Visitor,False,False
Sep,2,2,1,13,Returning_Visitor,False,False
May,2,2,1,1,Returning_Visitor,False,False
Mar,2,2,3,11,Returning_Visitor,True,False
Nov,2,2,4,3,Returning_Visitor,False,False
Mar,3,2,1,1,Returning_Visitor,False,False
May,2,2,5,6,Returning_Visitor,False,False
Dec,3,2,1,2,Returning_Visitor,False,False
May,3,2,2,2,Returning_Visitor,False,False
Nov,2,4,3,1,Returning_Visitor,False,False
May,2,10,2,5,New_Visitor,False,False
May,1,1,1,4,Returning_Visitor,True,False
May,1,1,1,4,Returning_Visitor,False,False
Jul,3,2,1,1,Returning_Visitor,False,False
May,2,5,3,3,Returning_Visitor,False,False
Mar,2,2,6,2,Returning_Visitor,False,False
Nov,1,1,1,3,Returning_Visitor,False,False
May,2,4,4,2,New_Visitor,True,False
Nov,3,2,6,3,Returning_Visitor,False,False
Feb,3,2,1,3,Returning_Visitor,False,False
May,2,2,1,1,Returning_Visitor,True,False
Dec,4,1,1,6,Returning_Visitor,True,False
Oct,2,2,7,3,New_Visitor,True,False
June,1,8,2,3,New_Visitor,True,False
June,2,2,1,4,Returning_Visitor,False,True
May,2,2,1,1,Returning_Visitor,False,True
May,2,10,7,4,Returning_Visitor,False,False
Aug,2,2,8,4,Returning_Visitor,False,True
May,2,4,7,1,Returning_Visitor,False,False
May,2,2,7,3,Returning_Visitor,True,False
Mar,2,2,1,3,Returning_Visitor,True,False
Sep,3,2,1,2,Returning_Visitor,False,False
Mar,2,2,6,1,Returning_Visitor,False,False
Nov,2,2,1,10,Returning_Visitor,True,False
Dec,3,2,4,2,New_Visitor,False,False
Nov,2,2,3,8,Returning_Visitor,False,False
Oct,3,2,8,4,Returning_Visitor,True,False
Oct,3,2,1,4,Returning_Visitor,True,False
Nov,4,2,7,2,Returning_Visitor,False,False
Mar,1,1,1,1,Returning_Visitor,False,False
May,2,2,2,13,Returning_Visitor,True,False
Aug,3,2,4,4,New_Visitor,False,False
Sep,2,4,1,3,Returning_Visitor,False,True
Nov,2,2,1,3,Returning_Visitor,True,False
Mar,1,1,2,2,Returning_Visitor,True,False
Nov,2,2,6,2,New_Visitor,False,False
Nov,2,2,9,2,Returning_Visitor,False,False
May,2,4,3,4,Returning_Visitor,False,False
Mar,1,5,7,1,Returning_Visitor,False,False
Nov,2,2,9,2,New_Visitor,False,False
Jul,3,2,6,2,Returning_Visitor,True,False
Mar,4,1,9,3,Returning_Visitor,True,False
Nov,2,7,5,1,Returning_Visitor,True,False
May,2,5,1,3,Returning_Visitor,False,False
Jul,1,1,1,2,New_Visitor,False,False
Nov,1,1,2,3,New_Visitor,True,True
Nov,3,2,2,1,Returning_Visitor,False,False
Nov,3,2,9,20,Returning_Visitor,True,False
Oct,2,2,1,2,Returning_Visitor,False,False
Dec,1,1,6,2,Returning_Visitor,False,False
Aug,4,1,1,1,Returning_Visitor,False,False
Nov,2,2,4,3,Returning_Visitor,False,False
Aug,2,10,1,2,Returning_Visitor,False,True
May,2,2,7,11,Returning_Visitor,False,False
Nov,3,2,1,3,Returning_Visitor,True,False
June,1,1,1,2,Returning_Visitor,False,False
Dec,1,1,1,2,Returning_Visitor,False,False
Nov,2,2,4,2,Returning_Visitor,False,False
Nov,2,2,1,1,Returning_Visitor,False,False
May,4,1,1,2,Returning_Visitor,False,False
Nov,2,2,5,2,Returning_Visitor,True,False
May,2,4,3,1,Returning_Visitor,True,False
Mar,3,2,1,9,Returning_Visitor,True,True
Nov,3,2,8,2,New_Visitor,False,False
May,1,1,1,3,Returning_Visitor,False,False
May,2,4,2,4,Returning_Visitor,True,True
Dec,3,3,3,2,New_Visitor,False,False
Nov,3,2,2,2,Returning_Visitor,False,True
Oct,1,1,6,2,New_Visitor,False,False
Mar,2,2,4,1,Returning_Visitor,False,False
Nov,2,2,5,6,Returning_Visitor,False,False
May,1,1,1,2,Returning_Visitor,False,False
Nov,1,1,3,10,Returning_Visitor,True,False
Nov,3,2,1,2,Returning_Visitor,True,False
May,2,5,4,4,Returning_Visitor,False,False
Aug,3,2,1,1,Returning_Visitor,True,False
Sep,1,1,1,3,Returning_Visitor,False,False
Oct,3,5,1,5,Returning_Visitor,False,False
Mar,2,2,3,6,Returning_Visitor,False,False
Dec,1,1,4,3,Returning_Visitor,True,False
Oct,2,2,3,4,Returning_Visitor,False,False
Jul,3,2,8,1,Returning_Visitor,True,False
Dec,3,2,6,2,New_Visitor,False,False
Nov,2,2,1,10,Returning_Visitor,False,False
Mar,3,2,1,9,Returning_Visitor,False,False
Nov,2,2,4,2,New_Visitor,True,False
Dec,2,2,1,1,Returning_Visitor,False,False
May,2,5,9,5,Returning_Visitor,False,False
Feb,2,4,1,3,Returning_Visitor,False,False
Nov,2,2,7,2,Returning_Visitor,False,False
May,1,1,1,2,Returning_Visitor,False,False
May,2,5,7,3,Returning_Visitor,False,False
Mar,2,2,2,1,Returning_Visitor,False,False
May,2,2,4,1,Returning_Visitor,False,False
May,2,2,1,1,Returning_Visitor,False,False
Mar,2,2,4,2,New_Visitor,False,True
Nov,1,1,3,3,New_Visitor,True,False
Dec,2,5,1,2,Returning_Visitor,False,False
Nov,1,1,1,3,Returning_Visitor,False,False
May,2,2,3,1,Returning_Visitor,False,False
May,3,2,1,2,Returning_Visitor,False,False
Feb,3,2,3,3,Returning_Visitor,False,False
Jul,2,2,6,1,Returning_Visitor,True,False
May,2,5,1,1,Returning_Visitor,False,False
Sep,2,2,6,1,Returning_Visitor,False,False
Mar,2,2,3,3,New_Visitor,True,False
Dec,2,2,1,6,Returning_Visitor,True,False
Nov,3,2,3,11,Returning_Visitor,True,False
Dec,3,2,3,2,Returning_Visitor,False,False
Nov,2,2,5,3,Returning_Visitor,True,False
Aug,3,2,1,3,Returning_Visitor,True,False
Jul,2,2,1,2,New_Visitor,False,False
May,1,1,2,2,Returning_Visitor,False,False
Mar,2,2,9,1,Returning_Visitor,False,False
Jul,1,1,1,2,New_Visitor,False,False
May,2,2,4,4,Returning_Visitor,False,False
Oct,2,2,3,1,Returning_Visitor,False,True
May,2,2,5,4,Returning_Visitor,False,False
May,3,2,2,19,Returning_Visitor,True,False
Nov,2,2,1,2,Returning_Visitor,False,False
May,2,2,3,4,Returning_Visitor,False,False
Feb,1,1,4,3,Returning_Visitor,False,False
May,2,2,1,13,Returning_Visitor,False,False
Mar,2,2,3,1,Returning_Visitor,False,False
Mar,1,1,7,2,New_Visitor,False,False
Aug,3,2,8,2,Returning_Visitor,False,False
Dec,2,2,1,2,New_Visitor,False,False
May,4,5,3,2,Returning_Visitor,False,False
May,3,2,9,2,Returning_Visitor,False,False
Nov,6,2,9,2,Returning_Visitor,False,False
Dec,3,2,7,1,Returning_Visitor,False,False
May,3,2,1,4,Returning_Visitor,True,False
Mar,1,1,1,9,Returning_Visitor,True,False
Sep,2,2,7,1,Returning_Visitor,False,True
Nov,3,2,1,3,Returning_Visitor,False,False
May,2,2,9,3,Returning_Visitor,False,False
Nov,1,1,3,5,New_Visitor,False,False
May,2,2,8,4,Returning_Visitor,False,False
May,2,2,1,13,Returning_Visitor,False,False
Nov,2,2,1,2,Returning_Visitor,False,False
Oct,2,2,2,2,New_Visitor,True,True
May,2,2,1,2,Returning_Visitor,False,False
Mar,3,2,1,1,Returning_Visitor,True,False
Aug,2,2,8,1,Returning_Visitor,True,False
Aug,1,1,1,1,Returning_Visitor,False,False
Mar,3,2,1,2,Returning_Visitor,False,False
May,3,2,5,1,Returning_Visitor,True,False
Nov,3,2,4,1,Returning_Visitor,True,False
May,2,2,1,1,Returning_Visitor,False,False
Mar,3,2,4,2,New_Visitor,False,False
Feb,3,2,1,3,Returning_Visitor,False,False
Nov,2,2,1,2,Returning_Visitor,False,False
Nov,2,2,5,4,Returning_Visitor,False,False
Nov,2,2,1,2,Returning_Visitor,False,True
Nov,1,1,1,1,Returning_Visitor,False,False
May,2,2,7,4,Returning_Visitor,False,False
Mar,1,2,1,2,Returning_Visitor,True,False
May,3,2,2,4,Returning_Visitor,True,False
May,2,2,1,3,Returning_Visitor,False,False
May,1,1,1,3,Returning_Visitor,False,False
May,2,2,7,3,Returning_Visitor,True,False
Dec,4,2,1,3,Returning_Visitor,False,False
Dec,2,2,6,2,Returning_Visitor,False,False
Nov,2,2,3,2,Returning_Visitor,True,False
May,2,2,6,6,New_Visitor,False,False
Sep,3,2,7,4,Returning_Visitor,True,False
Mar,1,4,1,8,New_Visitor,False,True
Mar,2,5,2,3,Returning_Visitor,False,False
Nov,1,1,1,3,Returning_Visitor,False,False
Sep,3,2,1,2,Returning_Visitor,True,True
Dec,2,4,3,1,Returning_Visitor,False,False
Mar,3,2,2,3,Returning_Visitor,True,False
Dec,1,2,5,3,Returning_Visitor,False,False
Sep,2,2,1,4,Returning_Visitor,False,True
Dec,1,1,1,10,Returning_Visitor,False,False
Mar,2,2,6,1,Returning_Visitor,False,True
May,2,2,6,1,Returning_Visitor,True,False
Nov,3,2,1,2,Returning_Visitor,False,False
May,2,5,7,3,Returning_Visitor,False,False
Nov,3,2,1,13,Returning_Visitor,False,False
Nov,2,2,3,2,Returning_Visitor,False,False
Mar,1,1,1,10,Returning_Visitor,False,True
Aug,1,1,1,20,Returning_Visitor,True,True
Nov,3,2,1,10,Returning_Visitor,False,True
May,2,4,7,2,Returning_Visitor,False,True
Jul,2,2,3,2,Returning_Visitor,True,False
June,2,2,5,2,New_Visitor,False,False
May,4,2,1,5,New_Visitor,False,False
Jul,2,2,7,13,Returning_Visitor,False,True
Sep,2,2,8,2,New_Visitor,True,False
May,1,1,6,3,New_Visitor,False,False
Dec,2,5,3,2,Returning_Visitor,False,False
Oct,1,1,3,2,New_Visitor,True,False
Nov,2,5,3,3,Returning_Visitor,True,False
Sep,1,1,6,2,New_Visitor,False,False
Mar,3,2,1,3,Returning_Visitor,False,False
May,1,1,4,6,Returning_Visitor,True,False
May,1,8,6,6,New_Visitor,False,False
Sep,2,5,9,5,New_Visitor,False,False
Dec,1,6,1,2,Returning_Visitor,False,False
Nov,2,2,7,2,Returning_Visitor,False,False
Dec,2,2,1,2,New_Visitor,True,False
Dec,4,1,1,2,Returning_Visitor,False,False
Nov,2,2,9,10,Returning_Visitor,False,False
Dec,2,2,1,2,Returning_Visitor,False,False
Nov,2,2,5,5,New_Visitor,False,False
May,1,1,1,2,Returning_Visitor,False,False
May,2,6,1,3,Returning_Visitor,False,False
Nov,2,2,1,3,Returning_Visitor,False,False
Feb,2,4,1,1,Returning_Visitor,False,False
Dec,3,2,1,2,Returning_Visitor,False,False
Mar,2,10,1,1,Returning_Visitor,False,False
Nov,2,2,1,13,Returning_Visitor,False,False
Mar,3,2,3,9,Returning_Visitor,True,False
Nov,2,10,7,2,New_Visitor,False,False
May,2,2,1,1,Returning_Visitor,False,False
Mar,2,2,1,2,Returning_Visitor,False,True
Mar,2,2,1,2,Returning_Visitor,False,False
May,1,1,2,4,Returning_Visitor,False,False
Mar,2,5,2,3,Returning_Visitor,False,False
Mar,4,1,4,3,Returning_Visitor,False,False
Dec,3,2,3,10,Returning_Visitor,False,False
Dec,2,5,1,1,Returning_Visitor,False,False
Aug,2,2,3,2,Returning_Visitor,False,True
Nov,1,8,2,6,New_Visitor,True,True
May,2,10,2,1,Returning_Visitor,True,False
May,2,2,1,4,Returning_Visitor,False,False
Aug,1,1,1,4,Returning_Visitor,True,False
Mar,1,1,1,2,Returning_Visitor,False,False
Nov,2,2,5,6,New_Visitor,False,True
May,2,5,1,4,Returning_Visitor,False,False
Aug,2,2,2,1,Returning_Visitor,False,False
Dec,2,2,8,8,New_Visitor,True,False
Dec,2,5,1,3,Returning_Visitor,False,False
Aug,2,2,5,4,Returning_Visitor,False,False
Jul,2,2,5,2,Returning_Visitor,True,False
May,2,2,1,4,Returning_Visitor,False,False
Nov,1,1,1,8,New_Visitor,True,False
Nov,2,2,3,2,New_Visitor,False,False
Dec,1,1,3,3,Returning_Visitor,False,False
Dec,2,2,1,2,Returning_Visitor,False,False
Nov,2,2,1,10,Returning_Visitor,False,True
May,4,2,3,4,Returning_Visitor,False,False
Nov,2,2,1,2,Returning_Visitor,False,True
Dec,2,2,4,1,Returning_Visitor,False,False
Oct,3,2,6,1,Returning_Visitor,True,False
Oct,2,2,3,3,Returning_Visitor,False,False
Nov,2,2,4,2,Returning_Visitor,True,True
Nov,2,2,1,1,Returning_Visitor,False,False
May,2,2,1,1,Returning_Visitor,False,False
May,3,2,3,4,Returning_Visitor,False,False
Nov,1,8,9,2,Returning_Visitor,False,False
Mar,2,2,4,2,Returning_Visitor,False,False
Nov,2,4,3,2,New_Visitor,False,False
May,2,2,6,6,Returning_Visitor,True,False
Oct,2,4,1,2,Returning_Visitor,False,True
Aug,1,2,1,4,Returning_Visitor,True,True
Dec,2,2,1,2,New_Visitor,False,True
Mar,2,2,3,3,Returning_Visitor,False,False
June,2,10,2,1,Returning_Visitor,False,False
May,3,2,8,6,Returning_Visitor,False,False
May,2,2,1,1,Returning_Visitor,False,False
Dec,1,2,1,1,Returning_Visitor,True,False
May,2,2,4,4,Returning_Visitor,True,False
May,3,2,1,1,Returning_Visitor,False,False
Nov,1,2,1,5,Returning_Visitor,False,False
May,2,5,5,1,Returning_Visitor,False,True
Dec,2,2,1,2,Returning_Visitor,False,False
May,2,2,3,4,Returning_Visitor,False,False
Nov,1,1,2,2,Returning_Visitor,False,False
Aug,1,1,3,3,Returning_Visitor,False,False
Nov,2,4,1,3,Returning_Visitor,False,False
Mar,2,2,1,1,Returning_Visitor,True,False
May,2,2,1,1,Returning_Visitor,True,False
May,2,5,5,2,Returning_Visitor,False,False
Sep,2,2,1,1,Returning_Visitor,False,False
May,3,2,3,6,Returning_Visitor,False,False
May,1,8,1,3,Returning_Visitor,False,False
Mar,3,2,6,2,Returning_Visitor,True,False
Mar,2,2,8,2,Returning_Visitor,False,False
Dec,1,1,8,1,Returning_Visitor,True,False
Aug,3,2,3,1,Returning_Visitor,False,True
May,3,2,1,3,Returning_Visitor,False,False
May,3,2,1,13,Returning_Visitor,False,False
May,2,5,1,1,Returning_Visitor,False,False
May,2,2,4,1,Returning_Visitor,False,False
Nov,3,2,1,3,Returning_Visitor,False,False
May,1,2,8,1,Returning_Visitor,False,False
May,2,2,8,3,New_Visitor,False,False
Nov,1,1,6,2,Returning_Visitor,False,True
Dec,4,6,4,2,Returning_Visitor,False,False
May,1,1,1,4,New_Visitor,False,False
Dec,2,2,7,2,New_Visitor,False,True
Nov,2,5,1,1,Returning_Visitor,True,True
Dec,1,1,7,2,Returning_Visitor,True,False
Nov,1,1,1,3,Returning_Visitor,False,False
Oct,3,2,3,2,Returning_Visitor,True,False
Dec,1,1,2,2,New_Visitor,False,False
Jul,2,2,9,4,Returning_Visitor,False,True
Nov,1,1,1,1,Returning_Visitor,False,False
May,2,2,7,2,Returning_Visitor,True,False
Aug,1,1,3,1,Returning_Visitor,False,False
Mar,1,1,8,1,Returning_Visitor,False,False
May,2,2,8,6,Returning_Visitor,True,False
May,2,2,1,13,Returning_Visitor,False,False
Oct,3,2,3,2,Returning_Visitor,False,False
Dec,2,2,1,2,Returning_Visitor,False,True
May,1,1,1,3,Returning_Visitor,False,False
Nov,3,2,2,10,Returning_Visitor,False,True
Dec,3,2,1,13,Returning_Visitor,False,False
Aug,2,2,4,2,Returning_Visitor,True,False
Dec,3,3,3,2,Returning_Visitor,False,False
Oct,1,1,7,3,New_Visitor,False,False
May,2,2,1,20,Returning_Visitor,True,False
May,1,2,9,4,Returning_Visitor,True,False
Mar,2,4,1,3,Returning_Visitor,True,False
Nov,2,2,5,1,Returning_Visitor,False,False
Mar,2,2,1,2,New_Visitor,False,False
May,1,1,3,2,Returning_Visitor,True,False
Mar,2,2,8,1,Returning_Visitor,False,False
Dec,1,1,6,3,Returning_Visitor,False,False
Dec,2,10,1,2,Returning_Visitor,False,True
Nov,2,10,3,1,Returning_Visitor,False,False
Dec,1,1,2,2,New_Visitor,False,True
May,2,10,2,2,Returning_Visitor,False,False
May,3,2,6,13,Returning_Visitor,False,False
Dec,3,2,3,8,New_Visitor,False,False
May,3,2,1,13,Returning_Visitor,False,False
Oct,3,2,3,5,New_Visitor,False,True
Nov,2,2,1,20,Returning_Visitor,False,False
May,4,1,1,3,Returning_Visitor,False,False
Dec,2,2,6,2,Returning_Visitor,True,False
May,1,1,8,2,New_Visitor,False,False
Aug,2,2,8,1,Returning_Visitor,False,False
Mar,2,2,9,10,Returning_Visitor,False,False
Nov,2,2,1,13,Returning_Visitor,False,False
May,2,2,1,1,Returning_Visitor,False,False
Nov,2,2,8,1,Returning_Visitor,False,False
May,3,2,6,2,Returning_Visitor,True,False
Mar,2,2,3,2,Returning_Visitor,False,True
Dec,2,2,1,2,Returning_Visitor,False,True
May,2,4,3,4,Returning_Visitor,False,False
Nov,1,1,9,2,Returning_Visitor,False,False
Nov,2,2,1,10,Returning_Visitor,False,False
May,2,2,9,3,Returning_Visitor,False,True
Oct,2,2,1,2,New_Visitor,False,False
Nov,3,2,8,11,Returning_Visitor,False,True
May,3,2,4,3,Returning_Visitor,False,False
Nov,2,2,2,2,Returning_Visitor,False,False
Nov,3,2,1,10,Returning_Visitor,False,True
Nov,1,1,1,3,Returning_Visitor,False,True
Dec,2,2,4,2,New_Visitor,False,True
May,2,2,1,6,Returning_Visitor,True,False
May,3,2,1,3,Returning_Visitor,False,False
Feb,1,1,1,2,Returning_Visitor,False,False
May,1,1,1,4,Returning_Visitor,False,False
Nov,1,1,1,15,Returning_Visitor,False,False
Nov,1,1,3,3,Returning_Visitor,False,False
Mar,1,1,6,3,Returning_Visitor,False,True
Aug,2,4,3,2,Returning_Visitor,False,False
May,3,2,1,3,Returning_Visitor,True,False
Mar,2,2,1,2,Returning_Visitor,False,True
Mar,2,5,1,1,Returning_Visitor,False,False
Dec,2,2,1,2,Returning_Visitor,False,False
Feb,2,2,1,2,Returning_Visitor,False,False
Aug,2,2,2,1,Returning_Visitor,True,False
May,3,2,4,3,Returning_Visitor,False,False
Dec,3,2,2,2,New_Visitor,False,True
Aug,3,2,4,2,Returning_Visitor,False,False
Nov,2,2,2,1,Returning_Visitor,False,False
Jul,2,10,3,2,Returning_Visitor,True,True
Mar,3,2,7,8,Returning_Visitor,False,False
Nov,2,2,9,13,Returning_Visitor,False,False
Mar,2,2,1,1,Returning_Visitor,True,False
Mar,2,2,6,1,Returning_Visitor,False,False
Dec,2,2,1,1,Returning_Visitor,False,False
Dec,3,2,6,2,Returning_Visitor,True,False
Sep,2,2,8,2,Returning_Visitor,False,False
May,2,4,1,3,Returning_Visitor,False,False
Mar,2,2,4,8,Returning_Visitor,False,False
Dec,3,2,7,1,Returning_Visitor,False,False
Nov,3,2,3,3,Returning_Visitor,False,False
Aug,2,2,1,3,Returning_Visitor,False,False
Mar,2,2,1,3,Returning_Visitor,False,False
Dec,2,2,6,2,Returning_Visitor,False,False
Nov,3,2,7,2,New_Visitor,True,False
Mar,2,2,2,1,Returning_Visitor,True,False
Mar,2,2,1,1,Returning_Visitor,False,False
June,1,8,3,4,Returning_Visitor,True,False
Nov,3,2,8,1,Returning_Visitor,True,False
Nov,2,2,1,2,Returning_Visitor,False,True
Nov,3,2,3,2,Returning_Visitor,True,False
Oct,1,1,1,5,New_Visitor,False,False
May,3,2,1,3,Returning_Visitor,True,False
May,2,4,2,2,Returning_Visitor,False,False
May,2,4,1,1,Returning_Visitor,False,False
Aug,2,2,2,1,Returning_Visitor,False,False
Nov,3,2,8,2,Returning_Visitor,True,False
Mar,2,6,2,2,New_Visitor,False,False
Mar,2,2,1,1,Returning_Visitor,False,False
May,2,2,4,11,Returning_Visitor,False,False
Mar,2,2,7,10,Returning_Visitor,False,False
Nov,2,2,4,2,Returning_Visitor,False,False
Dec,1,1,3,2,Returning_Visitor,False,False
Jul,2,2,1,4,Returning_Visitor,False,True
May,2,2,3,3,Returning_Visitor,False,False
May,1,1,3,3,Returning_Visitor,False,False
May,1,1,1,4,Returning_Visitor,False,False
Mar,2,2,7,2,Returning_Visitor,False,False
May,1,1,1,2,New_Visitor,False,False
Aug,2,2,7,2,Returning_Visitor,False,False
Nov,3,2,6,2,Returning_Visitor,True,False
Sep,1,8,1,3,Returning_Visitor,False,False
May,1,1,3,15,Returning_Visitor,False,False
Dec,2,2,4,1,New_Visitor,False,True
Jul,3,2,2,4,Returning_Visitor,True,False
Mar,2,4,1,3,Returning_Visitor,False,False
Nov,6,5,4,2,Returning_Visitor,False,False
Aug,3,2,3,5,Returning_Visitor,True,False
Mar,2,2,3,10,Returning_Visitor,False,False
May,2,2,3,13,Returning_Visitor,False,False
Mar,2,2,1,1,Returning_Visitor,False,False
Mar,2,2,4,3,Returning_Visitor,True,False
May,3,2,1,18,Returning_Visitor,False,False
Dec,2,4,1,2,New_Visitor,False,False
May,3,2,2,3,Returning_Visitor,False,True
Dec,8,13,9,20,Other,False,False
Dec,2,5,3,2,Returning_Visitor,False,False
Dec,2,2,1,2,Returning_Visitor,False,False
May,4,2,2,13,Returning_Visitor,False,False
Mar,2,2,1,10,Returning_Visitor,False,False
May,2,2,1,1,Returning_Visitor,False,False
Mar,3,2,4,2,Returning_Visitor,False,False
Mar,3,2,2,1,Returning_Visitor,True,False
Nov,4,2,1,2,Returning_Visitor,False,False
May,3,2,3,13,Returning_Visitor,False,True
Nov,1,2,3,8,New_Visitor,False,False
Nov,3,2,1,13,Returning_Visitor,False,False
May,2,5,1,4,Returning_Visitor,False,False
Dec,3,2,5,10,Returning_Visitor,False,False
Dec,3,2,3,2,Returning_Visitor,False,False
Mar,2,2,1,2,New_Visitor,False,False
May,2,2,1,4,Returning_Visitor,False,False
Nov,3,2,1,8,Returning_Visitor,False,True
Sep,2,2,1,2,Returning_Visitor,False,True
Dec,2,2,4,2,New_Visitor,True,False
Mar,2,10,4,3,New_Visitor,True,False
Nov,4,1,4,10,Returning_Visitor,True,False
June,2,2,2,3,Returning_Visitor,True,False
Nov,2,2,1,2,Returning_Visitor,False,False
Mar,2,2,1,2,Returning_Visitor,False,False
Oct,2,2,4,2,Returning_Visitor,True,True
Nov,3,2,1,1,Returning_Visitor,True,False
May,3,2,1,13,Returning_Visitor,False,False
May,3,2,3,3,Returning_Visitor,False,False
Nov,2,2,3,10,Returning_Visitor,False,False
May,2,2,1,3,Returning_Visitor,False,False
Dec,1,1,7,2,Other,False,False
Nov,1,1,3,8,Returning_Visitor,False,False
Nov,3,2,3,1,Returning_Visitor,True,False
May,2,2,4,1,Returning_Visitor,False,False
May,3,3,3,4,Returning_Visitor,True,False
Mar,4,1,3,2,Returning_Visitor,False,False
Nov,3,2,1,2,Returning_Visitor,False,False
May,1,1,1,1,Returning_Visitor,False,False
Dec,1,1,3,2,Returning_Visitor,False,False
Sep,1,1,4,2,Returning_Visitor,False,False
Sep,2,2,1,4,Returning_Visitor,False,False
May,1,1,2,2,Returning_Visitor,True,False
Aug,2,2,3,13,Returning_Visitor,False,False
Mar,3,2,3,3,Returning_Visitor,False,False
May,2,2,6,6,Returning_Visitor,False,False
May,2,4,1,4,Returning_Visitor,False,False
May,3,2,3,2,Returning_Visitor,True,False
May,3,2,1,4,Returning_Visitor,False,False
Mar,1,1,1,1,Returning_Visitor,False,False
June,2,2,1,1,Returning_Visitor,False,False
Nov,1,8,2,11,Returning_Visitor,True,False
Dec,2,2,9,2,Returning_Visitor,True,False
Dec,5,11,4,1,Returning_Visitor,True,False
May,2,2,3,2,Returning_Visitor,False,True
May,2,2,3,2,Returning_Visitor,True,False
Nov,3,2,1,2,Returning_Visitor,False,True
May,3,2,1,13,Returning_Visitor,False,False
May,3,3,1,3,Returning_Visitor,False,False
May,2,6,1,1,Returning_Visitor,True,False
May,2,2,4,2,Returning_Visitor,False,False
May,3,2,1,3,Returning_Visitor,False,False
Dec,2,2,1,2,Returning_Visitor,False,False
Dec,3,2,3,10,New_Visitor,False,False
Aug,3,2,6,5,New_Visitor,True,False
Dec,1,1,3,2,Returning_Visitor,False,False
Jul,2,2,1,13,Returning_Visitor,False,False
Nov,1,1,1,2,Returning_Visitor,False,True
Nov,2,2,1,3,Returning_Visitor,False,True
Mar,3,2,3,3,Returning_Visitor,False,False
Mar,1,1,1,3,Returning_Visitor,False,False
Mar,2,6,1,2,Returning_Visitor,False,False
Mar,3,2,6,3,Returning_Visitor,False,False
Mar,1,1,7,2,Returning_Visitor,False,False
Mar,3,2,2,1,Returning_Visitor,True,False
Dec,2,2,2,2,Returning_Visitor,False,False
June,1,1,2,3,Returning_Visitor,False,False
Nov,3,2,7,3,Returning_Visitor,False,False
Nov,1,1,3,10,Returning_Visitor,True,True
Nov,1,1,1,3,Returning_Visitor,False,False
May,3,2,3,3,Returning_Visitor,False,False
Mar,2,2,1,1,Returning_Visitor,False,False
Nov,3,2,7,6,New_Visitor,True,False
Mar,1,1,1,2,Returning_Visitor,True,True
Dec,3,2,1,2,Returning_Visitor,False,False
Nov,2,2,3,7,Returning_Visitor,False,False
May,3,2,3,3,Returning_Visitor,True,False
Oct,2,2,1,2,Returning_Visitor,False,False
Sep,3,2,3,1,Returning_Visitor,False,False
Nov,1,1,1,8,Returning_Visitor,False,False
Nov,2,2,1,2,Returning_Visitor,True,False
May,2,2,2,1,Returning_Visitor,False,True
Dec,1,1,1,8,New_Visitor,True,False
May,2,4,4,2,Returning_Visitor,False,True
Nov,2,4,1,2,Returning_Visitor,False,False
Oct,1,1,3,1,Returning_Visitor,False,False
Mar,1,1,3,1,Returning_Visitor,False,False
Jul,2,2,1,3,Returning_Visitor,False,False
June,2,2,6,2,Returning_Visitor,False,False
May,2,2,3,13,Returning_Visitor,False,False
May,4,1,2,3,Returning_Visitor,True,False
Jul,2,5,4,1,Returning_Visitor,True,False
Dec,3,2,1,2,Returning_Visitor,True,False
Mar,2,2,2,1,Returning_Visitor,False,False
May,1,8,1,19,Returning_Visitor,False,False
May,3,2,3,3,Returning_Visitor,False,False
Jul,3,2,1,2,Returning_Visitor,False,False
Sep,3,2,3,4,Returning_Visitor,True,False
Oct,2,2,4,1,Returning_Visitor,False,True
May,1,1,6,5,New_Visitor,False,True
May,3,2,1,2,Returning_Visitor,True,True
Mar,1,1,9,3,New_Visitor,True,False
Mar,3,3,2,1,Returning_Visitor,False,True
Nov,2,2,1,2,Returning_Visitor,False,True
Nov,2,2,1,2,Returning_Visitor,True,False
Jul,3,2,2,1,Returning_Visitor,True,False
Mar,2,4,1,10,Returning_Visitor,False,False
Nov,3,2,6,2,New_Visitor,False,False
May,2,2,1,13,Returning_Visitor,False,False
May,1,1,3,2,Returning_Visitor,True,False
Mar,2,2,4,1,Returning_Visitor,False,False
Nov,2,2,1,3,Returning_Visitor,False,False
Mar,2,2,1,2,New_Visitor,True,False
Nov,2,5,1,1,Returning_Visitor,True,False
Dec,8,13,9,20,Other,False,False
Dec,8,1,1,2,New_Visitor,True,False
Mar,1,1,3,3,Returning_Visitor,False,False
Dec,4,1,2,1,Returning_Visitor,True,False
Mar,1,1,3,1,Returning_Visitor,False,False
Nov,2,2,1,11,Returning_Visitor,False,False
Dec,4,1,1,2,Returning_Visitor,False,False
Jul,1,1,6,1,Returning_Visitor,True,True
Dec,2,1,1,2,Returning_Visitor,False,False
Dec,2,4,2,1,Returning_Visitor,False,False
May,2,4,9,5,Returning_Visitor,False,False
Mar,1,1,1,3,Returning_Visitor,True,False
Mar,3,2,3,1,Returning_Visitor,True,False
Nov,1,2,4,8,New_Visitor,True,True
May,2,2,2,13,Returning_Visitor,False,True
Mar,2,2,4,1,Returning_Visitor,False,False
May,2,2,4,6,Returning_Visitor,True,False
May,2,2,3,4,Returning_Visitor,False,False
Nov,3,2,7,10,Returning_Visitor,False,False
May,1,1,3,4,Returning_Visitor,False,False
Nov,1,1,6,10,Returning_Visitor,True,True
Feb,2,6,6,3,Returning_Visitor,False,False
May,2,4,1,3,Returning_Visitor,False,False
Jul,1,1,1,4,Returning_Visitor,False,True
Nov,1,2,9,2,Returning_Visitor,False,False
Nov,2,2,7,2,Returning_Visitor,False,True
Mar,2,6,3,1,Returning_Visitor,False,False
May,2,2,6,1,Returning_Visitor,True,False
Mar,2,2,1,2,Returning_Visitor,False,False
Nov,1,1,3,2,Returning_Visitor,False,False
Nov,2,2,1,2,New_Visitor,False,False
Sep,2,4,1,2,New_Visitor,False,False
May,1,1,6,4,Returning_Visitor,False,False
Mar,2,2,4,10,Returning_Visitor,False,False
May,2,5,6,3,Returning_Visitor,False,False
Nov,1,1,3,2,Returning_Visitor,True,False
May,2,2,1,4,Returning_Visitor,False,False
May,2,2,1,4,Returning_Visitor,True,True
Jul,2,2,1,4,Returning_Visitor,False,True
May,2,4,2,1,Returning_Visitor,False,False
May,1,1,2,2,Returning_Visitor,False,False
Nov,3,2,3,2,New_Visitor,True,False
Oct,1,1,7,2,Returning_Visitor,True,False
Nov,2,2,1,2,Returning_Visitor,False,True
Dec,2,4,3,1,Returning_Visitor,False,False
Dec,2,2,8,2,New_Visitor,True,False
May,3,2,3,3,Returning_Visitor,True,True
June,2,2,1,2,Returning_Visitor,False,False
Mar,2,5,2,1,Returning_Visitor,False,False
May,2,5,9,6,Returning_Visitor,False,False
Dec,1,1,2,1,Returning_Visitor,False,False
May,1,1,6,2,Returning_Visitor,False,False
May,2,4,1,4,Returning_Visitor,False,False
Dec,3,2,2,3,Returning_Visitor,False,False
Mar,2,2,7,2,Returning_Visitor,False,False
Nov,2,2,3,1,Returning_Visitor,False,True
Aug,3,2,1,2,Returning_Visitor,False,False
May,2,2,3,13,Returning_Visitor,False,False
Oct,3,2,2,13,Returning_Visitor,True,False
Oct,2,2,1,3,Returning_Visitor,False,False
Dec,1,2,3,2,Returning_Visitor,False,False
May,2,2,3,6,Returning_Visitor,False,False
Mar,2,2,3,2,Returning_Visitor,False,False
May,2,4,4,2,New_Visitor,True,False
June,2,2,1,2,Returning_Visitor,False,False
Nov,2,2,1,2,New_Visitor,False,True
Dec,8,13,9,20,Other,False,False
May,3,2,8,13,Returning_Visitor,False,False
Oct,1,1,4,3,Returning_Visitor,False,False
Dec,1,1,2,2,Returning_Visitor,False,False
Nov,2,2,3,13,Returning_Visitor,False,False
May,2,5,1,1,Returning_Visitor,False,False
Dec,4,2,1,2,Returning_Visitor,True,False
Mar,1,1,7,2,Returning_Visitor,False,False
Mar,2,4,4,3,Returning_Visitor,True,False
Feb,3,3,1,3,Returning_Visitor,False,False
Aug,1,2,8,2,Returning_Visitor,True,True
Mar,2,4,2,2,Returning_Visitor,True,True
Dec,3,2,4,11,Returning_Visitor,True,False
Dec,2,4,3,1,Returning_Visitor,False,False
Nov,3,2,1,2,Returning_Visitor,False,False
Nov,2,10,1,2,Returning_Visitor,False,True
May,2,2,2,2,Returning_Visitor,False,False
May,3,2,1,13,Returning_Visitor,False,False
May,2,2,1,13,Returning_Visitor,False,False
Jul,3,2,1,4,Returning_Visitor,True,False
Sep,3,2,3,5,Returning_Visitor,False,False
May,2,4,1,3,Returning_Visitor,False,False
Mar,2,2,1,11,New_Visitor,False,False
Sep,2,2,3,1,Returning_Visitor,True,False
Sep,2,2,7,1,New_Visitor,False,False
Oct,3,2,1,20,Returning_Visitor,True,True
May,3,2,4,4,Returning_Visitor,True,False
May,2,2,4,2,Returning_Visitor,False,False
Nov,2,2,1,3,Returning_Visitor,False,False
Dec,2,2,3,2,Returning_Visitor,True,False
Nov,3,2,8,3,Returning_Visitor,False,False
Mar,2,2,1,1,Returning_Visitor,False,False
Aug,3,2,6,1,Returning_Visitor,False,False
Jul,2,2,5,1,Returning_Visitor,False,False
May,1,1,2,3,Returning_Visitor,False,False
Oct,2,2,4,4,Returning_Visitor,True,False
May,2,10,3,3,Returning_Visitor,False,False
May,2,2,1,4,Returning_Visitor,False,True
May,2,2,5,3,New_Visitor,True,False
Nov,2,10,7,2,New_Visitor,True,False
Mar,3,3,1,9,Returning_Visitor,True,False
Mar,1,1,1,10,Returning_Visitor,False,False
Nov,1,1,2,8,Returning_Visitor,False,True
Nov,2,2,1,3,Returning_Visitor,False,True
Mar,2,2,2,2,New_Visitor,True,False
May,2,4,3,6,Returning_Visitor,False,False
Mar,2,2,1,10,New_Visitor,False,True
Nov,3,2,1,13,Returning_Visitor,True,False
Mar,2,2,3,3,Returning_Visitor,True,False
Mar,1,1,3,3,Returning_Visitor,False,False
Mar,3,2,2,1,Returning_Visitor,False,False
Dec,2,2,4,1,Returning_Visitor,True,False
Nov,2,2,1,13,Returning_Visitor,False,True
June,2,4,3,2,Returning_Visitor,False,False
Nov,2,2,3,2,Returning_Visitor,False,False
Dec,3,2,1,2,Returning_Visitor,True,False
Mar,1,1,1,9,New_Visitor,True,False
May,2,2,1,2,Returning_Visitor,False,False
Mar,2,2,2,2,Returning_Visitor,True,False
Dec,1,1,8,10,Returning_Visitor,False,False
Dec,1,8,1,6,New_Visitor,False,False
Feb,2,4,3,2,Returning_Visitor,False,False
Mar,2,7,1,3,Returning_Visitor,True,False
Mar,2,2,5,2,Returning_Visitor,False,False
Nov,2,2,2,20,Returning_Visitor,False,True
Aug,1,1,1,4,New_Visitor,True,False
Nov,3,2,5,1,Returning_Visitor,False,False
Dec,4,1,3,1,Returning_Visitor,False,False
Mar,2,7,7,6,Returning_Visitor,False,False
May,2,10,1,3,Returning_Visitor,False,False
Nov,3,2,6,11,New_Visitor,True,False
May,3,3,1,3,Returning_Visitor,False,False
Dec,2,2,3,10,Returning_Visitor,False,False
May,2,2,1,4,Returning_Visitor,False,False
Mar,2,2,7,1,Returning_Visitor,False,False
Nov,1,1,3,3,New_Visitor,False,False
Mar,3,2,4,2,Returning_Visitor,False,False
May,2,4,1,4,Returning_Visitor,True,False
Sep,3,2,1,6,New_Visitor,False,False
Dec,2,2,1,20,Returning_Visitor,False,False
Mar,2,2,1,2,Returning_Visitor,True,False
Mar,3,2,2,3,Returning_Visitor,False,False
Mar,2,2,3,1,Returning_Visitor,True,False
Dec,3,2,1,2,Returning_Visitor,False,False
May,2,2,2,1,Returning_Visitor,False,False
Jul,2,2,2,13,Returning_Visitor,False,False
Aug,2,2,2,1,Returning_Visitor,False,False
May,1,1,4,4,Returning_Visitor,True,False
June,3,2,1,3,Returning_Visitor,False,False
Nov,4,1,4,2,Returning_Visitor,False,False
Nov,3,2,8,13,Returning_Visitor,False,False
Oct,2,2,4,4,Returning_Visitor,False,False
Nov,1,1,1,3,Returning_Visitor,False,False
May,2,10,6,3,Returning_Visitor,False,True
Dec,3,2,3,6,Returning_Visitor,True,False
June,2,2,9,13,Returning_Visitor,True,False
Dec,1,2,3,2,New_Visitor,False,True
Dec,2,5,1,1,Returning_Visitor,False,False
Mar,2,2,1,2,Returning_Visitor,False,True
May,2,2,3,3,Returning_Visitor,False,False
Jul,2,2,1,1,Returning_Visitor,False,False
May,3,2,1,6,Returning_Visitor,True,False
Nov,4,1,2,3,Returning_Visitor,False,False
May,1,2,1,4,Returning_Visitor,False,False
Nov,2,2,3,3,Returning_Visitor,False,True
Mar,2,2,1,11,Returning_Visitor,True,True
Nov,2,2,2,2,New_Visitor,True,False
June,2,4,2,4,Returning_Visitor,False,False
June,2,2,4,13,Returning_Visitor,False,True
May,1,1,3,4,Returning_Visitor,True,False
Dec,2,2,1,2,Returning_Visitor,False,False
May,2,2,2,2,Returning_Visitor,False,False
May,2,2,1,4,Returning_Visitor,False,False
Dec,2,2,3,1,Returning_Visitor,False,False
Dec,1,1,1,2,New_Visitor,False,False
May,3,2,1,2,Returning_Visitor,False,False
Mar,2,2,6,1,Returning_Visitor,False,False
Nov,2,4,6,3,Returning_Visitor,False,False
June,1,1,1,2,Returning_Visitor,False,False
Mar,1,2,9,1,Returning_Visitor,False,False
May,3,2,4,13,Returning_Visitor,False,False
Nov,2,4,1,2,Returning_Visitor,False,False
Dec,8,13,9,20,Other,False,True
May,4,1,1,4,Returning_Visitor,False,False
Nov,2,2,2,3,Returning_Visitor,False,True
Sep,3,2,2,4,Returning_Visitor,True,False
Jul,2,2,3,3,Returning_Visitor,False,False
May,2,5,3,6,New_Visitor,False,False
May,1,1,8,15,New_Visitor,True,False
Nov,2,6,1,1,Returning_Visitor,False,False
Dec,2,2,1,2,New_Visitor,False,True
Nov,2,2,9,20,New_Visitor,False,False
May,1,1,1,4,Returning_Visitor,False,True
Nov,1,2,3,3,Returning_Visitor,False,False
Feb,1,1,9,3,Returning_Visitor,False,False
May,2,4,3,1,Returning_Visitor,False,False
Nov,2,2,9,5,New_Visitor,False,False
May,2,2,3,2,Returning_Visitor,True,True
Nov,2,2,1,2,Returning_Visitor,False,False
Nov,1,2,1,2,Returning_Visitor,False,False
Dec,4,2,1,6,Returning_Visitor,False,False
Nov,2,2,3,2,Returning_Visitor,False,False
Dec,1,1,1,1,Returning_Visitor,False,False
May,2,6,1,1,Returning_Visitor,False,False
Sep,2,2,7,2,Returning_Visitor,False,True
May,2,2,1,4,Returning_Visitor,False,False
Dec,3,2,4,1,Returning_Visitor,False,True
Mar,3,2,3,6,Returning_Visitor,False,True
Mar,2,4,3,3,Returning_Visitor,False,False
Sep,2,4,4,4,Returning_Visitor,False,False
Nov,1,1,4,10,Returning_Visitor,True,False
Dec,2,5,1,1,Returning_Visitor,False,False
Nov,2,5,3,10,Returning_Visitor,False,False
Dec,3,2,6,1,Returning_Visitor,True,False
May,1,1,4,2,Returning_Visitor,False,True
Dec,1,1,3,3,Returning_Visitor,False,False
June,3,2,2,3,Returning_Visitor,False,False
Dec,2,2,1,3,Returning_Visitor,False,False
Dec,2,2,3,1,Returning_Visitor,False,False
Nov,3,2,1,5,New_Visitor,False,True
May,2,2,4,3,Returning_Visitor,False,False
Nov,2,4,5,2,New_Visitor,False,True
Mar,2,4,2,1,Returning_Visitor,False,False
May,3,2,3,2,Returning_Visitor,False,False
May,2,2,4,4,Returning_Visitor,False,False
May,1,1,1,4,Returning_Visitor,False,False
Mar,1,1,2,3,Returning_Visitor,False,False
June,2,2,6,13,Returning_Visitor,False,False
June,3,2,1,1,Returning_Visitor,False,False
Nov,1,1,2,8,New_Visitor,True,True
Nov,2,1,1,2,New_Visitor,True,False
May,2,2,9,4,New_Visitor,False,True
Mar,2,2,1,2,New_Visitor,True,False
May,2,2,3,6,Returning_Visitor,True,True
Dec,1,1,1,3,New_Visitor,False,False
Dec,3,2,1,2,Returning_Visitor,False,False
Nov,2,2,1,1,Returning_Visitor,False,False
May,3,2,1,2,Returning_Visitor,False,False
May,2,2,6,4,Returning_Visitor,True,True
June,2,2,7,6,Returning_Visitor,False,False
Jul,3,2,8,1,Returning_Visitor,True,False
May,2,10,6,1,Returning_Visitor,False,False
May,3,2,1,6,Returning_Visitor,False,False
Dec,3,2,4,2,Returning_Visitor,False,False
May,2,2,8,2,New_Visitor,True,True
May,6,2,4,2,Returning_Visitor,True,False
Nov,3,2,1,2,Returning_Visitor,False,False
May,2,4,3,2,New_Visitor,True,False
May,3,2,3,2,New_Visitor,False,False
May,3,2,8,4,Returning_Visitor,False,True
Oct,2,2,1,2,Returning_Visitor,True,False
Mar,2,2,1,2,Returning_Visitor,False,False
May,2,6,3,6,Returning_Visitor,True,False
May,2,2,3,3,Returning_Visitor,False,False
Sep,2,2,1,2,Returning_Visitor,False,False
May,2,4,1,4,Returning_Visitor,False,True
Nov,2,4,9,4,Returning_Visitor,False,False
Nov,2,4,1,5,New_Visitor,False,False
Jul,3,2,3,3,Returning_Visitor,True,True
Nov,2,1,1,2,New_Visitor,False,True
May,2,4,7,4,Returning_Visitor,False,False
Mar,3,2,3,3,Returning_Visitor,True,False
May,2,2,4,3,Returning_Visitor,False,False
Sep,1,1,1,5,New_Visitor,False,True
May,1,1,2,4,Returning_Visitor,False,False
Mar,1,1,3,3,Returning_Visitor,False,False
May,1,2,3,2,Returning_Visitor,True,False
Dec,2,10,4,2,New_Visitor,False,True
Nov,2,2,3,2,Returning_Visitor,True,False
May,2,2,2,4,New_Visitor,False,False
Mar,1,1,3,2,Returning_Visitor,True,False
Nov,2,2,2,3,New_Visitor,False,False
Oct,2,5,3,5,New_Visitor,False,True
Nov,3,2,1,13,Returning_Visitor,False,False
Mar,2,2,4,8,New_Visitor,False,False
Mar,3,2,2,3,New_Visitor,True,False
Dec,2,2,7,1,Returning_Visitor,True,False
Nov,1,5,9,2,New_Visitor,False,False
Dec,3,2,1,2,Returning_Visitor,True,False
May,2,2,4,4,Returning_Visitor,False,False
Jul,2,2,1,1,Returning_Visitor,True,False
Oct,1,1,1,2,Returning_Visitor,False,True
Nov,2,2,1,20,Returning_Visitor,False,False
May,2,2,1,3,Returning_Visitor,False,False
May,2,5,1,4,Returning_Visitor,False,False
May,3,2,2,13,Returning_Visitor,False,False
Dec,2,2,7,10,Returning_Visitor,False,False
May,2,2,1,13,Returning_Visitor,True,False
Dec,1,1,8,8,New_Visitor,True,False
Dec,3,2,3,1,Returning_Visitor,True,False
Nov,1,1,4,3,Returning_Visitor,False,False
May,2,2,2,5,Returning_Visitor,False,False
May,2,2,3,2,Returning_Visitor,False,False
Mar,3,2,1,8,Returning_Visitor,True,False
June,2,2,3,4,Returning_Visitor,False,False
May,4,1,3,2,New_Visitor,True,True
May,2,2,1,3,Returning_Visitor,False,False
May,2,2,6,18,Returning_Visitor,True,False
June,2,2,1,4,Returning_Visitor,False,True
Dec,2,2,4,2,New_Visitor,False,False
Nov,2,2,3,2,New_Visitor,True,False
Nov,2,5,1,3,Returning_Visitor,False,True
Nov,2,2,4,2,Returning_Visitor,False,False
May,1,1,8,3,Returning_Visitor,False,False
Nov,1,2,1,1,Returning_Visitor,True,False
June,2,2,5,2,New_Visitor,False,True
June,3,2,3,2,New_Visitor,False,False
Nov,8,2,4,3,Returning_Visitor,False,False
May,2,2,2,1,Returning_Visitor,False,False
May,3,2,1,13,Returning_Visitor,False,False
May,2,2,5,1,Returning_Visitor,True,False
Dec,3,2,8,8,New_Visitor,False,False
Dec,1,1,8,3,Returning_Visitor,False,False
Nov,3,2,1,8,Returning_Visitor,True,False
May,2,2,3,20,Returning_Visitor,False,False
May,2,2,3,2,Returning_Visitor,False,False
Dec,3,2,2,2,Returning_Visitor,True,False
Nov,2,5,3,1,Returning_Visitor,False,True
May,3,2,1,3,Returning_Visitor,False,False
May,1,2,1,2,Returning_Visitor,True,False
Nov,1,1,4,5,New_Visitor,False,False
Jul,2,2,5,6,Returning_Visitor,False,False
Feb,4,1,9,3,Returning_Visitor,False,False
Mar,2,2,6,1,Returning_Visitor,False,False
Nov,3,2,1,3,Returning_Visitor,True,False
Nov,2,2,1,1,Returning_Visitor,False,False
Mar,2,2,2,1,Returning_Visitor,True,False
Nov,2,2,1,2,New_Visitor,False,False
May,2,2,1,13,Returning_Visitor,False,False
Mar,3,2,4,2,Returning_Visitor,False,False
May,1,2,3,2,Returning_Visitor,False,False
Nov,2,4,1,10,Returning_Visitor,True,False
Dec,2,2,2,2,Returning_Visitor,True,False
Dec,2,2,7,1,Returning_Visitor,True,False
Nov,2,10,1,3,Returning_Visitor,False,True
Dec,2,2,1,2,Returning_Visitor,True,False
May,2,6,1,1,Returning_Visitor,False,False
Dec,2,4,6,2,Returning_Visitor,False,True
May,3,2,1,3,New_Visitor,False,False
Mar,2,2,1,1,Returning_Visitor,False,False
Nov,2,4,1,3,Returning_Visitor,False,False
May,2,2,3,2,Returning_Visitor,False,False
Nov,1,2,1,2,Returning_Visitor,False,True
May,2,2,7,4,Returning_Visitor,False,True
May,2,2,1,3,Returning_Visitor,False,False
Nov,2,2,7,2,Returning_Visitor,False,True
Nov,1,8,6,11,Returning_Visitor,False,True
May,3,2,3,1,Returning_Visitor,False,False
Dec,2,2,4,1,Returning_Visitor,False,False
Dec,1,1,5,3,New_Visitor,False,True
Sep,2,4,5,1,Returning_Visitor,False,False
May,2,5,3,2,Returning_Visitor,False,True
Oct,2,4,9,2,Returning_Visitor,False,False
Dec,2,2,1,2,Returning_Visitor,False,False
Sep,2,6,4,1,Returning_Visitor,False,False
Nov,2,2,1,2,Returning_Visitor,True,False
May,2,2,6,2,New_Visitor,True,True
Dec,1,1,2,2,New_Visitor,False,False
Mar,3,2,6,2,Returning_Visitor,False,False
Dec,2,4,3,8,Other,False,False
Mar,1,1,4,1,Returning_Visitor,False,False
May,1,1,3,2,New_Visitor,False,False
May,1,8,4,20,Returning_Visitor,False,False
May,2,2,2,1,Returning_Visitor,True,False
May,2,2,2,5,Returning_Visitor,True,False
Mar,2,2,1,2,Returning_Visitor,True,False
Dec,2,2,8,2,New_Visitor,False,False
Nov,1,1,1,3,Returning_Visitor,True,True
Nov,2,2,1,2,Returning_Visitor,False,True
Dec,1,1,1,2,Returning_Visitor,True,False
Sep,2,2,1,1,Returning_Visitor,False,False
June,2,2,7,1,Returning_Visitor,False,False
Nov,2,2,3,13,Returning_Visitor,False,False
Nov,3,2,9,6,Returning_Visitor,True,False
May,1,2,4,5,Returning_Visitor,False,False
May,1,1,4,3,Returning_Visitor,False,False
Nov,2,2,3,1,Returning_Visitor,False,True
Oct,2,2,4,4,New_Visitor,False,False
Nov,2,2,3,2,New_Visitor,True,False
Mar,2,2,1,1,Returning_Visitor,False,False
Mar,2,2,1,1,Returning_Visitor,False,True
Dec,2,2,7,8,New_Visitor,True,False
May,2,2,1,3,Returning_Visitor,False,False
Sep,2,4,1,2,New_Visitor,False,False
Nov,2,10,1,3,Returning_Visitor,False,False
Nov,3,12,1,6,Returning_Visitor,True,True
Aug,2,2,6,5,Returning_Visitor,False,True
May,2,5,1,2,Returning_Visitor,False,False
Aug,2,2,3,1,Returning_Visitor,False,False
Nov,2,4,1,2,Returning_Visitor,False,False
Dec,2,2,1,20,Returning_Visitor,False,False
Mar,2,2,1,3,Returning_Visitor,False,False
Dec,1,1,1,2,New_Visitor,False,True
Nov,3,2,7,8,Returning_Visitor,True,True
June,2,2,6,1,Returning_Visitor,False,False
Nov,2,2,3,2,Returning_Visitor,False,True
Mar,2,4,1,1,Returning_Visitor,False,False
May,4,1,1,4,Returning_Visitor,False,True
Jul,2,2,9,13,Returning_Visitor,True,False
Nov,3,2,1,20,Returning_Visitor,True,False
May,1,1,1,2,Returning_Visitor,True,False
Mar,2,5,1,1,Returning_Visitor,True,False
June,1,1,1,20,Returning_Visitor,True,False
Mar,3,2,1,10,Returning_Visitor,False,False
Mar,2,2,1,1,Returning_Visitor,False,False
June,2,2,2,3,Returning_Visitor,False,False
Oct,3,2,1,5,Returning_Visitor,False,False
Nov,1,1,1,2,Returning_Visitor,False,False
Sep,1,1,3,2,Returning_Visitor,True,False
Dec,1,1,3,2,New_Visitor,False,False
May,2,5,3,4,Returning_Visitor,True,True
Mar,2,2,3,2,New_Visitor,False,False
May,3,2,3,13,Returning_Visitor,False,False
Dec,2,2,2,1,Returning_Visitor,False,False
Sep,1,1,1,3,Returning_Visitor,False,False
May,2,2,1,13,Returning_Visitor,True,False
Oct,1,1,4,3,Returning_Visitor,True,False
Mar,1,1,1,2,Returning_Visitor,False,False
Dec,1,1,2,2,Returning_Visitor,False,False
Nov,2,4,1,2,Returning_Visitor,False,False
Oct,2,2,4,4,Returning_Visitor,False,False
Feb,3,2,2,3,Returning_Visitor,False,False
Nov,3,2,1,2,Returning_Visitor,False,False
May,3,2,9,13,Returning_Visitor,True,True
Nov,1,1,3,2,Returning_Visitor,False,False
Nov,2,2,7,1,Returning_Visitor,False,True
Jul,2,5,7,4,Returning_Visitor,False,False
May,2,2,4,13,Returning_Visitor,False,False
May,2,2,1,6,Returning_Visitor,False,False
May,2,2,6,13,Returning_Visitor,False,False
Mar,3,2,3,2,Returning_Visitor,False,False
Mar,1,2,1,10,Returning_Visitor,False,False
Nov,3,2,9,6,Returning_Visitor,False,False
Nov,2,4,1,2,New_Visitor,False,False
Oct,2,2,7,5,Returning_Visitor,True,False
Dec,2,2,3,1,Returning_Visitor,False,False
Mar,2,2,3,1,Returning_Visitor,False,False
May,3,2,1,11,Returning_Visitor,True,False
May,2,4,1,2,New_Visitor,False,False
Oct,2,2,8,2,Returning_Visitor,False,False
May,3,2,2,2,Returning_Visitor,True,False
Mar,1,1,2,2,Returning_Visitor,True,False
Dec,2,5,1,2,New_Visitor,False,False
Dec,2,2,9,1,Returning_Visitor,True,False
May,1,1,1,4,New_Visitor,True,False
Oct,2,2,3,20,Returning_Visitor,True,False
Nov,1,1,1,2,Returning_Visitor,False,False
May,1,1,1,2,New_Visitor,False,False
May,2,6,7,3,Returning_Visitor,False,False
Nov,3,2,1,20,Returning_Visitor,False,True
Nov,2,2,3,1,Returning_Visitor,False,False
May,2,2,7,2,Returning_Visitor,False,False
May,1,1,1,4,Returning_Visitor,False,False
Mar,2,2,1,3,Returning_Visitor,False,False
Dec,3,2,1,11,Returning_Visitor,False,False
Mar,3,2,1,2,Returning_Visitor,False,True
May,2,2,7,4,Returning_Visitor,False,False
May,2,2,7,4,Returning_Visitor,False,False
Aug,3,2,6,2,Returning_Visitor,True,True
May,3,2,6,4,Returning_Visitor,True,False
Nov,3,2,4,2,Returning_Visitor,False,False
Mar,1,1,1,2,Returning_Visitor,False,False
May,1,1,3,3,Returning_Visitor,False,False
Nov,2,2,3,6,Returning_Visitor,False,True
Jul,2,4,4,4,Returning_Visitor,False,False
Dec,8,13,9,20,Other,False,True
Aug,1,1,1,3,Returning_Visitor,False,False
May,2,2,1,2,Returning_Visitor,False,False
May,2,2,4,4,Returning_Visitor,True,False
Nov,3,2,1,11,Returning_Visitor,True,False
Dec,2,2,3,2,Returning_Visitor,False,False
Oct,2,2,7,2,Returning_Visitor,False,True
May,2,2,1,6,Returning_Visitor,False,False
Nov,2,2,1,2,Returning_Visitor,False,False
Nov,1,8,4,11,Returning_Visitor,True,False
May,3,3,5,1,Returning_Visitor,False,False
Nov,1,1,2,2,Returning_Visitor,True,True
Mar,2,2,1,8,Returning_Visitor,False,True
Nov,2,2,8,6,Returning_Visitor,False,False
Oct,2,2,1,2,New_Visitor,False,False
Sep,3,2,8,2,Returning_Visitor,True,False
Dec,3,2,8,2,New_Visitor,True,False
Sep,2,2,3,1,Returning_Visitor,False,False
May,2,2,6,1,Returning_Visitor,False,True
Dec,1,1,3,2,Returning_Visitor,False,False
Mar,2,2,6,3,Returning_Visitor,False,False
Sep,2,2,1,4,Returning_Visitor,False,False
Dec,2,2,7,6,Returning_Visitor,False,False
Mar,4,2,1,13,Returning_Visitor,False,False
May,2,10,6,1,Returning_Visitor,True,False
Nov,2,5,1,2,Returning_Visitor,False,False
June,2,2,9,1,Returning_Visitor,False,False
Mar,2,2,7,9,Returning_Visitor,True,False
Nov,3,2,4,6,Returning_Visitor,True,False
Dec,2,2,1,2,New_Visitor,False,False
Nov,1,1,8,1,Returning_Visitor,False,False
Mar,1,1,1,9,Returning_Visitor,True,False
Nov,3,2,8,2,Returning_Visitor,False,False
May,1,1,1,3,Returning_Visitor,True,False
Nov,2,2,8,2,Returning_Visitor,True,False
Feb,1,1,3,1,Returning_Visitor,False,False
Aug,4,1,3,3,Returning_Visitor,True,False
Nov,4,1,5,1,Returning_Visitor,False,False
June,1,1,4,3,Returning_Visitor,False,False
Nov,2,2,1,1,Returning_Visitor,False,False
Nov,3,2,6,2,Returning_Visitor,False,False
Dec,2,2,4,2,Returning_Visitor,False,False
May,2,2,7,5,Returning_Visitor,False,False
Dec,2,2,3,1,New_Visitor,False,False
Nov,2,2,3,2,Returning_Visitor,True,True
Dec,2,2,7,8,Returning_Visitor,True,False
Dec,2,5,1,2,Returning_Visitor,False,False
Aug,2,2,3,3,Returning_Visitor,False,False
Oct,2,4,9,3,Returning_Visitor,False,False
May,1,1,5,4,Returning_Visitor,False,False
Sep,2,2,1,3,Returning_Visitor,False,True
Mar,2,2,1,3,Returning_Visitor,True,False
Oct,1,1,3,2,New_Visitor,False,False
Nov,3,2,1,3,Returning_Visitor,False,False
Mar,2,2,2,8,Returning_Visitor,False,False
Nov,3,2,5,10,Returning_Visitor,False,False
Nov,3,6,3,2,New_Visitor,False,False
Nov,3,2,1,13,Returning_Visitor,True,False
Jul,1,1,3,4,Returning_Visitor,False,False
Dec,3,2,1,1,Returning_Visitor,True,False
Mar,2,10,1,1,Returning_Visitor,False,False
May,2,2,4,4,Returning_Visitor,False,False
Dec,4,2,1,1,Returning_Visitor,True,False
Oct,4,1,5,2,Returning_Visitor,False,True
Mar,2,2,9,2,Returning_Visitor,True,False
Dec,2,2,1,1,Returning_Visitor,False,False
Aug,2,4,3,4,Returning_Visitor,False,False
Nov,3,2,3,1,Returning_Visitor,False,False
Jul,3,2,3,4,Returning_Visitor,False,False
Mar,1,1,2,2,Returning_Visitor,False,True
Dec,2,2,7,3,Returning_Visitor,False,False
Mar,2,2,2,6,Returning_Visitor,False,False
May,2,2,4,13,Returning_Visitor,True,False
Nov,2,2,4,1,Returning_Visitor,False,False
Nov,2,2,1,13,Returning_Visitor,False,False
Dec,2,2,7,3,Returning_Visitor,False,False
Dec,2,4,1,2,Returning_Visitor,False,False
Mar,2,2,4,1,Returning_Visitor,True,False
Nov,2,2,1,2,Returning_Visitor,False,False
May,2,4,1,4,Returning_Visitor,True,True
May,2,2,1,6,Returning_Visitor,False,False
May,2,2,2,3,Returning_Visitor,False,False
Dec,3,2,1,2,Returning_Visitor,False,False
Jul,3,2,8,4,Returning_Visitor,False,False
Nov,3,2,7,13,Returning_Visitor,False,False
Mar,2,2,7,2,New_Visitor,True,False
Dec,3,2,4,20,Returning_Visitor,False,False
May,2,2,1,1,Returning_Visitor,True,False
Dec,2,5,1,1,Returning_Visitor,False,False
Dec,1,1,3,1,Returning_Visitor,True,False
May,2,2,2,2,Returning_Visitor,False,False
Dec,8,13,9,20,Returning_Visitor,False,False
Mar,1,1,1,3,Returning_Visitor,False,False
May,2,2,3,11,Returning_Visitor,False,False
Dec,2,5,1,1,Returning_Visitor,False,False
Nov,2,4,1,8,New_Visitor,False,True
Dec,1,1,8,2,Returning_Visitor,True,False
May,3,2,6,13,Returning_Visitor,False,False
May,3,2,1,2,Returning_Visitor,False,False
Nov,3,2,1,13,Returning_Visitor,True,False
May,2,2,3,4,Returning_Visitor,False,False
Nov,1,1,4,2,New_Visitor,False,False
Nov,1,1,3,3,Returning_Visitor,False,False
Nov,3,2,1,2,Returning_Visitor,False,False
Dec,2,2,4,2,Returning_Visitor,False,False
May,1,1,6,15,Returning_Visitor,False,False
May,2,2,4,6,Returning_Visitor,False,True
Mar,1,1,7,10,Returning_Visitor,False,False
May,3,2,6,3,Returning_Visitor,False,False
May,2,5,1,6,Returning_Visitor,False,False
May,1,1,1,1,Returning_Visitor,False,False
Mar,1,1,4,1,Returning_Visitor,False,False
Dec,2,2,1,10,Returning_Visitor,False,False
Oct,3,6,3,20,Returning_Visitor,False,False
Mar,2,2,5,2,Returning_Visitor,False,False
May,1,1,3,3,Returning_Visitor,False,False
Dec,3,2,8,13,Returning_Visitor,False,False
May,1,1,3,1,Returning_Visitor,False,True
Nov,2,2,3,10,Returning_Visitor,False,False
May,2,2,1,3,Returning_Visitor,False,False
Nov,3,2,7,13,Returning_Visitor,False,False
May,2,5,9,4,New_Visitor,False,False
May,2,2,4,1,Returning_Visitor,False,False
May,2,2,1,5,Returning_Visitor,False,False
May,1,8,1,2,New_Visitor,False,False
Mar,2,2,6,1,Returning_Visitor,False,False
June,3,2,3,13,Returning_Visitor,False,False
Dec,3,2,1,3,Returning_Visitor,False,False
May,2,2,5,1,Returning_Visitor,False,False
Nov,2,2,6,10,New_Visitor,True,True
Dec,3,2,1,2,Returning_Visitor,False,True
May,3,2,1,13,Returning_Visitor,False,False
Nov,3,3,1,1,Returning_Visitor,True,False
Nov,2,6,1,2,Returning_Visitor,True,True
Dec,2,2,1,2,Returning_Visitor,False,False
Sep,1,2,1,1,Returning_Visitor,False,False
Sep,2,2,3,2,Returning_Visitor,False,True
May,1,1,9,4,Returning_Visitor,True,False
Nov,2,2,3,2,Returning_Visitor,False,False
May,2,2,1,2,Returning_Visitor,False,False
Nov,3,2,5,2,New_Visitor,False,True
May,1,1,1,3,Returning_Visitor,False,False
May,2,10,1,3,Returning_Visitor,False,False
Sep,2,2,1,3,Returning_Visitor,False,False
Oct,1,1,4,4,Returning_Visitor,False,False
May,2,2,4,2,Returning_Visitor,False,False
Dec,2,5,1,3,Returning_Visitor,True,False
Mar,2,6,1,3,Returning_Visitor,False,False
Sep,3,6,1,2,Returning_Visitor,False,False
Nov,3,2,1,2,Returning_Visitor,False,False
May,3,2,6,2,New_Visitor,False,False
May,3,2,1,3,Returning_Visitor,False,False
Jul,2,4,2,1,Returning_Visitor,True,False
Nov,3,2,3,10,Returning_Visitor,True,True
Oct,2,5,2,2,Returning_Visitor,False,True
Oct,1,1,3,2,Returning_Visitor,False,True
Dec,2,2,3,2,Returning_Visitor,False,False
Jul,3,2,3,4,Returning_Visitor,True,False
Dec,3,2,8,2,Returning_Visitor,False,True
Dec,2,2,1,2,Returning_Visitor,False,False
Dec,1,1,2,2,Returning_Visitor,False,False
Mar,2,2,4,1,Returning_Visitor,False,False
Mar,1,1,6,3,Returning_Visitor,True,False
Nov,3,2,8,13,Returning_Visitor,False,False
Dec,1,1,1,2,Returning_Visitor,False,False
Mar,2,2,2,10,Returning_Visitor,False,False
Dec,2,2,7,2,Returning_Visitor,False,False
Nov,1,2,6,2,Returning_Visitor,False,False
May,2,2,2,4,Returning_Visitor,False,False
Dec,2,2,8,2,Returning_Visitor,False,True
Nov,1,1,1,2,Returning_Visitor,False,False
Mar,1,1,1,2,Returning_Visitor,False,False
Dec,4,1,3,1,Returning_Visitor,True,True
Nov,2,4,1,1,Returning_Visitor,False,False
June,2,2,6,1,Returning_Visitor,False,False
June,2,2,1,4,Returning_Visitor,False,False
May,2,2,7,6,Returning_Visitor,True,False
May,2,2,2,2,Returning_Visitor,False,False
May,2,7,1,2,New_Visitor,False,False
Dec,1,1,3,2,New_Visitor,False,False
Nov,1,1,1,2,Returning_Visitor,False,True
May,4,1,4,1,Returning_Visitor,False,False
May,3,2,4,4,Returning_Visitor,True,False
Mar,2,2,7,2,Returning_Visitor,False,False
Nov,2,4,1,2,Returning_Visitor,False,False
May,2,2,2,6,Returning_Visitor,False,True
Nov,1,1,3,6,Returning_Visitor,False,False
Nov,2,2,3,2,Returning_Visitor,True,True
May,1,1,1,3,Returning_Visitor,True,False
Oct,2,5,1,2,New_Visitor,False,False
Mar,2,2,1,3,Returning_Visitor,True,False
Jul,3,2,1,1,Returning_Visitor,False,False
Mar,2,2,1,2,Returning_Visitor,False,True
Jul,2,4,1,3,Returning_Visitor,False,False
Jul,3,2,6,1,Returning_Visitor,False,False
Nov,2,2,9,10,Returning_Visitor,False,False
Mar,1,1,1,10,Returning_Visitor,False,False
Dec,3,2,3,3,Returning_Visitor,False,False
Mar,2,6,7,2,Returning_Visitor,False,False
May,2,2,2,14,Returning_Visitor,True,True
Nov,3,2,1,4,Returning_Visitor,True,False
Dec,2,2,9,6,Returning_Visitor,False,False
Mar,3,2,6,2,Returning_Visitor,True,False
Mar,2,4,2,8,New_Visitor,False,True
Dec,1,1,1,2,Returning_Visitor,False,False
Dec,2,2,3,8,Returning_Visitor,False,False
Mar,1,1,7,3,Returning_Visitor,True,False
May,2,2,4,4,Returning_Visitor,False,False
Mar,3,2,4,2,Returning_Visitor,False,False
June,3,2,2,4,Returning_Visitor,False,False
Mar,3,2,8,2,New_Visitor,False,False
June,2,2,3,1,Returning_Visitor,False,False
May,1,1,2,2,New_Visitor,False,True
May,2,2,7,3,Returning_Visitor,False,False
May,2,2,1,2,Returning_Visitor,False,False
Nov,2,2,1,2,Returning_Visitor,False,True
May,2,4,2,3,New_Visitor,False,True
Nov,2,2,4,2,Returning_Visitor,False,False
Nov,2,4,1,10,Returning_Visitor,False,False
May,3,2,8,13,Returning_Visitor,False,False
Nov,1,2,2,2,Returning_Visitor,False,False
Feb,3,2,3,3,Returning_Visitor,False,False
May,1,1,3,4,Returning_Visitor,True,False
May,1,2,1,4,Returning_Visitor,False,False
Dec,2,2,6,1,Returning_Visitor,True,False
May,4,2,2,4,Returning_Visitor,False,False
Nov,1,1,3,2,Returning_Visitor,True,True
Nov,2,2,1,8,Returning_Visitor,True,True
May,3,2,3,1,Returning_Visitor,False,False
Jul,1,1,3,1,Returning_Visitor,False,False
Nov,2,2,1,10,Returning_Visitor,False,False
Aug,2,4,3,5,Returning_Visitor,False,False
Oct,2,2,7,3,Returning_Visitor,False,False
Nov,2,2,1,2,Returning_Visitor,False,True
Dec,2,2,2,2,New_Visitor,True,False
May,1,1,6,4,New_Visitor,True,False
Mar,1,1,3,1,Returning_Visitor,False,False
Dec,2,2,1,1,Returning_Visitor,False,False
Nov,3,2,1,2,Returning_Visitor,False,True
May,6,7,3,15,Returning_Visitor,False,False
May,2,2,2,2,Returning_Visitor,False,False
May,1,1,3,3,Returning_Visitor,False,False
Dec,1,1,4,2,Returning_Visitor,True,False
Dec,1,1,4,2,Returning_Visitor,False,False
Nov,2,2,1,2,Returning_Visitor,False,False
Sep,1,1,6,3,Returning_Visitor,False,False
Dec,3,2,2,2,Returning_Visitor,False,False
May,2,2,3,2,Returning_Visitor,False,False
Mar,2,2,4,1,Returning_Visitor,False,False
May,3,2,1,3,Returning_Visitor,False,False
Mar,2,10,1,2,Returning_Visitor,False,False
Feb,2,6,6,1,Returning_Visitor,False,False
Nov,1,1,6,2,New_Visitor,False,False
May,2,2,4,1,Returning_Visitor,True,True
May,1,1,2,3,Returning_Visitor,False,False
Dec,1,2,1,10,Returning_Visitor,False,False
May,2,2,1,3,New_Visitor,False,False
May,2,2,5,2,Returning_Visitor,False,False
Nov,2,4,4,2,Returning_Visitor,False,False
Dec,3,2,7,1,Returning_Visitor,True,False
Jul,2,2,6,1,Returning_Visitor,False,False
Nov,2,2,1,2,New_Visitor,False,False
May,2,2,2,2,Returning_Visitor,False,False
Dec,1,1,1,2,Returning_Visitor,False,False
Dec,2,4,9,1,Returning_Visitor,False,True
Dec,2,2,7,2,New_Visitor,True,False
May,1,1,2,3,New_Visitor,False,False
Oct,2,2,1,20,Returning_Visitor,False,False
Mar,2,5,1,3,Returning_Visitor,False,False
Mar,1,1,3,2,New_Visitor,False,False
Nov,3,2,3,2,Returning_Visitor,False,False
May,3,2,3,13,Returning_Visitor,False,False
Dec,1,1,1,8,Returning_Visitor,False,False
Jul,3,2,1,13,Returning_Visitor,False,False
Mar,2,2,1,2,New_Visitor,False,False
Dec,2,4,1,2,Returning_Visitor,False,False
Nov,4,4,1,2,Returning_Visitor,True,True
May,1,2,6,4,Returning_Visitor,True,False
Nov,1,1,1,2,Returning_Visitor,False,True
Dec,8,13,9,20,Other,False,False
May,3,2,6,1,Returning_Visitor,False,True
May,1,2,2,13,Returning_Visitor,False,False
Aug,1,1,1,6,Returning_Visitor,False,False
May,1,8,1,11,New_Visitor,True,True
Mar,1,1,4,10,Returning_Visitor,False,True
Mar,2,2,9,1,Returning_Visitor,True,False
Mar,2,5,1,3,Returning_Visitor,False,False
Dec,2,1,1,2,Returning_Visitor,False,True
Nov,3,2,6,5,Returning_Visitor,False,False
Oct,2,2,3,1,Returning_Visitor,False,False
Nov,2,2,1,2,Returning_Visitor,True,False
Nov,2,4,3,5,New_Visitor,True,False
Mar,2,2,3,2,Returning_Visitor,False,True
Nov,2,2,1,10,Returning_Visitor,False,True
May,2,2,1,3,Returning_Visitor,True,False
Mar,1,1,1,2,New_Visitor,False,False
Mar,1,1,1,3,New_Visitor,False,False
Mar,2,2,1,1,Returning_Visitor,False,False
May,2,2,3,2,Returning_Visitor,False,False
Dec,3,2,1,10,Returning_Visitor,False,False
Mar,3,2,1,2,Returning_Visitor,True,False
Jul,1,1,1,4,Returning_Visitor,False,False
Mar,1,1,8,1,Returning_Visitor,False,False
May,1,1,1,2,Returning_Visitor,False,False
Dec,2,2,1,2,Returning_Visitor,False,False
Nov,2,2,4,2,Returning_Visitor,False,True
Oct,2,2,1,2,Returning_Visitor,False,False
Nov,1,1,1,2,New_Visitor,False,False
May,2,2,1,2,Returning_Visitor,False,False
Mar,1,1,3,3,Returning_Visitor,False,False
Mar,2,2,9,6,Returning_Visitor,True,False
May,3,2,2,13,Returning_Visitor,False,False
Aug,2,5,1,5,New_Visitor,False,True
May,3,2,1,13,Returning_Visitor,False,False
Aug,2,4,1,2,New_Visitor,False,False
May,2,2,3,4,Returning_Visitor,False,False
Nov,2,4,1,2,New_Visitor,False,True
May,2,2,8,1,Returning_Visitor,False,False
Nov,1,1,5,3,Returning_Visitor,False,False
Nov,3,6,2,2,Returning_Visitor,False,False
May,2,2,7,1,Returning_Visitor,False,False
Mar,4,1,3,3,Returning_Visitor,False,False
Jul,3,2,4,2,Returning_Visitor,True,False
May,2,2,6,1,Returning_Visitor,False,False
May,2,2,3,13,Returning_Visitor,False,False
May,2,2,3,2,Returning_Visitor,False,False
Nov,2,2,1,1,Returning_Visitor,True,False
Dec,8,13,9,20,Other,False,False
May,4,1,3,3,Returning_Visitor,False,False
Nov,3,2,7,10,Returning_Visitor,False,False
May,2,2,4,3,Returning_Visitor,True,False
Dec,4,2,9,8,Returning_Visitor,False,False
May,1,1,8,4,Returning_Visitor,True,True
May,2,2,2,4,Returning_Visitor,False,False
May,4,1,4,3,Returning_Visitor,False,False
Mar,1,1,1,2,New_Visitor,False,True
Mar,1,1,1,3,Returning_Visitor,True,False
May,2,5,6,5,Returning_Visitor,True,True
Aug,2,5,7,1,Returning_Visitor,False,False
Nov,2,2,3,1,Returning_Visitor,False,False
Dec,1,1,2,3,Returning_Visitor,False,False
May,2,2,3,3,Returning_Visitor,False,False
May,3,2,2,2,Returning_Visitor,False,False
May,2,2,6,6,Returning_Visitor,False,False
Nov,2,2,1,1,Returning_Visitor,True,False
May,2,2,1,2,Returning_Visitor,False,False
Mar,2,2,5,1,Returning_Visitor,False,False
Dec,1,1,1,10,Returning_Visitor,True,False
May,3,2,3,3,Returning_Visitor,False,False
May,1,1,4,2,Returning_Visitor,True,False
Nov,2,2,1,13,Returning_Visitor,True,True
Nov,3,2,7,3,Returning_Visitor,False,True
Nov,3,2,3,2,Returning_Visitor,False,True
Nov,2,2,1,2,Returning_Visitor,False,True
Nov,2,2,1,2,Returning_Visitor,False,True
Dec,1,1,3,1,Returning_Visitor,False,False
Mar,2,2,1,2,Returning_Visitor,False,False
Dec,2,2,1,1,Returning_Visitor,False,False
May,1,1,1,3,Returning_Visitor,False,False
Mar,1,1,1,9,Returning_Visitor,True,False
May,4,1,1,3,Returning_Visitor,False,False
Dec,2,2,6,2,New_Visitor,False,False
Mar,2,2,1,8,New_Visitor,True,False
Nov,1,1,2,3,Returning_Visitor,False,False
Oct,1,1,1,3,Returning_Visitor,False,False
Nov,3,2,5,2,Returning_Visitor,False,True
May,1,1,7,2,Returning_Visitor,False,False
Mar,3,2,2,2,New_Visitor,True,False
Nov,3,2,1,2,Returning_Visitor,True,False
May,2,6,2,3,Returning_Visitor,False,False
Nov,2,2,7,2,Returning_Visitor,False,False
Nov,2,2,1,2,Returning_Visitor,False,True
Mar,2,2,1,3,Returning_Visitor,False,False
May,2,4,1,2,Returning_Visitor,True,False
May,2,2,2,4,Returning_Visitor,True,False
Mar,2,2,7,1,Returning_Visitor,False,False
June,3,2,6,13,Returning_Visitor,False,False
Nov,1,1,4,2,Returning_Visitor,False,False
Jul,3,2,4,4,Returning_Visitor,False,False
Nov,2,10,7,10,Returning_Visitor,False,False
Mar,3,2,1,2,Returning_Visitor,True,False
May,2,2,7,13,Returning_Visitor,False,False
Nov,2,2,1,2,Returning_Visitor,False,False
Nov,1,1,3,8,New_Visitor,True,False
June,2,2,1,4,Returning_Visitor,False,False
Dec,2,2,6,10,Returning_Visitor,False,False
May,2,5,3,3,Returning_Visitor,False,False
Dec,1,1,1,2,Returning_Visitor,True,True
May,3,2,1,2,Returning_Visitor,False,False
Dec,8,13,9,20,Other,False,False
May,2,2,4,3,Returning_Visitor,False,False
May,3,2,2,6,New_Visitor,False,True
May,3,2,2,13,Returning_Visitor,False,False
Oct,3,2,1,3,Returning_Visitor,True,False
Jul,2,2,4,5,New_Visitor,False,False
May,1,1,1,4,Returning_Visitor,True,False
Dec,3,2,1,13,Returning_Visitor,False,False
May,1,1,3,11,Returning_Visitor,True,False
May,2,2,7,4,Returning_Visitor,False,False
May,3,2,1,13,Returning_Visitor,False,False
Dec,2,2,1,13,Returning_Visitor,False,False
Mar,3,2,3,3,Returning_Visitor,False,False
Dec,3,2,1,3,Returning_Visitor,True,False
May,2,2,3,1,Returning_Visitor,False,False
Mar,3,2,1,1,Returning_Visitor,True,False
May,2,2,3,6,Returning_Visitor,False,False
Oct,3,2,1,2,Returning_Visitor,False,False
Sep,2,2,3,1,Returning_Visitor,False,False
Jul,3,2,4,13,Returning_Visitor,False,False
May,1,1,6,2,Returning_Visitor,False,False
May,2,2,1,4,Returning_Visitor,False,False
Sep,2,2,5,2,Returning_Visitor,False,False
May,1,2,5,2,Returning_Visitor,False,False
Mar,1,1,1,1,Returning_Visitor,False,False
Nov,1,1,1,2,New_Visitor,False,False
Nov,4,2,9,2,Returning_Visitor,True,True
May,2,2,1,3,Returning_Visitor,True,False
Nov,3,2,1,3,Returning_Visitor,True,False
Oct,2,2,3,2,Returning_Visitor,False,False
Aug,2,2,8,4,Returning_Visitor,False,False
Nov,3,2,1,11,Returning_Visitor,True,False
May,1,1,6,4,Returning_Visitor,False,False
Nov,2,2,8,10,Returning_Visitor,False,True
Nov,2,2,1,3,Returning_Visitor,False,False
Dec,1,2,1,8,Returning_Visitor,False,False
May,1,1,5,2,Returning_Visitor,False,False
Mar,2,2,3,1,Returning_Visitor,False,False
May,2,2,4,13,Returning_Visitor,False,False
May,2,2,9,3,Returning_Visitor,False,False
Nov,2,4,3,10,Returning_Visitor,False,True
Aug,2,7,1,5,New_Visitor,False,False
Mar,2,2,1,1,Returning_Visitor,False,False
May,3,2,2,13,Returning_Visitor,False,False
Oct,1,1,4,4,Returning_Visitor,True,False
Nov,3,2,6,2,New_Visitor,False,False
Nov,2,6,2,1,Returning_Visitor,True,False
Nov,2,2,1,2,Returning_Visitor,False,False
May,2,2,9,5,New_Visitor,False,False
May,3,2,1,3,Returning_Visitor,False,False
May,2,2,3,5,New_Visitor,False,True
Nov,3,2,1,13,Returning_Visitor,False,False
Nov,2,2,1,2,Returning_Visitor,True,False
Aug,2,2,7,4,Returning_Visitor,True,False
May,2,2,2,3,Returning_Visitor,False,False
Dec,2,2,1,8,New_Visitor,True,False
Jul,2,2,1,1,Returning_Visitor,True,False
May,2,2,6,4,Returning_Visitor,True,True
Mar,2,2,1,3,Returning_Visitor,False,False
Mar,2,2,4,1,New_Visitor,False,True
Dec,2,6,3,1,Returning_Visitor,False,False
Sep,1,1,1,2,Returning_Visitor,False,False
Dec,2,2,2,10,Returning_Visitor,False,False
Nov,4,1,6,2,New_Visitor,False,True
Aug,2,2,6,5,Returning_Visitor,False,False
Mar,3,2,3,1,Returning_Visitor,True,False
May,2,2,2,2,Returning_Visitor,False,False
Sep,3,2,3,13,Returning_Visitor,False,False
May,3,2,1,3,Returning_Visitor,True,False
Jul,2,2,4,1,Returning_Visitor,False,False
Nov,2,2,1,2,Returning_Visitor,False,False
Nov,2,2,6,2,Returning_Visitor,False,False
Feb,1,1,3,3,Returning_Visitor,False,False
Dec,8,2,9,2,New_Visitor,True,False
Nov,2,2,9,2,Returning_Visitor,False,False
Nov,3,2,2,13,Returning_Visitor,False,False
Nov,3,3,2,11,New_Visitor,False,False
Nov,2,2,3,2,Returning_Visitor,False,True
Dec,1,1,8,2,Returning_Visitor,False,False
Mar,2,2,5,3,Returning_Visitor,True,False
Nov,2,2,1,2,Returning_Visitor,True,False
Sep,1,1,1,5,New_Visitor,False,True
Nov,2,2,3,2,Returning_Visitor,True,True
May,2,2,1,2,New_Visitor,False,True
May,3,2,8,13,Returning_Visitor,False,False
Nov,1,1,3,2,Returning_Visitor,False,False
May,2,2,4,4,Returning_Visitor,True,False
May,2,2,1,3,Returning_Visitor,False,False
Sep,2,4,3,2,New_Visitor,False,False
Sep,1,1,3,5,New_Visitor,True,False
Dec,2,2,2,2,Returning_Visitor,False,False
Jul,1,1,3,3,Returning_Visitor,True,False
Nov,1,1,4,10,Returning_Visitor,True,False
Mar,1,1,1,3,Returning_Visitor,False,False
Mar,3,2,1,3,Returning_Visitor,False,False
Aug,2,2,3,2,New_Visitor,False,True
Dec,3,2,3,1,Returning_Visitor,True,False
May,2,2,3,2,Returning_Visitor,False,False
May,1,1,3,3,Returning_Visitor,False,False
Nov,3,2,6,6,Returning_Visitor,False,False
Dec,2,5,1,2,Returning_Visitor,False,True
Nov,2,2,1,2,New_Visitor,False,False
Sep,2,2,1,2,New_Visitor,True,True
Nov,3,2,1,13,Returning_Visitor,False,False
Mar,1,1,1,3,Returning_Visitor,True,False
Nov,2,2,3,2,New_Visitor,False,True
Nov,1,8,1,11,Returning_Visitor,True,False
Dec,1,1,1,2,Returning_Visitor,False,False
Oct,1,1,1,5,Returning_Visitor,False,False
Dec,2,2,1,2,Returning_Visitor,True,False
May,2,4,1,4,Returning_Visitor,False,False
Nov,2,5,1,1,Returning_Visitor,False,False
Nov,2,2,4,2,Returning_Visitor,False,True
Feb,1,1,1,3,Returning_Visitor,False,False
Mar,2,2,3,1,New_Visitor,False,False
Nov,2,2,3,8,Returning_Visitor,False,False
Dec,1,1,1,2,New_Visitor,True,False
Nov,2,2,7,2,Returning_Visitor,False,False
Mar,2,2,1,2,Returning_Visitor,False,False
Mar,2,2,6,6,Returning_Visitor,False,False
Dec,2,2,4,1,Returning_Visitor,True,False
May,3,2,2,13,Returning_Visitor,False,False
Nov,3,2,1,2,Returning_Visitor,True,True
May,2,2,4,2,Returning_Visitor,False,True
May,3,2,1,13,Returning_Visitor,False,False
May,2,2,1,2,Returning_Visitor,True,False
May,2,4,1,2,Returning_Visitor,True,False
Mar,2,5,8,3,Returning_Visitor,True,False
Dec,3,2,1,1,Returning_Visitor,False,True
May,2,4,3,1,Returning_Visitor,False,False
Nov,2,2,1,1,Returning_Visitor,False,False
Mar,2,2,1,2,New_Visitor,True,False
Sep,1,1,1,3,New_Visitor,True,True
Aug,3,2,6,1,Returning_Visitor,False,False
Nov,2,2,1,3,Returning_Visitor,False,False
May,3,2,4,2,Returning_Visitor,False,False
Dec,3,2,3,11,New_Visitor,False,False
May,1,1,4,1,Returning_Visitor,True,False
Aug,2,2,1,3,Returning_Visitor,True,False
May,3,2,1,6,Returning_Visitor,False,False
Oct,2,2,1,2,New_Visitor,True,False
Mar,1,1,1,9,New_Visitor,True,False
Mar,2,4,9,10,Returning_Visitor,False,False
Mar,2,2,1,10,Returning_Visitor,False,False
Nov,4,2,1,3,Returning_Visitor,False,False
Sep,1,2,7,4,Returning_Visitor,False,False
May,2,2,7,1,Returning_Visitor,True,False
Dec,1,1,1,2,Returning_Visitor,False,False
May,2,4,7,2,Returning_Visitor,False,False
Nov,3,2,9,3,Returning_Visitor,False,False
May,3,2,1,2,Returning_Visitor,False,True
May,2,2,2,13,Returning_Visitor,False,False
Dec,2,7,3,2,New_Visitor,False,False
Jul,2,2,2,3,Returning_Visitor,False,False
Dec,3,2,3,13,Returning_Visitor,False,False
May,2,6,1,6,Returning_Visitor,False,False
May,1,1,1,4,Returning_Visitor,False,True
May,3,2,1,11,Returning_Visitor,False,False
May,3,2,9,3,Returning_Visitor,False,False
Dec,1,8,3,11,New_Visitor,False,False
May,3,2,1,13,Returning_Visitor,False,False
Nov,1,1,7,3,Returning_Visitor,False,True
Sep,2,2,7,1,Returning_Visitor,False,False
Dec,2,5,7,2,Returning_Visitor,False,False
Sep,2,2,1,3,Returning_Visitor,False,False
Dec,2,2,2,1,Returning_Visitor,False,False
Nov,2,2,2,2,Returning_Visitor,False,True
Oct,2,2,4,5,New_Visitor,False,True
Dec,1,1,7,2,New_Visitor,False,False
May,3,2,4,6,Returning_Visitor,True,False
May,2,2,3,1,Returning_Visitor,False,False
Aug,2,2,4,2,Returning_Visitor,False,False
Dec,2,2,9,2,New_Visitor,True,False
Mar,2,4,1,8,New_Visitor,False,True
Nov,2,4,1,1,Returning_Visitor,False,False
Mar,3,2,3,9,Returning_Visitor,True,False
Dec,2,2,3,2,Returning_Visitor,False,True
Nov,2,2,3,2,Returning_Visitor,True,False
May,2,2,4,13,Returning_Visitor,False,False
Nov,3,2,3,11,Returning_Visitor,True,False
May,1,1,1,2,Returning_Visitor,False,False
Dec,1,1,3,10,Returning_Visitor,False,False
May,2,2,1,13,Returning_Visitor,False,True
June,3,2,4,2,Returning_Visitor,True,True
May,2,2,4,1,Returning_Visitor,False,False
June,2,2,1,3,Returning_Visitor,False,False
Sep,3,2,3,1,Returning_Visitor,False,False
May,2,2,1,5,Returning_Visitor,False,False
Aug,2,2,1,3,Returning_Visitor,False,False
May,2,2,7,3,Returning_Visitor,False,False
Nov,2,2,1,10,Returning_Visitor,False,False
Jul,2,4,1,3,Returning_Visitor,True,False
Sep,2,2,2,1,Returning_Visitor,False,False
May,1,1,2,4,Returning_Visitor,True,False
May,2,10,4,1,Returning_Visitor,False,False
May,2,2,3,6,Returning_Visitor,False,False
Oct,2,2,5,20,Returning_Visitor,False,False
Nov,2,2,7,2,Returning_Visitor,False,False
Dec,3,2,1,1,Returning_Visitor,False,False
Nov,2,2,1,10,Returning_Visitor,False,True
Dec,1,1,4,2,Returning_Visitor,True,False
May,2,5,2,3,Returning_Visitor,False,True
Mar,2,2,6,1,Returning_Visitor,False,False
Nov,2,2,1,2,Returning_Visitor,False,False
May,3,2,1,4,New_Visitor,False,False
May,2,10,2,4,Returning_Visitor,False,False
Aug,1,1,4,1,Returning_Visitor,False,True
Sep,4,1,9,1,Returning_Visitor,False,False
Nov,2,5,4,11,Returning_Visitor,False,False
Nov,1,1,3,2,Returning_Visitor,False,True
Dec,1,1,3,2,Returning_Visitor,False,False
May,1,2,2,4,Returning_Visitor,False,False
Jul,1,2,1,4,Returning_Visitor,True,False
Nov,2,2,7,8,New_Visitor,False,False
Mar,2,5,3,2,Returning_Visitor,True,False
Aug,3,2,6,4,Returning_Visitor,False,False
Nov,2,2,3,2,Returning_Visitor,False,False
Nov,1,2,6,2,Returning_Visitor,False,False
Dec,2,2,4,10,Returning_Visitor,False,False
Nov,3,2,1,13,Returning_Visitor,False,False
Nov,2,2,1,10,Returning_Visitor,False,True
Mar,1,1,1,9,Returning_Visitor,True,False
May,3,2,3,2,New_Visitor,True,True
May,2,2,2,3,Returning_Visitor,False,False
Nov,1,2,1,2,Returning_Visitor,False,True
May,2,2,3,1,Returning_Visitor,False,False
May,2,5,1,19,Returning_Visitor,False,False
Aug,3,2,3,3,Returning_Visitor,False,False
Nov,3,2,3,2,New_Visitor,True,False
Nov,3,2,1,10,Returning_Visitor,False,False
Oct,2,5,1,2,New_Visitor,False,False
Aug,2,2,1,4,Returning_Visitor,False,False
May,3,2,2,4,Returning_Visitor,False,False
Nov,3,2,6,1,Returning_Visitor,False,False
Mar,3,2,1,10,Returning_Visitor,False,False
May,2,2,3,3,New_Visitor,False,False
Nov,2,2,7,1,Returning_Visitor,False,False
Nov,2,2,1,1,Returning_Visitor,False,False
May,3,2,7,2,New_Visitor,False,True
May,2,2,2,4,Returning_Visitor,True,False
Nov,2,2,1,2,Returning_Visitor,False,False
May,2,4,2,2,Returning_Visitor,False,False
May,2,2,1,13,Returning_Visitor,False,False
Nov,3,2,1,11,New_Visitor,False,False
Dec,1,1,3,2,Returning_Visitor,False,False
Mar,1,1,3,3,Returning_Visitor,False,False
Feb,2,2,4,3,Returning_Visitor,False,False
Nov,2,2,6,2,Returning_Visitor,True,False
May,2,2,2,1,Returning_Visitor,False,False
Mar,4,2,1,2,Returning_Visitor,True,True
May,4,1,2,2,New_Visitor,False,True
Dec,1,1,1,1,Returning_Visitor,False,False
Feb,2,6,1,1,Returning_Visitor,False,False
May,2,2,3,2,Returning_Visitor,True,False
Nov,1,1,1,2,New_Visitor,True,False
Nov,2,4,3,2,Returning_Visitor,False,True
Nov,1,2,3,2,New_Visitor,False,False
Dec,2,2,8,1,Returning_Visitor,False,False
Dec,2,2,1,2,Returning_Visitor,False,False
Mar,2,4,6,1,Returning_Visitor,True,False
Mar,3,2,1,10,Returning_Visitor,True,False
Dec,2,2,1,1,Returning_Visitor,False,False
May,1,1,1,3,Returning_Visitor,True,False
Mar,2,2,2,2,New_Visitor,True,False
Dec,8,13,9,20,Other,False,False
May,2,2,3,2,Returning_Visitor,False,False
Mar,3,2,3,10,Returning_Visitor,True,False
Mar,2,2,7,1,Returning_Visitor,False,False
Feb,1,1,1,3,Returning_Visitor,False,False
May,2,4,2,2,Returning_Visitor,False,False
Nov,1,4,8,8,New_Visitor,True,True
Dec,2,2,1,2,Returning_Visitor,False,False
Dec,3,2,1,20,Returning_Visitor,False,False
Mar,2,2,6,1,Returning_Visitor,False,False
May,2,2,1,4,Returning_Visitor,False,False
Mar,2,2,2,1,Returning_Visitor,False,False
Sep,3,2,6,1,Returning_Visitor,True,False
Oct,3,2,1,13,Returning_Visitor,False,False
Mar,2,2,8,6,New_Visitor,False,False
May,3,2,3,2,Returning_Visitor,False,False
Oct,2,2,5,1,Returning_Visitor,False,True
Nov,1,1,1,1,Returning_Visitor,False,False
Nov,2,2,2,2,New_Visitor,True,True
May,2,4,3,3,Returning_Visitor,False,False
Sep,2,2,4,4,Returning_Visitor,True,False
Nov,3,2,2,13,Returning_Visitor,False,False
Nov,2,2,1,2,Returning_Visitor,False,True
Dec,1,1,1,8,Returning_Visitor,True,False
Nov,2,2,8,3,New_Visitor,False,False
Nov,1,1,4,2,Returning_Visitor,False,False
May,3,2,7,6,Returning_Visitor,False,False
May,2,2,1,2,Returning_Visitor,False,False
May,2,2,1,13,Returning_Visitor,False,False
May,1,2,3,2,Returning_Visitor,False,False
Dec,1,1,6,2,Returning_Visitor,True,False
Mar,1,1,6,2,Returning_Visitor,True,False
Mar,4,1,1,11,Returning_Visitor,True,False
May,3,3,4,4,Returning_Visitor,False,False
Dec,2,2,1,2,Returning_Visitor,False,False
May,4,5,3,2,Returning_Visitor,False,True
Oct,4,1,8,2,New_Visitor,False,False
Nov,1,2,3,2,Returning_Visitor,False,False
May,1,1,1,1,Returning_Visitor,False,False
Nov,1,1,1,2,New_Visitor,False,False
Nov,2,2,4,1,Returning_Visitor,True,False
Dec,8,13,9,20,Other,False,False
May,2,2,6,13,Returning_Visitor,False,False
Dec,1,2,1,3,Returning_Visitor,False,False
May,1,1,3,3,Returning_Visitor,False,False
Dec,3,12,2,3,Returning_Visitor,False,False
Mar,2,2,1,1,Returning_Visitor,False,False
Nov,2,2,1,1,Returning_Visitor,False,False
Mar,2,2,2,2,Returning_Visitor,False,False
May,7,1,6,3,Returning_Visitor,False,False
Nov,2,10,1,2,Returning_Visitor,False,False
May,2,2,1,3,Returning_Visitor,False,True
Jul,2,10,2,2,New_Visitor,True,True
Aug,4,1,1,3,Returning_Visitor,False,True
Nov,1,2,1,2,Returning_Visitor,True,False
May,3,2,1,6,Returning_Visitor,False,False
May,2,2,2,13,Returning_Visitor,False,False
Dec,2,2,8,11,Returning_Visitor,False,False
May,3,2,3,3,Returning_Visitor,False,False
Mar,2,10,4,3,Returning_Visitor,True,False
Sep,1,1,3,5,New_Visitor,True,True
Nov,1,1,3,2,Returning_Visitor,False,False
Mar,3,2,6,2,Returning_Visitor,False,False
Nov,2,2,1,10,Returning_Visitor,False,False
Feb,1,1,3,3,Returning_Visitor,False,False
May,2,2,1,4,Returning_Visitor,False,False
Mar,2,2,1,2,Returning_Visitor,False,True
May,2,2,1,2,Returning_Visitor,True,True
Nov,2,5,7,10,Returning_Visitor,False,True
Nov,3,2,4,2,Returning_Visitor,True,True
Sep,2,2,3,2,Returning_Visitor,True,False
May,3,2,1,3,Returning_Visitor,False,False
Nov,2,2,1,3,Returning_Visitor,False,False
Dec,2,2,1,1,Returning_Visitor,False,False
May,3,2,7,4,Returning_Visitor,False,False
Dec,3,2,4,2,Returning_Visitor,False,False
Oct,2,2,3,4,New_Visitor,False,True
Feb,2,2,4,3,Returning_Visitor,False,False
Nov,3,2,9,2,New_Visitor,False,False
Nov,2,2,2,2,Returning_Visitor,False,False
May,2,2,1,2,Returning_Visitor,False,True
Mar,2,2,3,1,Returning_Visitor,False,False
Aug,1,1,3,3,New_Visitor,False,False
May,1,1,4,3,Returning_Visitor,False,False
Mar,2,4,1,1,Returning_Visitor,False,False
Mar,1,1,6,3,Returning_Visitor,False,False
Mar,3,2,7,1,Returning_Visitor,False,False
Dec,3,2,3,13,Returning_Visitor,False,False
Nov,2,2,1,2,Returning_Visitor,False,False
Mar,2,2,3,8,New_Visitor,False,False
Nov,1,1,4,1,Returning_Visitor,True,False
Nov,3,2,1,13,Returning_Visitor,True,False
Sep,3,3,4,5,New_Visitor,False,False
Nov,2,2,1,1,Returning_Visitor,False,True
Nov,3,2,2,1,Returning_Visitor,False,False
Mar,2,2,3,1,Returning_Visitor,False,False
Dec,2,4,1,8,New_Visitor,False,False
June,2,4,3,4,Returning_Visitor,False,False
May,2,2,1,3,New_Visitor,False,False
Mar,3,2,2,3,Returning_Visitor,False,False
May,2,2,1,6,Returning_Visitor,False,False
June,1,1,2,3,Returning_Visitor,False,False
Nov,2,2,1,10,Returning_Visitor,True,False
Dec,8,13,9,20,Other,False,False
Mar,3,7,3,3,Returning_Visitor,False,False
May,3,2,1,4,Returning_Visitor,True,False
May,3,2,1,2,Returning_Visitor,False,False
Mar,2,6,6,7,New_Visitor,False,False
May,1,1,2,3,Returning_Visitor,True,False
Aug,3,2,1,1,Returning_Visitor,False,False
May,1,1,1,1,Returning_Visitor,False,False
June,1,1,1,3,Returning_Visitor,False,False
Nov,8,2,3,20,New_Visitor,False,True
May,2,2,1,13,Returning_Visitor,False,False
Dec,2,2,9,1,Returning_Visitor,False,False
May,2,2,3,2,Returning_Visitor,False,False
Mar,2,2,1,1,Returning_Visitor,False,False
Mar,2,5,1,1,Returning_Visitor,False,False
Mar,1,1,1,10,Returning_Visitor,False,False
Nov,3,2,1,13,Returning_Visitor,False,False
Mar,4,2,2,2,New_Visitor,True,False
May,2,2,8,6,Returning_Visitor,False,True
Mar,3,2,3,1,Returning_Visitor,False,False
Dec,3,2,5,2,Returning_Visitor,False,False
Nov,2,2,1,2,Returning_Visitor,False,False
Mar,2,5,1,3,Returning_Visitor,False,False
May,2,2,7,4,Returning_Visitor,False,False
Nov,2,2,6,1,Returning_Visitor,False,False
Nov,3,2,5,2,New_Visitor,False,False
Mar,3,2,3,9,Returning_Visitor,True,False
Jul,2,4,3,1,Returning_Visitor,False,False
May,1,1,2,11,Returning_Visitor,True,False
Jul,1,2,9,2,New_Visitor,False,False
Mar,1,1,1,10,Returning_Visitor,False,False
May,2,2,1,4,Returning_Visitor,False,False
Dec,2,2,6,1,Returning_Visitor,False,False
Sep,3,2,7,13,Returning_Visitor,True,False
May,2,2,9,3,Returning_Visitor,False,False
Mar,3,2,4,3,Returning_Visitor,True,False
Dec,3,3,1,2,Returning_Visitor,True,False
Nov,2,2,1,3,Returning_Visitor,False,False
Nov,3,2,1,13,Returning_Visitor,False,False
Mar,2,6,3,1,Returning_Visitor,False,False
May,2,2,4,2,Returning_Visitor,False,False
Dec,3,2,3,1,Returning_Visitor,False,False
Aug,1,1,6,3,Returning_Visitor,True,False
Jul,2,2,1,13,Returning_Visitor,False,False
Aug,2,2,2,2,New_Visitor,False,True
June,3,2,6,5,New_Visitor,False,False
Nov,2,5,2,1,Returning_Visitor,False,True
May,2,2,1,1,Returning_Visitor,False,True
Jul,2,2,2,1,Returning_Visitor,False,False
Nov,3,2,3,8,Returning_Visitor,True,True
Nov,1,1,1,3,Returning_Visitor,False,True
May,2,2,1,1,Returning_Visitor,False,False
Nov,2,2,2,2,Returning_Visitor,False,False
Aug,2,2,4,4,New_Visitor,False,True
Mar,2,6,1,2,Returning_Visitor,False,False
Dec,2,2,1,1,Returning_Visitor,False,False
Dec,3,2,9,6,Returning_Visitor,False,False
May,3,2,1,1,Returning_Visitor,False,False
Nov,2,2,1,2,Returning_Visitor,False,True
Mar,3,2,1,2,Returning_Visitor,False,False
June,2,2,3,1,Returning_Visitor,False,False
May,4,1,3,5,New_Visitor,False,False
May,3,2,6,5,Returning_Visitor,False,False
May,3,2,4,2,Returning_Visitor,False,False
Sep,1,2,1,1,Returning_Visitor,False,False
Sep,1,1,4,2,Returning_Visitor,False,False
Nov,2,2,1,2,Returning_Visitor,False,True
May,2,6,6,1,Returning_Visitor,False,False
Feb,3,3,1,3,Returning_Visitor,False,False
Dec,2,2,1,20,Returning_Visitor,False,False
Mar,1,1,1,1,Returning_Visitor,False,False
Nov,2,2,1,1,Returning_Visitor,False,False
Nov,2,6,7,1,Returning_Visitor,False,False
May,2,2,9,13,Returning_Visitor,False,True
Mar,3,2,8,10,Returning_Visitor,False,False
May,2,2,1,1,Returning_Visitor,False,False
May,2,2,5,2,Returning_Visitor,False,False
Dec,2,2,1,3,Returning_Visitor,False,False
Nov,2,4,1,3,Returning_Visitor,False,True
May,2,2,3,13,Returning_Visitor,False,False
Nov,2,2,6,2,Returning_Visitor,False,False
Jul,2,2,2,4,Returning_Visitor,False,False
May,3,2,2,2,Returning_Visitor,True,False
Nov,3,2,6,2,Returning_Visitor,False,False
Nov,1,1,1,8,New_Visitor,False,False
Dec,2,5,4,2,Returning_Visitor,False,False
May,3,2,4,3,Returning_Visitor,False,False
Oct,1,1,3,2,Returning_Visitor,True,False
Mar,2,2,1,1,Returning_Visitor,False,False
Nov,2,2,3,2,Returning_Visitor,False,True
May,4,1,3,2,Returning_Visitor,False,False
Aug,2,2,2,2,New_Visitor,False,False
Aug,2,4,3,1,Returning_Visitor,False,False
Dec,3,3,1,3,Returning_Visitor,False,False
Nov,3,2,1,2,Returning_Visitor,True,False
Nov,2,2,1,3,New_Visitor,True,False
Dec,2,2,6,3,Returning_Visitor,False,False
Nov,2,2,4,2,New_Visitor,True,False
Dec,2,2,9,10,Returning_Visitor,False,False
May,2,2,6,13,Returning_Visitor,False,False
Nov,2,2,7,1,Returning_Visitor,False,False
Nov,1,1,2,5,New_Visitor,False,True
May,1,1,8,2,Returning_Visitor,False,False
Jul,3,2,9,13,Returning_Visitor,False,False
Mar,3,2,2,10,New_Visitor,False,False
May,1,1,4,4,Returning_Visitor,True,False
May,2,4,7,4,Returning_Visitor,False,False
Sep,1,1,4,3,New_Visitor,False,False
Mar,2,2,6,1,Returning_Visitor,False,False
May,4,1,2,2,Returning_Visitor,False,False
Nov,3,2,1,2,Returning_Visitor,False,False
May,2,2,2,11,Returning_Visitor,True,False
Nov,2,2,1,2,Returning_Visitor,False,True
Dec,3,2,2,2,Returning_Visitor,False,True
Nov,3,2,2,2,Returning_Visitor,False,False
Mar,1,1,3,2,Returning_Visitor,True,False
Dec,2,10,1,2,Returning_Visitor,False,False
Mar,2,2,3,7,Returning_Visitor,True,True
Mar,2,2,6,2,Returning_Visitor,False,False
Nov,2,2,1,2,Returning_Visitor,False,False
Mar,2,5,2,7,Returning_Visitor,False,True
Nov,1,1,1,2,Returning_Visitor,False,False
Nov,1,8,3,6,Returning_Visitor,True,True
May,2,5,1,3,Returning_Visitor,False,False
May,2,2,1,2,New_Visitor,False,False
Dec,2,2,2,2,Returning_Visitor,True,False
Nov,2,2,3,2,Returning_Visitor,False,False
Dec,1,1,1,2,New_Visitor,False,False
Nov,3,2,1,2,Returning_Visitor,False,False
Nov,1,1,1,3,Returning_Visitor,False,False
Sep,3,2,8,2,Returning_Visitor,True,False
Nov,2,10,1,2,Returning_Visitor,False,True
Nov,2,2,1,2,New_Visitor,False,False
Nov,2,2,1,13,Returning_Visitor,False,True
Nov,2,2,2,10,Returning_Visitor,True,False
Nov,1,1,7,2,Returning_Visitor,False,False
Mar,2,2,1,3,Returning_Visitor,True,False
Sep,2,2,2,5,New_Visitor,False,False
May,1,1,1,3,Returning_Visitor,False,False
Mar,2,2,1,1,Returning_Visitor,False,False
May,2,2,4,4,Returning_Visitor,False,False
Nov,2,2,7,2,Returning_Visitor,False,False
Mar,3,2,1,2,Returning_Visitor,True,False
May,1,1,9,3,Returning_Visitor,False,False
May,4,5,1,4,Returning_Visitor,False,False
May,2,2,1,13,New_Visitor,False,False
Nov,2,2,1,13,Returning_Visitor,True,False
Nov,2,2,1,2,New_Visitor,False,False
May,1,1,8,1,Returning_Visitor,False,False
Mar,1,2,1,8,New_Visitor,False,True
Oct,2,2,1,2,Returning_Visitor,False,False
May,3,2,4,5,New_Visitor,False,False
Nov,1,1,1,3,Returning_Visitor,False,False
May,2,2,6,3,Returning_Visitor,False,True
Nov,1,1,6,3,Returning_Visitor,True,True
June,2,4,9,3,Returning_Visitor,False,False
Nov,2,2,9,1,Returning_Visitor,False,True
Dec,2,4,1,1,Returning_Visitor,True,True
May,3,2,1,3,Returning_Visitor,False,False
Oct,4,1,3,6,Returning_Visitor,False,True
Dec,3,2,5,2,Returning_Visitor,False,False
May,3,2,7,3,Returning_Visitor,True,False
May,2,2,1,3,Returning_Visitor,False,False
Aug,2,2,1,3,New_Visitor,True,False
Nov,2,2,2,1,Returning_Visitor,False,False
Dec,2,2,2,6,Returning_Visitor,False,False
Mar,2,2,1,1,Returning_Visitor,False,False
May,2,2,1,4,Returning_Visitor,False,True
Feb,3,2,3,3,Returning_Visitor,False,False
Aug,3,2,3,2,New_Visitor,True,False
Dec,3,2,6,2,Returning_Visitor,True,False
May,2,4,9,3,Returning_Visitor,False,False
Dec,2,2,3,13,Returning_Visitor,True,False
Nov,2,2,1,4,Returning_Visitor,False,False
May,2,2,1,1,Returning_Visitor,True,False
Dec,1,1,8,2,Returning_Visitor,False,False
Nov,2,2,1,3,Returning_Visitor,False,False
Dec,2,10,4,1,Returning_Visitor,False,False
Nov,1,1,3,2,Returning_Visitor,False,False
Dec,2,2,6,2,New_Visitor,False,True
Nov,2,2,1,8,Returning_Visitor,False,True
Jul,2,2,7,3,Returning_Visitor,False,False
Oct,2,2,1,4,Returning_Visitor,False,False
Feb,1,1,1,2,Returning_Visitor,True,False
Dec,1,2,3,2,Returning_Visitor,False,False
June,2,2,2,13,Returning_Visitor,False,False
June,3,2,1,4,Returning_Visitor,False,False
Mar,2,2,3,3,Returning_Visitor,False,False
Dec,1,1,4,2,New_Visitor,True,False
Nov,2,2,3,1,Returning_Visitor,False,True
Mar,2,2,3,1,Returning_Visitor,False,False
Mar,2,2,2,2,Returning_Visitor,False,False
May,3,2,1,19,Returning_Visitor,False,False
Mar,2,5,7,1,Returning_Visitor,False,False
May,2,4,1,4,New_Visitor,True,False
May,2,2,1,4,Returning_Visitor,False,False
May,3,2,4,2,Returning_Visitor,True,False
Dec,2,2,1,1,Returning_Visitor,False,False
Nov,2,2,3,2,Returning_Visitor,False,False
May,2,6,1,6,Returning_Visitor,False,False
Nov,2,2,1,2,Returning_Visitor,False,False
May,1,1,1,3,Returning_Visitor,False,False
Nov,2,2,9,11,Returning_Visitor,True,True
Dec,3,2,1,2,New_Visitor,True,True
Nov,2,2,5,5,New_Visitor,False,True
Nov,3,2,3,1,Returning_Visitor,False,False
May,1,1,1,2,Returning_Visitor,False,False
May,2,5,1,5,Returning_Visitor,False,True
May,2,2,2,1,Returning_Visitor,True,False
Mar,2,2,1,2,Returning_Visitor,False,False
May,2,2,4,13,Returning_Visitor,True,False
Mar,2,2,1,2,Returning_Visitor,False,False
Mar,2,2,5,3,Returning_Visitor,True,False
Aug,4,2,1,2,Returning_Visitor,False,False
Nov,2,2,3,3,Returning_Visitor,False,False
Nov,1,1,1,10,Returning_Visitor,False,False
Nov,3,2,1,13,Returning_Visitor,False,False
Aug,1,1,1,2,Returning_Visitor,False,False
Nov,3,2,2,11,Returning_Visitor,False,False
Nov,2,2,3,1,Other,True,False
May,1,1,1,3,Returning_Visitor,False,False
Nov,1,8,1,11,Returning_Visitor,False,False
May,2,2,8,3,New_Visitor,False,False
Dec,8,13,9,20,Other,False,False
Mar,2,2,1,3,Returning_Visitor,False,True
May,2,4,1,6,Returning_Visitor,False,False
Feb,2,2,7,1,Returning_Visitor,False,False
May,2,2,1,3,Returning_Visitor,False,False
Dec,2,2,5,2,Returning_Visitor,False,False
May,1,1,1,4,New_Visitor,False,False
Mar,2,2,1,1,Returning_Visitor,False,False
May,2,2,1,3,Returning_Visitor,False,False
Mar,3,3,1,1,Returning_Visitor,False,False
Nov,2,2,4,10,Returning_Visitor,False,False
May,1,1,3,2,Returning_Visitor,False,False
May,3,2,8,13,Returning_Visitor,False,False
May,2,2,2,1,Returning_Visitor,True,False
Dec,1,1,1,1,Returning_Visitor,False,False
May,2,4,1,5,Returning_Visitor,False,False
Nov,2,4,9,20,Returning_Visitor,False,False
Mar,4,1,1,8,New_Visitor,True,False
Mar,2,2,3,1,Returning_Visitor,False,False
May,3,2,3,1,Returning_Visitor,False,False
Nov,3,2,1,3,Returning_Visitor,False,False
May,3,2,3,3,Returning_Visitor,False,False
May,1,1,2,4,Returning_Visitor,False,False
May,2,2,1,6,Returning_Visitor,False,False
May,2,4,3,3,Returning_Visitor,False,False
May,2,2,2,2,Returning_Visitor,False,False
Nov,2,2,2,2,Returning_Visitor,True,False
Nov,2,2,4,2,Returning_Visitor,False,False
Nov,2,2,2,4,Returning_Visitor,False,False
May,2,2,1,5,Returning_Visitor,False,False
Nov,2,2,1,13,Returning_Visitor,False,False
Mar,2,2,1,2,Returning_Visitor,False,False
Oct,2,5,1,1,Returning_Visitor,False,False
Mar,2,2,3,1,Returning_Visitor,False,False
Mar,2,2,1,2,Returning_Visitor,False,False
May,4,2,1,6,Returning_Visitor,False,False
May,3,2,1,3,Returning_Visitor,False,False
Mar,2,2,3,2,Returning_Visitor,True,False
May,1,1,3,4,Returning_Visitor,True,False
June,2,2,3,3,Returning_Visitor,False,False
May,3,2,7,6,Returning_Visitor,True,False
Dec,2,2,6,2,Returning_Visitor,True,False
Nov,2,2,1,3,Returning_Visitor,False,False
Mar,4,2,1,1,Returning_Visitor,False,False
Oct,3,2,3,6,Returning_Visitor,False,True
Mar,2,2,9,2,New_Visitor,False,True
May,1,1,9,1,Returning_Visitor,False,False
Nov,1,2,2,10,Returning_Visitor,True,False
Nov,1,1,1,10,Returning_Visitor,False,False
Nov,2,2,1,2,New_Visitor,False,True
Jul,3,2,4,1,Returning_Visitor,False,False
May,2,4,3,1,Returning_Visitor,False,False
Dec,2,2,1,3,Returning_Visitor,False,False
Mar,1,1,4,1,Returning_Visitor,True,False
Aug,4,1,3,1,New_Visitor,True,False
Mar,2,2,6,2,Returning_Visitor,False,False
May,3,2,4,4,Returning_Visitor,True,False
Jul,2,2,9,1,Returning_Visitor,False,False
May,3,2,2,13,Returning_Visitor,False,False
May,2,6,2,2,Returning_Visitor,False,False
Sep,3,2,3,4,Returning_Visitor,False,False
Nov,2,5,3,2,Returning_Visitor,False,False
May,2,2,1,2,Returning_Visitor,False,False
Nov,2,2,1,4,Returning_Visitor,False,False
Mar,1,1,6,9,New_Visitor,True,False
Dec,2,2,4,1,Returning_Visitor,False,False
Oct,1,1,1,2,New_Visitor,False,False
May,2,2,2,1,Returning_Visitor,False,False
May,2,2,1,2,New_Visitor,False,False
Nov,2,5,4,2,Returning_Visitor,True,True
Mar,1,1,6,1,Returning_Visitor,False,False
May,2,2,8,3,Returning_Visitor,False,False
May,2,2,1,2,Returning_Visitor,False,False
May,2,10,9,4,Returning_Visitor,False,False
Nov,1,10,3,2,Returning_Visitor,False,False
Dec,2,10,1,1,Returning_Visitor,False,False
May,3,2,1,13,Returning_Visitor,False,False
May,2,2,2,4,Returning_Visitor,False,False
Sep,2,2,1,1,Returning_Visitor,True,False
Dec,2,2,4,2,Returning_Visitor,False,False
May,3,2,3,4,Returning_Visitor,True,False
Nov,2,2,8,2,Returning_Visitor,False,True
May,2,4,4,1,Returning_Visitor,True,False
Mar,4,2,9,10,Returning_Visitor,True,True
Mar,2,5,1,2,New_Visitor,False,False
Dec,3,2,3,2,Returning_Visitor,False,False
Nov,1,8,3,6,Returning_Visitor,True,False
Dec,1,1,1,2,New_Visitor,False,False
June,2,2,6,13,Returning_Visitor,False,False
Aug,2,2,9,13,Returning_Visitor,False,False
Nov,3,2,2,13,Returning_Visitor,False,True
Mar,1,1,2,2,New_Visitor,True,False
Dec,2,2,7,1,Returning_Visitor,False,False
Jul,3,2,4,1,Returning_Visitor,False,False
Dec,1,1,3,2,Returning_Visitor,False,True
Nov,3,2,1,2,Returning_Visitor,True,False
Dec,2,2,3,2,Returning_Visitor,False,True
Nov,2,2,7,2,Returning_Visitor,False,True
Nov,2,2,7,2,New_Visitor,False,False
Feb,2,6,1,2,Returning_Visitor,False,False
Aug,1,1,3,4,Returning_Visitor,False,False
June,2,5,1,1,Returning_Visitor,False,False
Mar,1,1,1,8,New_Visitor,False,False
Nov,8,2,9,2,Other,False,False
May,2,4,4,3,Returning_Visitor,False,False
Dec,2,2,3,2,New_Visitor,False,True
May,1,1,6,1,Returning_Visitor,False,False
Nov,2,2,9,8,New_Visitor,False,False
Dec,1,1,3,10,Returning_Visitor,False,False
May,2,2,4,3,New_Visitor,False,False
May,1,1,1,6,New_Visitor,True,False
Jul,3,2,6,1,Returning_Visitor,False,False
Dec,8,13,9,20,Other,False,False
Nov,3,2,4,11,Returning_Visitor,True,True
May,2,10,5,1,Returning_Visitor,False,False
May,2,2,3,6,Returning_Visitor,False,False
Oct,1,1,1,2,Returning_Visitor,False,False
May,4,1,1,2,Returning_Visitor,True,False
May,3,2,1,13,Returning_Visitor,False,False
Nov,2,6,3,3,Returning_Visitor,False,False
Mar,2,2,4,1,Returning_Visitor,False,False
Mar,3,2,6,3,Returning_Visitor,False,False
May,3,2,1,1,Returning_Visitor,False,False
Nov,8,2,7,2,New_Visitor,False,True
Oct,2,2,1,1,Returning_Visitor,False,False
May,3,2,1,1,Returning_Visitor,False,False
Dec,1,1,1,8,Returning_Visitor,False,False
Dec,3,2,1,1,Returning_Visitor,True,False
Dec,2,2,1,3,Returning_Visitor,False,False
Aug,4,2,1,2,Returning_Visitor,False,True
Mar,2,2,4,1,Returning_Visitor,False,False
Mar,2,2,4,1,Returning_Visitor,False,False
Nov,3,2,3,13,Returning_Visitor,False,False
Feb,2,2,1,3,Returning_Visitor,False,False
Dec,2,2,1,13,Returning_Visitor,False,False
May,1,1,3,4,Returning_Visitor,True,False
Dec,2,2,7,2,Returning_Visitor,False,False
May,1,1,4,1,Returning_Visitor,False,False
May,2,2,1,2,Returning_Visitor,False,False
Oct,2,2,3,1,Returning_Visitor,False,False
Jul,1,1,3,4,Returning_Visitor,False,False
Dec,2,2,3,2,Returning_Visitor,False,False
May,2,4,8,4,Returning_Visitor,True,False
Nov,2,2,1,13,Returning_Visitor,True,True
Nov,2,5,9,2,Returning_Visitor,False,False
Nov,2,2,3,8,New_Visitor,False,False
Nov,3,2,4,2,Returning_Visitor,True,True
Dec,3,2,3,2,Returning_Visitor,False,False
Dec,1,1,7,2,New_Visitor,False,True
Dec,2,2,1,10,Returning_Visitor,False,False
Nov,2,2,1,2,Returning_Visitor,False,False
May,2,2,1,6,Returning_Visitor,False,False
Sep,2,2,2,1,Returning_Visitor,False,False
Nov,3,2,3,2,Returning_Visitor,False,False
Nov,2,2,9,2,New_Visitor,True,False
Nov,2,4,1,2,Returning_Visitor,False,False
May,4,1,3,3,Returning_Visitor,False,False
Nov,3,2,3,2,Returning_Visitor,False,False
May,4,1,1,4,Returning_Visitor,True,True
Mar,2,2,7,3,Returning_Visitor,True,False
Mar,3,2,4,2,Returning_Visitor,True,False
May,2,6,3,6,Returning_Visitor,False,False
Nov,1,1,1,3,Returning_Visitor,True,False
Feb,1,1,2,3,Returning_Visitor,False,False
Nov,3,2,4,13,Returning_Visitor,False,True
May,3,2,3,4,Returning_Visitor,False,False
Nov,3,2,2,13,Returning_Visitor,False,False
June,3,2,5,13,Returning_Visitor,False,False
May,2,6,1,1,Returning_Visitor,False,False
Nov,1,1,3,2,Returning_Visitor,True,False
May,3,2,3,13,Returning_Visitor,False,False
May,3,2,4,3,Returning_Visitor,False,False
Dec,3,2,4,8,New_Visitor,False,False
May,1,1,1,3,Returning_Visitor,False,False
May,2,2,3,13,Returning_Visitor,False,False
May,1,1,4,3,Returning_Visitor,False,True
Mar,2,2,4,1,Returning_Visitor,False,False
Nov,2,2,3,2,Returning_Visitor,False,False
May,4,1,1,4,Returning_Visitor,False,False
June,4,1,1,3,Returning_Visitor,False,False
May,1,1,8,6,Returning_Visitor,True,False
May,2,4,4,2,Returning_Visitor,False,False
Dec,2,5,2,1,Returning_Visitor,False,False
May,1,1,1,3,Returning_Visitor,False,False
May,1,1,1,4,Returning_Visitor,True,False
Oct,3,2,2,3,New_Visitor,True,False
June,1,1,1,4,Returning_Visitor,False,False
Nov,4,1,1,8,Returning_Visitor,True,False
Mar,1,1,1,2,Returning_Visitor,False,False
Nov,2,2,1,6,Returning_Visitor,False,False
Sep,2,2,1,3,Returning_Visitor,False,False
May,1,1,5,2,New_Visitor,False,False
May,2,2,1,1,Returning_Visitor,False,False
May,1,1,8,2,Returning_Visitor,False,False
Dec,2,2,9,2,New_Visitor,False,False
Mar,2,2,3,1,Returning_Visitor,False,False
Mar,2,2,1,1,Returning_Visitor,False,False
Mar,4,1,1,3,Returning_Visitor,False,False
May,2,2,2,13,Returning_Visitor,False,False
May,3,2,6,13,Returning_Visitor,False,True
Dec,4,2,1,2,New_Visitor,False,False
Feb,1,1,1,1,Returning_Visitor,False,False
Nov,2,2,6,2,New_Visitor,False,False
Feb,2,2,5,1,Returning_Visitor,False,False
Dec,2,2,7,10,Returning_Visitor,False,False
May,2,2,3,4,Returning_Visitor,False,False
Jul,2,2,1,6,Returning_Visitor,False,False
Mar,2,4,3,1,Returning_Visitor,False,False
Jul,2,4,9,6,Returning_Visitor,False,False
Nov,2,2,1,2,Returning_Visitor,False,False
May,4,1,4,2,Returning_Visitor,False,False
Nov,2,2,1,2,Returning_Visitor,True,False
May,3,2,1,3,Returning_Visitor,False,False
Mar,1,1,1,2,New_Visitor,False,True
Nov,2,2,4,2,Returning_Visitor,False,False
Mar,3,2,7,1,Returning_Visitor,False,False
Nov,1,2,1,10,Returning_Visitor,False,False
Nov,3,2,1,7,New_Visitor,False,False
Sep,3,2,3,1,Returning_Visitor,False,False
Jul,1,1,3,4,Returning_Visitor,True,False
Mar,3,2,1,1,Returning_Visitor,False,False
May,2,4,7,6,Returning_Visitor,False,False
Nov,2,2,3,2,Returning_Visitor,False,False
Dec,2,2,2,10,Returning_Visitor,False,True
May,2,2,3,6,Returning_Visitor,False,False
May,2,10,3,3,Returning_Visitor,False,False
Dec,2,2,1,3,Returning_Visitor,False,False
Mar,2,5,1,2,Returning_Visitor,False,False
Nov,2,2,3,2,Returning_Visitor,False,False
Nov,2,2,1,8,Returning_Visitor,True,False
May,3,2,3,1,Returning_Visitor,True,False
Nov,1,1,1,3,Returning_Visitor,False,False
Aug,3,2,4,1,Returning_Visitor,True,False
May,2,10,1,3,Returning_Visitor,False,False
Mar,2,5,1,1,Returning_Visitor,False,False
Oct,2,5,7,2,Returning_Visitor,False,False
Oct,4,2,9,7,Returning_Visitor,False,False
Nov,2,4,1,8,Returning_Visitor,False,False
June,2,2,4,1,Returning_Visitor,False,False
Nov,2,2,1,2,Returning_Visitor,False,True
May,3,2,7,13,Returning_Visitor,False,False
Dec,2,2,4,1,Returning_Visitor,False,False
Nov,3,2,3,2,Returning_Visitor,True,False
Nov,3,2,3,13,Returning_Visitor,False,False
May,2,2,1,2,Returning_Visitor,False,False
May,2,2,1,6,Returning_Visitor,False,False
Mar,3,2,4,1,Returning_Visitor,False,False
Nov,2,2,1,2,Returning_Visitor,False,True
Nov,2,2,9,20,Returning_Visitor,True,False
Sep,3,2,6,4,Returning_Visitor,False,False
May,2,2,2,4,Returning_Visitor,False,False
Mar,1,1,2,10,Returning_Visitor,False,True
May,6,2,3,5,Returning_Visitor,False,False
Sep,4,1,1,2,Returning_Visitor,False,False
May,3,2,9,13,Returning_Visitor,False,False
May,2,2,1,2,Returning_Visitor,False,False
May,1,1,3,2,Returning_Visitor,False,False
May,2,2,4,4,Returning_Visitor,False,False
Mar,2,4,7,2,Returning_Visitor,False,True
Dec,2,2,1,2,Returning_Visitor,False,False
Aug,2,2,1,3,Returning_Visitor,False,False
Dec,2,2,3,2,Returning_Visitor,False,False
Dec,1,1,3,2,Returning_Visitor,True,False
Mar,1,1,1,2,New_Visitor,False,True
Sep,2,1,1,2,Returning_Visitor,False,False
Mar,2,2,4,6,Returning_Visitor,False,False
May,3,2,7,6,Returning_Visitor,False,False
Nov,2,2,3,2,Returning_Visitor,False,False
Mar,2,2,3,6,Returning_Visitor,False,False
Mar,1,1,1,2,Returning_Visitor,False,True
Oct,2,2,1,2,Returning_Visitor,False,False
Oct,2,2,6,2,Returning_Visitor,False,True
Feb,3,2,4,2,Returning_Visitor,False,False
May,2,2,4,1,Returning_Visitor,False,False
Mar,2,2,1,1,Returning_Visitor,False,False
Mar,3,2,3,2,Returning_Visitor,False,False
Sep,2,2,1,2,Returning_Visitor,False,False
Mar,1,1,1,2,New_Visitor,False,True
Nov,4,2,3,2,Returning_Visitor,False,True
May,1,1,6,4,Returning_Visitor,False,False
Aug,2,10,7,3,Returning_Visitor,False,False
Mar,1,1,1,2,Returning_Visitor,False,False
May,2,2,5,4,New_Visitor,False,False
May,2,4,4,2,Returning_Visitor,False,False
May,4,1,1,3,Returning_Visitor,False,False
May,1,1,1,3,Returning_Visitor,False,False
Nov,3,2,1,3,Returning_Visitor,False,False
Nov,1,1,4,8,Returning_Visitor,True,False
Dec,2,2,1,2,Returning_Visitor,False,False
May,3,2,4,4,Returning_Visitor,True,False
May,2,2,1,5,New_Visitor,False,False
Mar,2,4,7,2,Returning_Visitor,False,False
Oct,1,1,1,3,Returning_Visitor,False,False
Nov,1,2,3,8,Returning_Visitor,False,False
Mar,2,4,3,1,Returning_Visitor,False,False
Nov,1,1,9,1,Returning_Visitor,False,False
Sep,1,1,6,2,Returning_Visitor,False,False
June,2,2,2,1,Returning_Visitor,False,False
Nov,2,2,1,3,Returning_Visitor,False,True
Dec,2,2,2,2,Returning_Visitor,False,False
Aug,2,2,2,13,Returning_Visitor,False,False
Nov,2,2,2,2,Returning_Visitor,False,True
May,1,1,6,4,Returning_Visitor,True,False
Dec,1,2,1,2,Returning_Visitor,False,True
Dec,2,4,1,2,Returning_Visitor,False,True
Mar,2,2,4,3,Returning_Visitor,False,False
May,2,2,4,2,Returning_Visitor,True,False
Nov,2,2,1,2,Returning_Visitor,False,False
May,3,2,4,3,Returning_Visitor,False,False
May,2,2,4,4,Returning_Visitor,False,False
Nov,2,4,1,2,New_Visitor,False,False
Dec,4,2,1,8,New_Visitor,False,False
Mar,2,2,1,3,Returning_Visitor,False,False
Nov,3,2,3,13,Returning_Visitor,True,False
Mar,1,1,4,9,Returning_Visitor,True,False
May,1,2,5,2,Returning_Visitor,False,False
May,2,2,3,1,Returning_Visitor,True,False
Dec,2,5,1,8,Returning_Visitor,True,False
May,2,2,6,1,Returning_Visitor,False,False
Mar,3,2,3,1,Returning_Visitor,False,False
Mar,1,1,3,9,Returning_Visitor,True,False
Oct,1,1,9,3,Returning_Visitor,False,True
Nov,2,4,3,2,New_Visitor,False,False
Dec,3,3,2,8,Returning_Visitor,False,False
Dec,2,2,1,13,Returning_Visitor,False,False
Mar,2,2,1,1,Returning_Visitor,False,False
Dec,2,2,8,2,Returning_Visitor,False,False
May,2,2,9,3,Returning_Visitor,True,False
May,2,2,4,3,Returning_Visitor,False,False
Mar,2,2,3,3,Returning_Visitor,False,False
Nov,2,5,3,3,Returning_Visitor,True,False
Dec,3,2,1,2,Returning_Visitor,False,False
Nov,1,1,4,1,Returning_Visitor,True,False
May,3,2,1,2,Returning_Visitor,False,False
Nov,3,2,1,2,New_Visitor,False,False
May,2,10,2,5,Returning_Visitor,True,False
Aug,2,2,2,4,Returning_Visitor,False,False
Dec,1,1,3,1,Returning_Visitor,False,False
Dec,2,2,7,3,Returning_Visitor,True,False
Dec,2,2,1,2,Returning_Visitor,False,False
Sep,2,2,1,5,New_Visitor,False,False
Dec,3,2,9,2,Returning_Visitor,False,False
Nov,2,2,2,1,Returning_Visitor,True,True
Sep,3,2,2,3,Returning_Visitor,True,False
Nov,4,2,1,11,Returning_Visitor,False,True
Mar,3,2,1,10,Returning_Visitor,True,False
Sep,3,2,3,2,Returning_Visitor,False,True
Mar,1,1,4,1,Returning_Visitor,False,False
Aug,1,1,4,2,Returning_Visitor,False,False
Mar,2,5,3,10,Returning_Visitor,False,False
Dec,1,1,2,8,New_Visitor,True,True
Mar,3,3,1,3,Returning_Visitor,True,False
Jul,3,2,3,3,Returning_Visitor,False,False
May,2,5,1,3,Returning_Visitor,False,False
Dec,1,1,4,3,Returning_Visitor,False,False
May,2,2,1,1,Returning_Visitor,False,False
May,2,2,7,4,Returning_Visitor,True,True
Dec,1,2,1,2,Returning_Visitor,True,False
Mar,2,2,1,2,Returning_Visitor,False,False
Sep,2,2,4,1,Returning_Visitor,False,False
Dec,3,2,3,8,Returning_Visitor,False,False
Mar,3,2,8,8,New_Visitor,False,False
Nov,2,2,9,3,Returning_Visitor,False,False
Oct,1,1,7,3,Returning_Visitor,False,False
May,4,2,1,3,Returning_Visitor,False,False
Sep,2,2,4,3,Returning_Visitor,False,True
May,2,4,1,3,Returning_Visitor,False,False
Dec,3,2,1,1,Returning_Visitor,False,False
May,2,4,8,2,Returning_Visitor,False,False
Sep,2,2,1,2,Returning_Visitor,False,False
May,2,6,6,1,Returning_Visitor,False,False
May,2,2,1,6,Returning_Visitor,True,False
May,3,2,3,1,Returning_Visitor,True,False
May,2,4,1,6,Returning_Visitor,False,False
Mar,4,2,1,2,Returning_Visitor,False,False
Aug,2,2,3,13,Returning_Visitor,False,False
Sep,3,2,3,2,Returning_Visitor,False,False
Nov,1,2,1,2,Returning_Visitor,False,False
Mar,3,2,4,15,Returning_Visitor,True,False
Oct,2,2,1,1,Returning_Visitor,False,False
Oct,2,2,3,2,Returning_Visitor,False,True
Oct,2,2,7,3,Returning_Visitor,False,False
May,2,5,4,2,Returning_Visitor,False,False
Jul,1,8,1,5,Returning_Visitor,False,False
Jul,2,10,2,2,Returning_Visitor,False,False
Dec,2,2,3,2,Returning_Visitor,False,False
Mar,2,4,9,2,Returning_Visitor,False,True
May,2,2,1,4,Returning_Visitor,False,False
Dec,8,13,9,20,Other,True,True
Nov,2,3,1,3,Returning_Visitor,True,False
Nov,1,1,1,3,New_Visitor,False,False
May,2,4,7,6,Returning_Visitor,False,False
Nov,3,2,3,1,Returning_Visitor,False,False
Dec,1,1,3,3,Returning_Visitor,False,False
Mar,1,1,3,3,New_Visitor,True,False
Nov,3,2,9,2,Returning_Visitor,True,False
May,2,2,7,2,Returning_Visitor,False,False
Aug,1,1,7,3,New_Visitor,False,False
Mar,2,4,1,1,Returning_Visitor,True,False
Mar,2,2,7,1,Returning_Visitor,False,False
Mar,2,2,1,13,Returning_Visitor,False,False
Nov,2,4,2,2,Returning_Visitor,True,True
Jul,2,2,4,1,Returning_Visitor,True,False
Dec,3,2,8,2,New_Visitor,False,False
Dec,8,13,9,20,Other,True,False
Nov,2,2,1,2,Returning_Visitor,False,False
Mar,2,2,7,2,New_Visitor,True,False
Nov,1,2,1,10,Returning_Visitor,True,False
May,1,1,2,2,Returning_Visitor,True,True
Mar,4,1,1,1,Returning_Visitor,False,False
Dec,8,13,9,20,Other,False,False
Mar,2,2,3,2,Returning_Visitor,False,False
May,2,2,2,3,Returning_Visitor,False,False
Mar,2,2,9,10,Returning_Visitor,False,False
Nov,2,2,1,13,Returning_Visitor,False,False
May,2,2,1,2,Returning_Visitor,False,False
Nov,2,2,1,1,Returning_Visitor,False,False
May,1,8,9,4,Returning_Visitor,True,False
Mar,1,1,1,1,Returning_Visitor,False,False
Dec,2,2,9,2,New_Visitor,False,False
Nov,3,2,2,13,Returning_Visitor,False,False
May,2,2,9,1,Returning_Visitor,False,False
Mar,4,1,3,2,Returning_Visitor,False,False
Dec,2,2,8,1,Returning_Visitor,False,False
Feb,2,2,7,3,Returning_Visitor,False,False
May,2,2,5,2,New_Visitor,False,True
Nov,2,2,2,1,Returning_Visitor,False,False
May,2,5,3,1,Returning_Visitor,True,False
Mar,2,2,2,3,Returning_Visitor,False,False
Nov,1,8,3,1,Returning_Visitor,True,False
Dec,8,13,9,20,Other,False,False
Nov,1,1,8,2,Returning_Visitor,False,False
June,3,2,1,3,Returning_Visitor,False,False
May,1,1,3,3,Returning_Visitor,False,False
Sep,2,2,3,6,Returning_Visitor,False,False
Jul,1,1,1,1,Returning_Visitor,False,False
Mar,2,2,6,1,Returning_Visitor,False,False
Nov,2,2,1,2,Returning_Visitor,False,False
May,2,6,1,3,New_Visitor,False,False
June,2,2,3,1,Returning_Visitor,False,False
Dec,2,2,7,1,Returning_Visitor,False,False
Nov,1,2,1,2,New_Visitor,False,False
Oct,3,2,7,11,New_Visitor,True,False
Nov,1,1,9,2,Returning_Visitor,False,False
Sep,1,1,1,3,New_Visitor,False,False
May,1,1,4,2,Returning_Visitor,True,False
Dec,3,2,4,8,Returning_Visitor,False,True
May,4,2,6,3,Returning_Visitor,True,False
Nov,2,2,6,2,Returning_Visitor,True,True
Mar,1,1,1,2,Returning_Visitor,False,False
May,3,2,6,4,Returning_Visitor,True,False
Mar,3,2,1,1,Returning_Visitor,False,False
Mar,1,2,6,3,Returning_Visitor,False,False
Oct,2,4,3,2,Returning_Visitor,False,False
Mar,2,2,3,8,New_Visitor,True,True
Mar,2,2,1,1,Returning_Visitor,False,True
Mar,3,2,1,3,Returning_Visitor,False,False
May,4,1,1,1,Returning_Visitor,True,False
Sep,4,2,1,4,Returning_Visitor,False,False
Dec,2,2,1,3,Returning_Visitor,False,False
Dec,1,8,1,10,Returning_Visitor,False,False
Sep,2,2,1,13,Returning_Visitor,False,False
Nov,2,2,3,2,Returning_Visitor,False,True
Dec,2,5,3,1,Returning_Visitor,True,False
Mar,4,1,1,3,Returning_Visitor,True,False
May,2,4,6,3,Returning_Visitor,False,False
May,1,1,1,3,Returning_Visitor,False,False
May,2,2,2,2,Returning_Visitor,True,False
Jul,2,2,2,3,Returning_Visitor,True,False
May,2,4,3,2,New_Visitor,False,False
Nov,1,2,1,8,New_Visitor,False,False
Mar,2,2,2,2,Returning_Visitor,True,False
May,2,2,5,1,Returning_Visitor,False,False
May,2,2,6,1,Returning_Visitor,False,False
Nov,2,2,1,2,New_Visitor,False,True
May,1,1,1,2,Returning_Visitor,False,False
Nov,1,1,8,2,New_Visitor,False,True
Mar,1,1,9,8,New_Visitor,False,False
Jul,1,1,2,4,Returning_Visitor,True,False
Nov,2,2,3,2,Returning_Visitor,False,False
Mar,4,1,1,10,Returning_Visitor,False,False
Aug,2,2,6,5,New_Visitor,False,False
May,3,2,3,3,Returning_Visitor,False,False
May,2,2,1,2,New_Visitor,False,True
Mar,1,1,1,1,Returning_Visitor,False,False
May,2,2,5,3,Returning_Visitor,False,False
Nov,2,2,3,2,New_Visitor,False,False
Mar,2,2,1,2,Returning_Visitor,False,True
Nov,4,1,3,1,Returning_Visitor,True,True
May,2,2,1,3,Returning_Visitor,False,False
Mar,1,1,1,3,Returning_Visitor,True,False
Dec,2,13,9,20,New_Visitor,False,True
Mar,2,4,1,2,Returning_Visitor,False,False
May,1,1,1,1,Returning_Visitor,False,False
Mar,2,4,3,2,Returning_Visitor,False,False
Mar,2,2,7,1,Returning_Visitor,False,False
Nov,3,2,7,11,Returning_Visitor,False,True
Nov,1,1,1,2,Returning_Visitor,False,True
Nov,4,1,7,2,Returning_Visitor,False,False
Dec,2,2,8,2,Returning_Visitor,False,False
May,3,2,8,2,Returning_Visitor,False,False
June,2,2,7,4,Returning_Visitor,True,False
June,2,2,2,2,Returning_Visitor,True,False
Aug,1,1,1,3,Returning_Visitor,False,False
May,1,1,1,2,Returning_Visitor,True,False
Nov,2,2,7,13,Returning_Visitor,True,False
May,2,2,1,3,Returning_Visitor,False,False
Feb,1,1,4,3,Returning_Visitor,False,False
May,3,2,1,2,Returning_Visitor,True,False
Nov,3,2,4,3,Returning_Visitor,False,False
Dec,2,2,2,6,Returning_Visitor,False,False
Nov,4,2,1,1,Returning_Visitor,True,False
May,2,2,8,3,Returning_Visitor,False,False
Dec,2,4,4,1,Returning_Visitor,False,False
Mar,2,2,2,10,Returning_Visitor,True,False
Dec,3,2,1,1,Returning_Visitor,False,False
Nov,1,1,6,1,Returning_Visitor,False,False
Oct,2,2,6,3,Returning_Visitor,False,True
Dec,1,8,3,1,Returning_Visitor,True,False
May,1,2,1,2,Returning_Visitor,False,False
Mar,3,2,6,1,Returning_Visitor,False,False
Dec,3,2,2,3,Returning_Visitor,False,True
Nov,2,2,1,8,Returning_Visitor,False,False
Mar,2,2,2,3,New_Visitor,True,True
Jul,2,2,1,2,Returning_Visitor,True,False
Dec,3,2,1,13,Returning_Visitor,False,False
May,1,8,3,1,Returning_Visitor,False,False
May,2,2,1,13,Returning_Visitor,False,False
May,3,2,1,2,Returning_Visitor,True,True
May,2,10,1,1,Returning_Visitor,True,False
May,2,10,3,4,Returning_Visitor,False,False
May,2,2,6,19,Returning_Visitor,False,False
Dec,3,2,5,1,Returning_Visitor,True,True
Dec,3,2,1,11,New_Visitor,False,True
May,1,1,1,7,Returning_Visitor,False,False
May,4,2,8,4,Returning_Visitor,False,False
Dec,3,2,1,2,Returning_Visitor,False,False
Sep,3,2,1,2,Returning_Visitor,False,False
Nov,2,5,6,2,New_Visitor,False,False
Nov,2,2,3,2,Returning_Visitor,False,False
Nov,4,2,1,8,New_Visitor,False,False
Nov,2,2,1,10,Returning_Visitor,False,True
Oct,1,1,4,2,New_Visitor,False,True
Dec,2,2,1,2,New_Visitor,False,False
Mar,2,4,1,2,Returning_Visitor,False,True
May,2,2,3,1,Returning_Visitor,False,False
Nov,2,2,1,2,Returning_Visitor,False,False
Nov,2,2,1,3,Returning_Visitor,False,False
May,1,1,1,3,Returning_Visitor,False,False
Nov,1,1,1,8,Returning_Visitor,True,False
Aug,2,2,1,2,Returning_Visitor,False,False
Aug,2,5,1,2,New_Visitor,True,False
May,2,2,1,1,Returning_Visitor,False,False
May,2,2,1,4,New_Visitor,True,False
Dec,2,2,7,2,Returning_Visitor,False,False
Dec,1,2,1,8,Returning_Visitor,True,False
Dec,3,3,1,8,New_Visitor,False,False
Dec,8,13,9,20,Other,False,True
Mar,3,2,2,10,Returning_Visitor,False,False
Dec,2,2,1,2,Returning_Visitor,False,False
Jul,1,1,4,2,Returning_Visitor,True,False
Oct,2,2,1,20,Returning_Visitor,False,False
Dec,2,2,7,2,Returning_Visitor,False,False
Sep,2,2,1,5,New_Visitor,False,False
Aug,1,8,7,1,Returning_Visitor,True,False
Jul,1,1,1,3,Returning_Visitor,False,False
Jul,2,2,3,4,New_Visitor,False,False
June,3,2,5,13,Returning_Visitor,True,False
Nov,3,2,6,13,Returning_Visitor,False,False
Sep,3,2,4,3,Returning_Visitor,False,False
Dec,4,1,9,2,Returning_Visitor,False,False
Sep,2,2,8,4,New_Visitor,True,False
Aug,3,2,2,3,Returning_Visitor,False,False
Dec,3,2,6,1,Returning_Visitor,False,False
May,1,1,4,3,Returning_Visitor,True,False
Dec,3,2,7,1,Returning_Visitor,True,False
Nov,2,2,4,2,New_Visitor,False,False
Nov,1,1,1,10,Returning_Visitor,True,False
May,2,2,3,3,Returning_Visitor,False,False
Nov,2,2,3,2,Returning_Visitor,True,False
Dec,1,2,1,2,Returning_Visitor,False,False
Mar,2,4,3,1,Returning_Visitor,False,False
May,3,2,1,13,Returning_Visitor,False,False
Oct,2,2,3,3,Returning_Visitor,False,False
May,2,2,2,4,Returning_Visitor,False,True
June,2,2,6,11,New_Visitor,False,True
May,3,3,3,4,Returning_Visitor,False,False
Oct,2,2,9,2,New_Visitor,False,True
May,2,2,5,1,Returning_Visitor,False,False
Mar,2,5,1,2,Returning_Visitor,False,False
Aug,2,5,1,5,Returning_Visitor,False,False
Nov,2,2,1,2,Returning_Visitor,True,False
Nov,2,2,6,13,Returning_Visitor,False,False
Nov,2,2,1,2,Returning_Visitor,False,True
May,1,1,2,3,Returning_Visitor,False,False
Oct,2,2,7,1,Returning_Visitor,False,True
Jul,3,2,8,13,Returning_Visitor,False,False
Jul,2,2,3,1,Returning_Visitor,False,False
Nov,2,2,1,11,Returning_Visitor,False,True
Nov,2,2,3,2,Returning_Visitor,False,False
May,1,1,1,4,Returning_Visitor,False,False
Oct,1,1,3,2,Returning_Visitor,False,False
Feb,2,5,5,1,Returning_Visitor,False,False
Dec,2,10,7,1,Returning_Visitor,True,True
Oct,1,1,1,20,Returning_Visitor,False,True
Dec,2,2,3,1,Other,True,False
Mar,2,2,1,2,New_Visitor,True,True
Mar,2,2,3,2,Returning_Visitor,True,False
Feb,1,1,3,3,Returning_Visitor,False,False
Oct,4,2,8,1,Returning_Visitor,False,False
May,1,1,4,3,Returning_Visitor,False,False
May,2,2,6,3,Returning_Visitor,False,False
May,2,2,1,7,Returning_Visitor,True,False
Nov,2,2,3,2,Returning_Visitor,False,False
Mar,2,2,1,3,Returning_Visitor,False,False
Sep,1,1,6,4,Returning_Visitor,True,False
May,3,2,1,13,Returning_Visitor,False,False
May,3,2,3,2,Returning_Visitor,True,False
May,1,1,1,3,Returning_Visitor,False,False
Nov,2,2,1,1,Returning_Visitor,False,True
Nov,1,1,1,10,Returning_Visitor,False,False
Dec,2,2,3,6,Returning_Visitor,False,False
May,2,6,6,6,Returning_Visitor,False,True
Nov,4,1,3,1,Returning_Visitor,False,False
Mar,2,2,1,1,Returning_Visitor,False,False
Dec,1,1,1,1,Returning_Visitor,False,True
Nov,2,6,2,2,Returning_Visitor,True,True
Dec,4,1,3,2,New_Visitor,False,False
Nov,3,2,1,2,Returning_Visitor,False,False
Nov,1,1,2,8,New_Visitor,False,False
Dec,3,2,9,2,Returning_Visitor,False,False
Mar,2,4,1,1,Returning_Visitor,True,False
May,3,2,2,13,Returning_Visitor,False,False
Nov,2,2,9,13,Returning_Visitor,False,False
Nov,2,5,3,2,Returning_Visitor,False,False
May,2,2,5,13,Returning_Visitor,False,False
Dec,3,7,4,2,Returning_Visitor,False,False
Nov,2,2,1,1,Returning_Visitor,False,False
Nov,3,2,1,8,Returning_Visitor,False,True
Dec,1,1,1,1,Returning_Visitor,True,False
Sep,2,2,1,1,Returning_Visitor,False,False
Nov,4,2,1,1,Returning_Visitor,False,False
Nov,2,2,3,2,Returning_Visitor,False,True
Oct,2,2,1,13,Returning_Visitor,False,False
Nov,3,2,1,13,Returning_Visitor,False,False
Nov,2,4,3,2,Returning_Visitor,False,False
Feb,1,1,8,3,Returning_Visitor,False,False
Nov,2,2,1,8,Returning_Visitor,False,False
Mar,3,2,3,3,Returning_Visitor,False,False
Dec,2,5,9,2,Returning_Visitor,False,False
Mar,2,2,4,1,Returning_Visitor,False,False
Nov,3,2,4,2,Returning_Visitor,False,True
May,3,3,4,2,New_Visitor,True,False
Nov,2,2,4,1,Returning_Visitor,False,True
Nov,3,2,1,2,Returning_Visitor,False,False
May,4,2,4,4,Returning_Visitor,False,False
May,2,2,6,2,Returning_Visitor,False,False
Oct,1,1,3,2,Returning_Visitor,True,False
Nov,4,1,1,2,Returning_Visitor,False,False
Nov,1,1,1,2,Returning_Visitor,False,False
June,2,2,1,3,Returning_Visitor,False,False
May,1,2,7,3,Returning_Visitor,True,False
May,3,2,1,4,Returning_Visitor,False,False
Nov,2,2,3,2,Returning_Visitor,False,False
Nov,2,4,1,3,Returning_Visitor,False,False
May,1,1,1,5,New_Visitor,False,False
Dec,2,2,1,6,Returning_Visitor,False,True
Nov,3,2,4,13,Returning_Visitor,False,False
Nov,2,5,1,2,Returning_Visitor,True,False
Sep,3,2,1,2,New_Visitor,True,False
Sep,3,2,1,4,Returning_Visitor,True,True
Dec,2,2,3,3,Returning_Visitor,False,False
Nov,3,2,1,11,Returning_Visitor,True,False
May,3,2,5,1,Returning_Visitor,False,False
May,2,7,3,4,Returning_Visitor,False,False
Sep,2,10,4,2,Returning_Visitor,False,False
Nov,3,2,3,2,Returning_Visitor,False,False
May,2,2,6,4,Returning_Visitor,False,True
Mar,2,2,1,1,Returning_Visitor,False,False
Sep,1,8,6,1,Returning_Visitor,False,False
Aug,2,2,3,4,Returning_Visitor,False,False
Oct,2,4,1,2,Returning_Visitor,False,True
Oct,7,1,2,1,Returning_Visitor,True,True
Aug,3,2,6,2,New_Visitor,False,False
Nov,4,1,1,8,Returning_Visitor,False,False
Mar,3,2,2,2,Returning_Visitor,True,False
May,3,2,3,3,Returning_Visitor,False,False
Aug,2,2,1,3,Returning_Visitor,False,False
May,2,6,2,3,Returning_Visitor,False,False
Mar,3,2,4,8,Returning_Visitor,False,False
Nov,1,1,4,8,Returning_Visitor,False,False
Aug,4,1,1,1,Returning_Visitor,False,False
May,2,2,1,2,Returning_Visitor,False,False
Dec,1,1,1,10,Returning_Visitor,True,False
May,1,1,1,6,Returning_Visitor,False,False
Dec,1,8,3,20,Returning_Visitor,True,False
May,2,2,3,2,Returning_Visitor,False,True
Sep,2,4,3,1,Returning_Visitor,False,False
Dec,1,1,1,8,New_Visitor,False,False
May,2,2,1,1,Returning_Visitor,True,False
Jul,2,5,1,4,New_Visitor,False,True
May,1,1,1,3,Returning_Visitor,False,False
Aug,1,2,1,2,Returning_Visitor,False,True
Jul,3,2,8,4,Returning_Visitor,False,True
Mar,1,1,1,1,Returning_Visitor,True,False
Jul,2,2,1,2,Returning_Visitor,True,True
Dec,1,1,1,2,Returning_Visitor,True,False
Nov,1,1,1,3,Returning_Visitor,True,True
Nov,3,2,1,11,Returning_Visitor,True,False
Nov,1,1,2,7,Returning_Visitor,False,False
Aug,2,2,3,4,Returning_Visitor,False,False
June,2,4,3,3,Returning_Visitor,False,False
Nov,3,2,6,11,New_Visitor,True,False
Nov,4,2,1,3,New_Visitor,True,False
May,2,2,2,4,Returning_Visitor,False,False
May,2,10,7,1,Returning_Visitor,False,False
Oct,2,2,6,2,New_Visitor,False,True
June,2,2,1,13,Returning_Visitor,False,False
Aug,1,1,3,3,Returning_Visitor,False,False
Dec,2,2,1,2,New_Visitor,False,True
May,4,1,1,1,Returning_Visitor,False,False
May,2,2,2,4,Returning_Visitor,True,True
Mar,4,1,1,1,Returning_Visitor,False,False
June,3,2,3,13,Returning_Visitor,False,False
Jul,2,2,2,2,Returning_Visitor,False,False
May,2,2,7,4,Returning_Visitor,False,False
Nov,3,2,1,2,New_Visitor,True,False
May,2,2,4,6,Returning_Visitor,False,False
May,1,1,1,2,Returning_Visitor,True,True
May,2,2,1,3,Returning_Visitor,False,False
June,4,1,2,1,Returning_Visitor,False,False
Dec,1,1,3,1,Returning_Visitor,False,False
Mar,2,2,4,1,Returning_Visitor,False,False
Dec,1,2,8,1,Returning_Visitor,False,False
May,1,1,7,3,New_Visitor,False,False
May,2,2,5,2,New_Visitor,False,True
Dec,3,2,1,2,Returning_Visitor,False,True
May,2,4,3,3,Returning_Visitor,False,False
Mar,3,2,7,2,Returning_Visitor,True,True
May,1,1,1,2,Returning_Visitor,False,True
Mar,4,1,1,2,New_Visitor,True,False
Dec,2,2,1,11,Returning_Visitor,False,False
Nov,2,4,2,2,Returning_Visitor,False,True
May,3,2,3,6,Returning_Visitor,False,False
May,2,2,1,2,Returning_Visitor,False,False
Dec,2,2,7,1,Returning_Visitor,False,False
Nov,2,4,7,2,New_Visitor,False,False
May,2,2,5,4,Returning_Visitor,False,False
May,1,1,3,1,Returning_Visitor,True,False
Nov,2,2,5,10,Returning_Visitor,True,False
Nov,1,1,1,3,Returning_Visitor,True,False
Nov,2,2,1,2,Returning_Visitor,True,True
May,3,2,2,4,Returning_Visitor,False,True
May,1,8,6,11,Returning_Visitor,True,False
Mar,2,2,8,1,Returning_Visitor,False,False
May,2,2,1,4,Returning_Visitor,False,True
May,2,2,1,6,Returning_Visitor,False,False
Aug,2,2,2,2,Returning_Visitor,False,True
Nov,3,2,4,13,Returning_Visitor,True,False
Aug,2,2,7,13,Returning_Visitor,False,False
Mar,2,2,3,1,Returning_Visitor,False,False
May,1,1,2,3,Returning_Visitor,False,False
Oct,2,4,1,5,New_Visitor,False,False
Mar,2,2,1,3,Returning_Visitor,True,False
Oct,2,2,7,1,Returning_Visitor,False,True
Nov,3,2,1,2,Returning_Visitor,False,False
Nov,1,1,1,8,New_Visitor,False,True
Jul,3,2,1,13,Returning_Visitor,False,False
Nov,1,1,3,3,Returning_Visitor,False,False
May,3,2,4,2,Returning_Visitor,True,False
Nov,2,2,1,1,Returning_Visitor,False,True
June,1,1,3,1,Returning_Visitor,True,False
Nov,2,2,1,2,Returning_Visitor,False,False
Nov,3,2,2,10,Returning_Visitor,False,False
Nov,2,2,1,2,Returning_Visitor,False,False
Dec,1,1,3,2,Returning_Visitor,False,False
May,2,2,3,6,Returning_Visitor,True,False
Nov,6,2,3,8,Returning_Visitor,False,False
May,2,5,2,6,Returning_Visitor,False,False
May,3,2,1,6,Returning_Visitor,False,False
May,2,2,1,4,Returning_Visitor,False,False
Nov,2,4,4,2,New_Visitor,True,False
Dec,2,2,3,1,Returning_Visitor,False,False
Nov,2,2,1,3,Returning_Visitor,False,False
Mar,1,1,3,1,Returning_Visitor,False,False
Mar,3,2,3,1,Returning_Visitor,False,False
Nov,2,2,2,11,Returning_Visitor,False,False
May,3,2,6,3,Returning_Visitor,True,False
May,1,1,1,3,Returning_Visitor,True,False
Feb,1,1,3,4,Returning_Visitor,True,False
May,3,2,1,2,Returning_Visitor,True,False
Nov,1,2,3,2,New_Visitor,False,False
Dec,1,1,4,1,Returning_Visitor,True,False
Nov,3,2,3,10,Returning_Visitor,True,False
May,2,2,2,1,Returning_Visitor,False,False
Dec,1,1,1,3,Returning_Visitor,False,False
Dec,2,4,7,1,Returning_Visitor,False,False
Mar,2,2,2,1,Returning_Visitor,False,False
Aug,1,1,1,3,Returning_Visitor,False,False
Oct,1,1,9,2,Returning_Visitor,False,False
May,1,1,3,2,New_Visitor,False,False
Mar,2,2,1,3,Returning_Visitor,False,False
Nov,1,1,2,2,New_Visitor,False,False
Dec,3,2,1,2,Returning_Visitor,False,False
Nov,2,2,7,13,Returning_Visitor,True,False
Nov,2,12,7,2,Returning_Visitor,False,False
May,3,2,1,6,Returning_Visitor,False,False
Aug,2,2,3,4,Returning_Visitor,False,False
Mar,3,2,1,3,Returning_Visitor,False,False
Jul,2,2,2,2,New_Visitor,True,False
May,1,1,4,5,Returning_Visitor,False,False
Mar,1,1,2,2,Returning_Visitor,False,False
May,1,1,3,4,New_Visitor,False,False
Oct,3,2,1,4,Returning_Visitor,True,False
Nov,2,2,8,1,Returning_Visitor,False,False
Nov,1,1,1,3,Returning_Visitor,False,False
Nov,2,2,1,11,Returning_Visitor,False,True
Nov,3,2,1,13,Returning_Visitor,True,False
Dec,3,2,2,13,Returning_Visitor,True,False
Mar,2,2,1,3,Returning_Visitor,False,False
Dec,3,2,2,11,Other,False,False
May,2,2,1,2,New_Visitor,True,False
Nov,2,2,1,8,Returning_Visitor,False,True
Aug,3,2,1,1,Returning_Visitor,False,False
Sep,3,2,2,2,Returning_Visitor,True,False
Sep,2,5,4,2,New_Visitor,False,False
Mar,3,2,3,2,New_Visitor,True,False
Oct,2,2,1,2,New_Visitor,False,False
May,1,1,1,4,New_Visitor,False,True
Jul,2,2,2,1,Returning_Visitor,True,False
Nov,4,2,1,2,Returning_Visitor,False,False
Mar,1,2,6,1,Returning_Visitor,False,False
Nov,2,2,3,13,Returning_Visitor,False,False
May,2,2,3,2,Returning_Visitor,False,False
Dec,1,2,1,2,Returning_Visitor,False,False
Aug,2,4,1,5,New_Visitor,True,True
Dec,1,1,9,2,Returning_Visitor,False,False
May,1,1,8,1,Returning_Visitor,False,False
Mar,3,2,1,10,Returning_Visitor,True,False
Oct,2,2,2,2,Returning_Visitor,True,False
Nov,2,6,1,2,Returning_Visitor,False,False
Aug,2,5,3,2,Returning_Visitor,False,False
Dec,1,1,4,2,Returning_Visitor,True,False
May,1,2,1,4,Returning_Visitor,False,False
Mar,1,1,3,1,Returning_Visitor,True,False
Nov,1,2,3,2,Returning_Visitor,False,False
Nov,1,1,1,2,Returning_Visitor,True,False
Aug,2,2,1,1,Returning_Visitor,False,False
Mar,3,2,8,1,Returning_Visitor,False,False
May,3,2,1,4,Returning_Visitor,True,False
Dec,1,1,1,2,Returning_Visitor,False,False
Sep,2,10,3,2,Returning_Visitor,True,False
May,2,2,6,13,Returning_Visitor,False,False
Mar,2,2,3,2,Returning_Visitor,False,False
May,3,2,2,2,Returning_Visitor,False,True
Aug,3,2,6,20,Returning_Visitor,False,False
Sep,3,2,2,1,New_Visitor,False,False
Nov,2,2,3,3,Returning_Visitor,True,False
May,2,7,1,2,Returning_Visitor,False,False
Oct,1,1,1,3,Returning_Visitor,False,False
May,2,10,2,4,Returning_Visitor,True,False
May,3,2,1,3,Returning_Visitor,False,False
Mar,3,2,2,3,Returning_Visitor,True,False
May,1,8,3,11,Returning_Visitor,False,False
Nov,2,2,7,2,Returning_Visitor,False,False
Nov,3,2,4,10,Returning_Visitor,True,False
Sep,2,4,3,4,Returning_Visitor,False,True
May,1,1,7,3,Returning_Visitor,False,False
May,2,2,1,1,Returning_Visitor,False,False
June,1,1,4,3,Returning_Visitor,False,False
May,2,2,2,13,Returning_Visitor,False,False
May,2,2,8,4,Returning_Visitor,True,False
May,3,3,1,1,Returning_Visitor,False,False
Nov,1,1,1,10,Returning_Visitor,False,False
Oct,3,2,1,2,New_Visitor,False,True
May,2,2,6,3,Returning_Visitor,False,False
Mar,1,1,9,1,Returning_Visitor,False,False
May,3,2,4,13,Returning_Visitor,False,False
Dec,2,2,1,2,Returning_Visitor,False,False
Oct,1,8,1,1,Returning_Visitor,True,False
May,2,2,1,4,Returning_Visitor,False,False
May,3,2,1,1,Returning_Visitor,False,False
May,1,1,3,1,Returning_Visitor,False,True
Mar,2,2,3,2,Returning_Visitor,False,False
Nov,2,2,3,8,Returning_Visitor,True,False
May,3,2,3,13,Returning_Visitor,False,False
Feb,1,1,1,3,Returning_Visitor,False,False
Nov,1,1,1,8,New_Visitor,False,False
Mar,2,2,1,8,Returning_Visitor,False,False
Mar,2,2,5,13,Returning_Visitor,False,False
May,1,1,1,6,Returning_Visitor,False,False
May,2,4,4,3,Returning_Visitor,False,False
Nov,3,2,3,8,Returning_Visitor,False,True
May,4,1,7,4,New_Visitor,True,True
May,2,2,2,13,Returning_Visitor,False,False
Mar,4,1,4,1,Returning_Visitor,False,False
Jul,3,2,5,4,Returning_Visitor,True,False
Aug,3,2,1,4,Returning_Visitor,True,False
Nov,2,2,8,3,Returning_Visitor,False,True
May,2,2,6,4,Returning_Visitor,False,False
May,3,2,6,1,Returning_Visitor,False,False
Nov,1,1,1,10,Returning_Visitor,False,False
Dec,2,4,7,3,Returning_Visitor,False,False
Nov,2,2,1,8,New_Visitor,True,True
Nov,3,2,1,2,Returning_Visitor,False,True
Mar,2,4,1,8,New_Visitor,False,False
Nov,2,2,1,1,Returning_Visitor,False,True
Nov,2,2,7,13,Returning_Visitor,False,False
May,4,1,1,2,Returning_Visitor,False,False
Oct,2,4,1,20,Returning_Visitor,False,False
Dec,2,2,4,1,Returning_Visitor,False,False
May,3,6,2,2,Returning_Visitor,False,False
May,1,1,4,4,Returning_Visitor,False,False
Nov,2,2,1,2,Returning_Visitor,False,True
Mar,3,2,3,1,Returning_Visitor,False,False
Mar,1,1,1,2,New_Visitor,True,False
Jul,2,5,3,2,Returning_Visitor,True,False
May,1,1,1,2,Returning_Visitor,True,False
May,3,2,1,2,Returning_Visitor,False,False
Dec,2,2,3,2,Returning_Visitor,True,False
Mar,2,2,5,1,Returning_Visitor,True,False
Nov,1,1,3,2,Returning_Visitor,True,False
Dec,3,2,6,1,Returning_Visitor,False,False
Mar,1,2,3,2,Returning_Visitor,False,False
Nov,2,2,1,2,New_Visitor,False,False
Nov,2,2,1,2,Returning_Visitor,True,False
Nov,3,2,3,3,Returning_Visitor,False,False
Jul,3,3,8,1,Returning_Visitor,True,False
Oct,2,4,5,1,Returning_Visitor,False,False
Feb,1,1,4,3,Returning_Visitor,False,False
Mar,3,3,2,8,Returning_Visitor,True,False
Nov,2,2,3,2,Returning_Visitor,True,False
Dec,2,2,1,2,New_Visitor,False,False
Nov,2,2,3,11,Returning_Visitor,True,False
Nov,2,5,1,3,Returning_Visitor,False,True
Dec,3,2,1,11,New_Visitor,False,False
Jul,3,2,6,3,Returning_Visitor,False,False
Dec,2,10,9,1,Returning_Visitor,False,False
Jul,2,2,6,20,Returning_Visitor,False,False
Jul,2,2,4,1,Returning_Visitor,False,False
May,2,2,3,3,Returning_Visitor,False,False
Oct,2,2,2,20,New_Visitor,True,False
Nov,1,1,4,2,Returning_Visitor,False,False
Nov,2,2,1,1,Returning_Visitor,False,False
May,2,2,5,2,Returning_Visitor,False,True
Dec,2,2,3,2,New_Visitor,False,True
Sep,2,4,2,2,New_Visitor,False,True
Dec,3,2,2,1,Returning_Visitor,True,False
Oct,3,2,7,4,Returning_Visitor,False,True
Sep,2,2,4,2,New_Visitor,False,False
May,2,2,3,3,Returning_Visitor,False,False
Mar,2,2,3,1,Returning_Visitor,False,False
Nov,2,2,1,2,New_Visitor,False,True
Dec,2,2,6,1,Returning_Visitor,False,False
Dec,1,1,1,2,New_Visitor,False,True
May,2,2,1,2,Returning_Visitor,False,False
Mar,2,2,7,2,Returning_Visitor,False,False
May,2,2,2,2,Returning_Visitor,False,True
Nov,3,2,1,10,Returning_Visitor,True,True
May,2,4,3,4,Returning_Visitor,False,False
Dec,1,1,2,2,Returning_Visitor,True,False
May,2,2,1,4,Returning_Visitor,True,False
Dec,2,2,4,2,New_Visitor,True,False
May,2,4,1,4,Returning_Visitor,False,False
Nov,2,4,5,2,Returning_Visitor,False,False
Nov,3,2,1,2,Returning_Visitor,False,True
May,2,6,7,13,Returning_Visitor,False,False
Dec,3,2,5,2,Returning_Visitor,False,True
Nov,2,2,6,2,New_Visitor,False,False
Sep,2,2,1,6,New_Visitor,False,True
May,2,4,1,4,Returning_Visitor,False,False
Nov,2,2,4,2,Returning_Visitor,False,False
Dec,2,4,7,2,New_Visitor,True,False
May,3,7,3,3,Returning_Visitor,False,False
Aug,2,2,3,1,Returning_Visitor,False,False
Aug,3,2,2,13,Returning_Visitor,True,False
Nov,2,2,1,2,Returning_Visitor,False,True
Mar,4,1,1,3,Returning_Visitor,False,False
Sep,4,1,1,3,New_Visitor,False,False
May,3,2,1,13,Returning_Visitor,False,False
Dec,2,2,6,3,Returning_Visitor,False,False
Dec,3,2,3,1,Returning_Visitor,False,False
Nov,4,2,4,2,New_Visitor,False,True
Dec,2,2,1,2,Returning_Visitor,False,False
Dec,1,2,2,2,Returning_Visitor,False,False
Mar,2,2,1,2,Returning_Visitor,False,False
Dec,2,2,3,1,Returning_Visitor,False,False
Dec,2,2,1,2,New_Visitor,False,False
May,2,2,2,4,Returning_Visitor,False,False
Aug,1,1,1,5,New_Visitor,False,True
May,2,2,1,4,Returning_Visitor,False,False
May,4,2,1,1,Returning_Visitor,False,False
Dec,2,2,1,1,Returning_Visitor,False,False
June,1,1,1,3,Returning_Visitor,False,False
May,2,2,3,6,Returning_Visitor,False,False
Mar,2,4,2,1,Returning_Visitor,False,False
May,2,2,1,4,Returning_Visitor,False,True
Nov,2,2,3,13,Returning_Visitor,True,False
Nov,2,2,4,1,Returning_Visitor,False,False
Dec,2,2,1,2,New_Visitor,False,False
Dec,3,2,1,2,Returning_Visitor,False,False
Nov,1,1,3,3,Returning_Visitor,False,False
Dec,2,2,3,2,Returning_Visitor,True,True
Mar,2,2,1,1,Returning_Visitor,False,False
Oct,1,1,8,1,Returning_Visitor,True,False
Nov,2,5,7,2,Returning_Visitor,False,False
Mar,2,4,1,3,Returning_Visitor,True,False
Nov,2,1,2,2,Returning_Visitor,True,True
Mar,2,2,7,1,Returning_Visitor,False,False
Oct,2,2,9,2,Returning_Visitor,True,True
May,2,2,2,1,Returning_Visitor,False,False
Nov,1,1,4,1,Returning_Visitor,True,False
Dec,2,13,9,20,Returning_Visitor,False,False
Oct,3,2,6,13,Returning_Visitor,False,False
May,1,1,1,1,Returning_Visitor,False,False
Mar,2,2,1,1,Returning_Visitor,False,False
May,1,1,3,3,Returning_Visitor,False,False
June,2,2,2,3,Returning_Visitor,True,False
Dec,1,8,3,1,Returning_Visitor,True,False
May,2,2,4,3,Returning_Visitor,False,True
Mar,2,2,1,1,Returning_Visitor,False,False
Nov,2,2,1,3,Returning_Visitor,False,True
Mar,1,1,2,1,Returning_Visitor,True,False
May,2,2,3,4,Returning_Visitor,False,False
June,2,2,5,1,Returning_Visitor,False,False
Dec,2,2,3,2,Returning_Visitor,False,False
Nov,2,2,1,13,Returning_Visitor,False,False
May,3,2,4,4,Returning_Visitor,False,True
May,2,2,5,1,Returning_Visitor,False,False
Oct,3,2,7,1,New_Visitor,False,False
Nov,3,2,4,1,Returning_Visitor,True,False
Oct,2,2,3,4,Returning_Visitor,True,False
May,2,4,4,2,Returning_Visitor,False,False
Nov,3,2,4,3,Returning_Visitor,False,False
May,1,1,3,2,Returning_Visitor,False,False
Oct,3,2,6,1,Returning_Visitor,False,False
Dec,1,1,4,1,Returning_Visitor,True,False
Nov,2,10,1,2,New_Visitor,False,True
May,3,2,4,6,Returning_Visitor,True,False
Nov,1,1,1,3,Returning_Visitor,False,False
Dec,2,2,6,3,Returning_Visitor,False,False
Oct,3,2,1,1,Returning_Visitor,True,False
Dec,2,2,6,10,Returning_Visitor,False,True
Feb,2,6,1,2,Returning_Visitor,False,True
Mar,1,1,2,9,Returning_Visitor,True,True
Dec,2,2,3,2,Returning_Visitor,False,False
Dec,2,4,7,1,Returning_Visitor,False,False
Dec,2,4,6,1,Returning_Visitor,False,False
Sep,2,4,2,5,New_Visitor,False,False
Dec,3,2,3,1,Returning_Visitor,False,False
Dec,3,2,3,1,Returning_Visitor,False,False
May,2,4,3,1,Returning_Visitor,False,False
Mar,2,2,4,1,Returning_Visitor,False,False
Dec,2,2,3,2,New_Visitor,False,False
May,3,2,1,13,Returning_Visitor,False,False
Feb,2,4,2,3,Returning_Visitor,False,False
May,2,4,1,1,Returning_Visitor,False,False
Nov,3,2,7,3,Returning_Visitor,False,False
Dec,1,1,3,3,New_Visitor,True,False
Nov,3,2,3,2,Returning_Visitor,True,True
Dec,2,2,9,2,New_Visitor,False,False
Nov,2,5,1,1,Returning_Visitor,False,False
Mar,2,2,3,8,Returning_Visitor,False,True
Mar,2,2,1,2,Returning_Visitor,False,False
Dec,2,2,2,3,New_Visitor,False,False
May,3,2,1,4,Returning_Visitor,False,False
Oct,3,2,2,13,Returning_Visitor,False,False
May,2,2,1,4,Returning_Visitor,False,False
May,3,2,4,13,Returning_Visitor,False,False
Nov,1,1,6,2,Returning_Visitor,False,False
Mar,3,2,3,1,Returning_Visitor,True,False
Nov,2,5,7,3,Returning_Visitor,False,False
June,3,2,3,13,Returning_Visitor,False,False
Nov,2,10,4,3,Returning_Visitor,False,False
Nov,3,2,1,2,Returning_Visitor,True,False
Oct,4,1,4,1,Returning_Visitor,False,True
Dec,1,1,1,1,Returning_Visitor,True,False
Dec,3,2,4,13,Returning_Visitor,False,False
Mar,1,1,9,9,Returning_Visitor,True,False
May,2,2,8,3,New_Visitor,False,False
May,4,1,6,6,Returning_Visitor,False,False
May,3,2,5,13,Returning_Visitor,False,False
Nov,2,2,6,11,Returning_Visitor,False,False
Mar,2,2,1,1,Returning_Visitor,False,False
Mar,3,2,2,1,Returning_Visitor,False,False
May,3,2,1,5,New_Visitor,False,False
Mar,3,2,6,8,New_Visitor,False,True
Mar,3,2,3,3,Returning_Visitor,False,False
Dec,2,2,3,8,New_Visitor,False,False
May,1,2,1,2,Returning_Visitor,False,False
Sep,1,8,3,1,Returning_Visitor,True,False
Mar,1,1,2,2,Returning_Visitor,False,False
Nov,1,1,1,1,Returning_Visitor,False,False
Mar,1,1,1,2,Returning_Visitor,False,False
May,3,2,7,4,Returning_Visitor,False,False
Nov,2,10,3,1,Returning_Visitor,False,False
Dec,2,2,9,3,Returning_Visitor,False,False
Oct,3,2,1,2,New_Visitor,False,True
Nov,2,2,4,1,Returning_Visitor,False,True
Dec,2,2,1,2,Returning_Visitor,True,False
May,2,2,1,3,Returning_Visitor,True,False
Mar,2,2,4,6,Returning_Visitor,True,False
Nov,2,2,1,1,Returning_Visitor,False,False
Jul,3,2,3,2,New_Visitor,True,True
Sep,2,2,8,2,Returning_Visitor,False,True
Nov,2,2,9,20,Returning_Visitor,True,False
Nov,2,2,1,13,Returning_Visitor,False,False
Nov,2,5,1,11,Returning_Visitor,False,False
Nov,2,2,1,2,Returning_Visitor,False,False
May,1,1,3,4,Returning_Visitor,False,False
May,1,1,3,4,Returning_Visitor,False,False
May,2,2,1,3,Returning_Visitor,False,True
Dec,2,2,3,2,Returning_Visitor,True,False
May,1,1,4,2,Returning_Visitor,True,False
Dec,2,2,1,13,Returning_Visitor,False,False
Nov,2,2,3,2,New_Visitor,False,False
Aug,1,1,1,4,Returning_Visitor,False,False
May,2,2,2,2,Returning_Visitor,False,False
May,1,1,3,4,Returning_Visitor,False,False
Nov,4,5,2,8,Returning_Visitor,False,True
Nov,3,2,1,3,Returning_Visitor,False,False
May,1,2,2,4,Returning_Visitor,True,False
Dec,1,1,1,2,New_Visitor,True,False
Nov,1,2,4,2,Returning_Visitor,False,False
May,2,2,3,5,New_Visitor,False,False
May,3,2,1,4,Returning_Visitor,False,False
Mar,2,5,2,10,Returning_Visitor,False,False
May,4,2,6,13,Returning_Visitor,True,False
Dec,1,1,3,10,Returning_Visitor,False,True
Nov,2,7,2,2,Returning_Visitor,False,False
Mar,2,4,1,2,Returning_Visitor,True,False
Nov,3,2,4,2,New_Visitor,True,False
May,2,4,1,2,Returning_Visitor,False,False
Nov,2,2,3,2,Returning_Visitor,False,True
May,3,2,9,3,Returning_Visitor,False,False
Mar,2,2,1,2,Returning_Visitor,False,False
Mar,2,2,7,2,New_Visitor,False,False
Dec,2,4,9,2,Returning_Visitor,True,False
Mar,1,1,3,10,New_Visitor,False,False
Dec,4,1,3,1,Returning_Visitor,True,False
Nov,3,2,4,11,Returning_Visitor,True,False
Oct,3,2,1,3,Returning_Visitor,True,False
May,3,2,1,6,Returning_Visitor,True,False
Nov,2,2,4,2,New_Visitor,False,False
Nov,1,2,7,1,Returning_Visitor,False,False
May,2,2,7,4,Returning_Visitor,True,False
Dec,3,2,1,10,Returning_Visitor,True,False
Oct,2,2,1,1,Returning_Visitor,True,False
Dec,1,1,1,2,Returning_Visitor,False,False
Dec,1,1,4,6,Returning_Visitor,True,False
May,2,10,5,4,Returning_Visitor,True,False
Nov,1,1,1,2,Returning_Visitor,True,False
Dec,3,2,1,3,Returning_Visitor,False,False
May,3,2,3,4,Returning_Visitor,False,False
May,2,2,1,2,Returning_Visitor,False,False
May,2,2,4,3,New_Visitor,True,False
May,2,4,1,4,Returning_Visitor,False,False
Oct,4,1,3,1,Returning_Visitor,False,True
Mar,2,2,1,3,Returning_Visitor,True,True
Dec,3,2,9,13,Returning_Visitor,False,False
Mar,3,2,8,1,Returning_Visitor,False,False
Dec,2,10,2,2,Returning_Visitor,False,False
Nov,3,2,1,2,New_Visitor,False,True
Sep,2,2,1,2,Returning_Visitor,False,False
May,2,10,3,4,Returning_Visitor,True,False
May,2,2,1,2,Returning_Visitor,False,False
Sep,2,2,3,2,Returning_Visitor,False,False
Mar,3,3,1,2,New_Visitor,True,False
Mar,2,4,3,8,New_Visitor,False,False
Dec,4,2,1,2,New_Visitor,False,False
Oct,2,2,3,2,Returning_Visitor,True,True
Mar,2,2,3,6,Returning_Visitor,False,True
Dec,2,2,3,2,Returning_Visitor,False,False
Nov,3,2,1,2,Returning_Visitor,True,True
Nov,2,2,2,2,Returning_Visitor,False,False
Mar,1,8,4,11,New_Visitor,False,False
Dec,3,2,8,6,New_Visitor,False,False
Mar,2,5,1,1,Returning_Visitor,False,False
Dec,1,1,3,2,New_Visitor,False,True
May,1,1,5,4,Returning_Visitor,False,False
Dec,2,2,3,2,New_Visitor,False,False
May,2,2,4,4,Returning_Visitor,False,True
Sep,2,2,3,2,New_Visitor,False,True
Aug,1,1,1,1,Returning_Visitor,True,False
Nov,2,1,1,2,Returning_Visitor,False,True
Dec,2,2,3,2,Returning_Visitor,False,False
Nov,2,2,3,1,Returning_Visitor,False,False
May,1,1,3,2,New_Visitor,False,False
May,2,2,4,3,Returning_Visitor,True,False
Nov,2,2,3,1,Returning_Visitor,True,True
Nov,1,1,1,3,Returning_Visitor,False,False
Mar,2,4,2,2,New_Visitor,False,False
Jul,1,1,4,2,Returning_Visitor,False,False
May,1,1,6,2,New_Visitor,False,False
Nov,2,2,1,4,Returning_Visitor,False,False
Dec,3,2,1,2,Returning_Visitor,False,False
Dec,4,1,3,1,Returning_Visitor,False,False
Nov,3,2,1,13,Returning_Visitor,False,False
Mar,4,2,9,1,Returning_Visitor,False,False
Sep,1,2,3,1,Returning_Visitor,True,False
Nov,5,11,1,8,Returning_Visitor,False,False
Nov,1,2,1,2,New_Visitor,False,False
Mar,2,2,7,13,Returning_Visitor,True,False
Nov,1,2,3,2,Returning_Visitor,False,False
May,3,2,5,4,New_Visitor,True,False
Dec,2,4,3,2,New_Visitor,False,True
Nov,2,2,1,2,Returning_Visitor,True,True
Dec,2,2,2,1,Returning_Visitor,False,False
Dec,3,2,3,20,Returning_Visitor,True,False
Mar,2,2,4,2,Returning_Visitor,False,False
Dec,8,13,9,20,Other,False,False
Jul,1,1,6,4,Returning_Visitor,False,False
May,3,2,1,4,Returning_Visitor,True,False
Nov,2,2,1,1,Returning_Visitor,False,False
Nov,3,2,6,10,Returning_Visitor,False,False
Oct,3,2,4,1,Returning_Visitor,False,False
Nov,2,2,1,2,Returning_Visitor,True,False
Aug,2,4,1,4,New_Visitor,True,False
Aug,1,1,4,4,New_Visitor,False,False
May,3,2,1,11,Returning_Visitor,True,False
Nov,4,1,9,2,Returning_Visitor,False,False
June,2,2,3,3,Returning_Visitor,False,False
Sep,2,10,1,2,Returning_Visitor,False,True
Nov,1,1,8,2,Returning_Visitor,True,False
Nov,2,10,2,2,Returning_Visitor,False,False
May,2,2,8,3,Returning_Visitor,False,True
Mar,2,2,2,2,Returning_Visitor,False,False
Mar,2,2,6,2,Returning_Visitor,False,False
May,1,1,3,1,Returning_Visitor,True,False
Aug,3,2,1,3,Returning_Visitor,True,False
Mar,1,1,7,3,Returning_Visitor,True,True
May,4,1,3,4,New_Visitor,False,True
Sep,2,6,4,2,Returning_Visitor,False,False
June,3,2,1,1,Returning_Visitor,True,False
Mar,3,2,1,2,Returning_Visitor,True,False
Dec,4,2,1,1,New_Visitor,False,True
Nov,4,2,6,2,Returning_Visitor,False,True
Jul,1,8,1,1,Returning_Visitor,False,False
Mar,2,2,3,2,Returning_Visitor,False,False
May,3,2,6,6,Returning_Visitor,False,False
Nov,3,2,4,2,Returning_Visitor,True,True
May,3,2,1,6,Returning_Visitor,False,True
Dec,2,2,1,1,Returning_Visitor,True,False
Nov,2,2,3,2,Returning_Visitor,False,True
Mar,2,2,4,3,Returning_Visitor,False,False
Mar,2,2,2,3,Returning_Visitor,True,False
Nov,2,2,2,6,Returning_Visitor,False,False
Mar,1,1,1,3,Returning_Visitor,True,True
Mar,4,1,3,2,Returning_Visitor,True,False
May,2,4,7,1,Returning_Visitor,True,False
Nov,2,2,5,1,Returning_Visitor,False,False
Dec,4,2,8,2,New_Visitor,False,True
Nov,1,1,3,1,Returning_Visitor,False,False
May,3,2,3,2,Returning_Visitor,False,False
Dec,2,2,2,1,Returning_Visitor,False,False
May,2,4,7,3,Returning_Visitor,False,False
Nov,1,1,1,2,Returning_Visitor,False,False
May,2,2,3,1,Returning_Visitor,False,False
Oct,1,1,8,1,Returning_Visitor,True,False
May,4,2,1,11,Returning_Visitor,False,False
June,3,2,3,13,Returning_Visitor,True,False
Nov,2,2,3,11,Returning_Visitor,True,False
Nov,2,6,2,2,Returning_Visitor,False,False
Sep,2,2,5,2,New_Visitor,False,False
Sep,3,2,6,13,Returning_Visitor,False,False
May,3,2,2,5,Returning_Visitor,False,True
Mar,2,2,1,1,Returning_Visitor,False,False
May,3,2,1,2,New_Visitor,True,True
Dec,2,2,7,2,New_Visitor,False,False
Nov,1,1,4,2,New_Visitor,False,True
Nov,2,6,4,2,Returning_Visitor,False,False
Nov,1,1,1,1,Returning_Visitor,False,False
Mar,1,1,1,3,Returning_Visitor,False,False
May,2,2,1,13,Returning_Visitor,False,False
Nov,2,2,1,10,Returning_Visitor,False,True
Dec,1,1,9,3,Returning_Visitor,True,False
Nov,3,2,3,6,Returning_Visitor,False,False
May,2,4,3,6,Returning_Visitor,True,False
May,2,2,9,6,Returning_Visitor,False,False
May,2,2,3,2,Returning_Visitor,False,False
June,4,2,3,4,Returning_Visitor,False,False
Jul,2,4,9,1,Returning_Visitor,False,True
Oct,2,5,2,3,Returning_Visitor,False,False
Nov,2,4,3,10,Returning_Visitor,False,True
Nov,2,5,2,2,Other,False,True
Dec,2,2,7,1,Returning_Visitor,True,False
May,1,1,1,4,Returning_Visitor,False,False
Nov,2,2,1,20,Returning_Visitor,True,False
Sep,3,2,1,13,Returning_Visitor,False,False
Mar,1,1,8,2,New_Visitor,False,False
Feb,1,1,1,3,Returning_Visitor,False,False
June,2,2,2,2,New_Visitor,False,False
Aug,2,4,1,3,Returning_Visitor,False,False
Jul,2,2,8,4,New_Visitor,True,False
May,2,2,1,5,Returning_Visitor,False,False
Nov,3,2,9,2,Returning_Visitor,False,False
Mar,2,2,2,2,Returning_Visitor,False,False
May,2,2,5,13,Returning_Visitor,False,False
May,2,4,4,4,Returning_Visitor,False,False
Dec,1,1,6,1,Returning_Visitor,True,False
Jul,2,2,7,13,Returning_Visitor,False,True
Feb,3,2,1,4,Returning_Visitor,True,False
May,4,2,4,13,Returning_Visitor,False,False
May,2,2,7,6,Returning_Visitor,False,False
Mar,1,1,6,1,Returning_Visitor,False,False
June,2,2,4,13,Returning_Visitor,False,False
Mar,2,2,4,10,Returning_Visitor,False,True
Nov,2,5,7,1,Returning_Visitor,False,False
Nov,2,2,1,2,New_Visitor,True,False
May,2,6,6,6,Returning_Visitor,False,False
Dec,2,2,1,2,Returning_Visitor,False,True
Dec,1,1,3,2,Returning_Visitor,False,False
May,3,2,1,2,Returning_Visitor,False,False
June,2,5,8,1,Returning_Visitor,False,True
Mar,2,2,8,1,Returning_Visitor,False,False
Sep,3,2,6,1,Returning_Visitor,True,False
Nov,3,2,1,13,Returning_Visitor,False,False
Aug,3,2,1,4,Returning_Visitor,False,False
Mar,3,2,1,1,Returning_Visitor,True,False
May,3,2,8,6,Returning_Visitor,False,False
Mar,1,2,6,1,Returning_Visitor,False,False
Mar,2,2,2,2,Returning_Visitor,False,False
Mar,2,2,1,1,Returning_Visitor,False,False
Mar,3,2,2,1,Returning_Visitor,True,False
Nov,2,2,1,3,Returning_Visitor,False,False
May,3,2,2,4,Returning_Visitor,True,False
Jul,2,2,1,2,Returning_Visitor,False,True
Jul,1,1,1,4,Returning_Visitor,False,False
Sep,3,2,3,13,Returning_Visitor,False,False
Nov,1,1,1,8,New_Visitor,False,True
May,2,2,5,1,Returning_Visitor,False,False
May,3,2,4,2,Returning_Visitor,False,True
Mar,2,2,4,3,New_Visitor,False,False
Dec,4,1,4,10,Returning_Visitor,False,False
Mar,2,2,6,1,Returning_Visitor,False,False
May,2,2,4,1,Returning_Visitor,False,False
Sep,4,1,2,1,Returning_Visitor,False,False
May,3,2,3,4,Returning_Visitor,True,False
Dec,2,2,1,2,New_Visitor,False,False
Jul,4,1,3,1,Returning_Visitor,True,False
Mar,2,2,4,2,Returning_Visitor,False,False
Sep,2,2,6,3,Returning_Visitor,False,False
Dec,2,2,5,1,Returning_Visitor,False,False
Oct,2,2,1,2,New_Visitor,False,True
Dec,3,3,3,8,New_Visitor,False,False
Nov,1,8,2,11,New_Visitor,True,False
Nov,1,1,6,8,Returning_Visitor,False,True
May,2,4,6,6,Returning_Visitor,False,False
May,2,2,5,2,Returning_Visitor,False,False
Mar,1,8,2,1,Returning_Visitor,False,False
Nov,2,2,1,1,Returning_Visitor,False,False
Mar,2,2,8,2,Returning_Visitor,False,False
May,4,2,2,13,Returning_Visitor,False,False
Sep,2,2,5,1,Returning_Visitor,False,False
Mar,1,1,1,3,Returning_Visitor,False,False
Dec,2,2,4,1,Returning_Visitor,True,True
Dec,2,2,4,1,Returning_Visitor,True,True
May,2,7,3,11,Returning_Visitor,True,False
Nov,2,2,1,2,Returning_Visitor,False,False
Oct,2,2,4,5,New_Visitor,False,False
Mar,2,5,2,1,Returning_Visitor,False,False
Nov,2,2,1,2,New_Visitor,True,True
Jul,1,1,1,2,Returning_Visitor,True,False
May,2,4,3,1,Returning_Visitor,False,False
Nov,3,2,4,1,Returning_Visitor,True,False
May,1,1,1,2,Returning_Visitor,True,True
Sep,2,2,1,4,New_Visitor,False,False
Dec,2,2,3,13,Returning_Visitor,False,False
Nov,1,1,1,10,Returning_Visitor,True,True
Mar,2,4,1,1,Returning_Visitor,False,False
May,1,2,1,3,New_Visitor,False,True
Oct,4,1,2,1,Returning_Visitor,False,False
May,2,2,3,2,Returning_Visitor,False,False
Mar,2,2,2,1,Returning_Visitor,False,False
Mar,3,2,1,1,Returning_Visitor,True,False
Nov,2,2,1,2,New_Visitor,True,True
Oct,2,2,1,13,Returning_Visitor,False,True
Oct,2,2,1,1,Returning_Visitor,False,False
May,2,2,2,3,Returning_Visitor,False,False
Nov,2,2,1,2,Returning_Visitor,False,True
Dec,8,13,9,20,Other,False,False
Mar,2,6,9,6,Returning_Visitor,False,False
Jul,1,1,3,4,Returning_Visitor,False,False
Nov,2,1,3,1,Returning_Visitor,True,False
Sep,3,2,5,13,Returning_Visitor,False,False
Oct,2,2,5,2,Returning_Visitor,False,False
May,2,2,1,4,Returning_Visitor,False,False
Mar,2,4,1,2,Returning_Visitor,True,False
May,3,2,4,1,Returning_Visitor,False,False
May,3,2,8,4,Returning_Visitor,False,False
Dec,3,2,2,10,Returning_Visitor,False,False
Oct,1,2,3,2,New_Visitor,True,False
Dec,2,2,1,6,Returning_Visitor,False,True
Mar,2,2,2,2,Returning_Visitor,False,False
Mar,3,2,1,10,Returning_Visitor,False,False
Nov,2,2,3,3,Returning_Visitor,False,False
May,2,5,1,4,Returning_Visitor,False,False
Mar,2,2,1,2,Returning_Visitor,False,False
Mar,2,2,1,1,Returning_Visitor,False,False
Oct,3,2,4,20,Returning_Visitor,False,False
Mar,3,2,1,1,Returning_Visitor,False,False
Oct,4,1,1,5,Returning_Visitor,False,False
Oct,1,1,1,5,Returning_Visitor,False,False
Nov,2,5,1,8,New_Visitor,False,False
Oct,1,1,1,1,New_Visitor,True,False
Jul,2,2,3,2,Returning_Visitor,False,False
Dec,2,2,1,3,Returning_Visitor,False,False
Nov,4,2,1,3,Returning_Visitor,False,True
Sep,2,4,6,2,Returning_Visitor,False,True
Mar,1,1,2,1,Returning_Visitor,True,False
Nov,2,2,4,20,Returning_Visitor,False,False
May,4,1,1,1,Returning_Visitor,False,False
May,3,2,6,3,Returning_Visitor,False,False
May,2,2,7,11,Returning_Visitor,False,False
Nov,2,2,1,2,Returning_Visitor,True,False
Nov,2,2,3,13,Returning_Visitor,False,False
May,1,1,3,3,Returning_Visitor,False,False
Nov,2,2,1,2,Returning_Visitor,False,False
Nov,2,2,2,2,Returning_Visitor,False,False
Mar,2,4,1,3,Returning_Visitor,False,False
Mar,2,5,2,2,Returning_Visitor,False,False
Mar,3,2,7,1,New_Visitor,False,False
Nov,2,2,1,13,Returning_Visitor,False,False
Dec,3,2,3,2,Returning_Visitor,False,True
Sep,2,4,7,4,Returning_Visitor,True,True
Nov,2,5,3,1,Returning_Visitor,False,False
May,2,2,4,2,Returning_Visitor,False,False
Nov,2,2,2,2,Returning_Visitor,True,True
Nov,2,2,3,10,Returning_Visitor,False,False
Feb,1,1,6,3,Returning_Visitor,False,False
Nov,2,2,1,1,Returning_Visitor,True,False
Mar,2,2,1,1,Returning_Visitor,False,False
May,2,4,1,3,New_Visitor,False,False
Nov,3,2,6,13,Returning_Visitor,False,False
Dec,3,2,2,2,New_Visitor,True,False
Nov,2,4,1,2,Returning_Visitor,False,True
Nov,3,2,9,13,Returning_Visitor,False,False
Aug,2,2,1,2,New_Visitor,False,False
May,3,2,1,2,Returning_Visitor,False,False
Nov,2,2,1,2,Returning_Visitor,False,True
Oct,4,1,1,2,Returning_Visitor,True,False
Dec,2,2,7,2,New_Visitor,False,False
Nov,2,2,3,3,Returning_Visitor,False,False
Nov,2,2,6,20,Returning_Visitor,False,True
Mar,2,4,6,3,Returning_Visitor,True,False
Mar,2,2,1,10,Returning_Visitor,False,False
Nov,2,2,2,3,New_Visitor,False,False
Oct,1,1,1,2,Returning_Visitor,False,False
Dec,2,2,3,2,Returning_Visitor,False,True
Nov,1,1,3,2,Returning_Visitor,False,True
May,3,2,4,1,Returning_Visitor,True,False
Oct,2,6,1,1,Returning_Visitor,False,False
May,2,5,9,4,Returning_Visitor,False,False
May,3,2,6,13,Returning_Visitor,False,False
Dec,2,2,6,13,Returning_Visitor,False,False
Sep,3,2,1,2,New_Visitor,False,True
Nov,2,2,1,1,Returning_Visitor,False,False
Nov,3,2,1,2,Returning_Visitor,False,False
Feb,2,2,3,3,Returning_Visitor,False,False
May,2,2,2,2,Returning_Visitor,False,False
Nov,2,2,9,2,New_Visitor,True,False
May,2,2,1,13,Returning_Visitor,False,False
Dec,3,2,4,3,Returning_Visitor,False,False
Nov,1,1,4,3,Returning_Visitor,False,False
May,2,2,1,3,New_Visitor,False,False
May,3,2,3,4,Returning_Visitor,False,False
May,2,2,7,2,New_Visitor,False,False
Jul,1,1,3,2,New_Visitor,False,False
Dec,1,1,1,2,New_Visitor,True,True
Nov,4,1,9,8,Returning_Visitor,True,True
Dec,3,2,1,2,Returning_Visitor,False,False
Mar,2,2,9,1,Returning_Visitor,False,False
Dec,1,1,1,10,Returning_Visitor,False,False
Nov,1,1,2,1,Returning_Visitor,False,False
Nov,2,5,3,1,Returning_Visitor,False,False
Nov,3,2,1,8,Returning_Visitor,True,False
Mar,1,1,6,2,New_Visitor,True,False
Mar,2,6,3,2,Returning_Visitor,False,True
Feb,2,2,1,3,Returning_Visitor,False,False
Nov,1,1,1,2,Returning_Visitor,False,False
June,2,10,3,5,New_Visitor,True,False
Mar,2,2,3,3,New_Visitor,False,False
May,2,2,8,3,Returning_Visitor,False,False
May,2,2,7,4,Returning_Visitor,False,True
Oct,2,2,1,6,Returning_Visitor,False,False
Nov,2,2,1,2,Returning_Visitor,False,True
Nov,2,2,1,13,Returning_Visitor,False,False
Dec,3,2,6,10,Returning_Visitor,False,True
May,2,2,6,6,Returning_Visitor,False,False
Sep,3,2,1,5,New_Visitor,False,False
May,2,5,1,2,Returning_Visitor,False,False
May,1,2,2,2,Returning_Visitor,False,False
May,3,2,3,1,Returning_Visitor,True,False
Jul,1,2,1,4,Returning_Visitor,False,False
Dec,2,2,1,6,Returning_Visitor,False,False
Dec,1,8,1,11,New_Visitor,False,True
Dec,3,2,3,2,Returning_Visitor,False,False
Mar,2,2,6,3,Returning_Visitor,True,False
June,2,2,1,2,Returning_Visitor,False,False
Mar,3,2,1,13,Returning_Visitor,True,False
Mar,2,2,1,1,Returning_Visitor,False,False
May,1,1,1,5,New_Visitor,False,True
Nov,2,5,2,5,Returning_Visitor,True,True
May,2,2,4,13,Returning_Visitor,False,False
Mar,1,1,5,3,Returning_Visitor,False,False
May,2,2,1,3,Returning_Visitor,False,False
Nov,2,2,1,4,Returning_Visitor,False,False
May,2,2,2,4,Returning_Visitor,False,False
Dec,2,2,5,2,Returning_Visitor,False,False
Nov,3,2,1,1,Returning_Visitor,True,True
Mar,2,2,5,2,Returning_Visitor,True,True
Aug,2,2,1,2,Returning_Visitor,False,False
Mar,2,2,2,2,Returning_Visitor,True,False
Oct,1,1,4,3,Returning_Visitor,False,False
Dec,2,2,1,8,Returning_Visitor,False,False
Dec,3,2,2,6,Returning_Visitor,False,False
May,2,2,1,1,Returning_Visitor,False,False
May,2,2,1,3,Returning_Visitor,False,False
June,2,2,1,3,Returning_Visitor,False,False
Mar,3,2,1,11,Returning_Visitor,False,False
Nov,1,1,3,2,Returning_Visitor,False,False
Nov,1,1,9,4,Returning_Visitor,False,False
Dec,1,1,1,1,Returning_Visitor,False,False
Nov,2,2,1,1,Returning_Visitor,False,False
Mar,2,2,7,2,Returning_Visitor,False,False
Nov,2,2,1,8,Returning_Visitor,False,True
Mar,2,4,1,10,Returning_Visitor,False,False
Aug,2,2,7,6,Returning_Visitor,False,False
May,1,1,1,3,Returning_Visitor,False,False
Dec,2,4,4,2,Returning_Visitor,False,False
Aug,2,2,1,6,New_Visitor,True,False
Oct,1,1,1,2,New_Visitor,True,False
Sep,3,2,1,6,New_Visitor,False,True
Dec,2,10,3,1,Returning_Visitor,False,False
Mar,2,2,3,2,New_Visitor,True,False
Nov,1,1,1,3,New_Visitor,False,True
June,1,1,3,2,Returning_Visitor,False,False
Nov,2,2,1,3,Returning_Visitor,True,True
Oct,2,2,1,2,New_Visitor,True,False
Nov,2,2,1,4,New_Visitor,False,True
Mar,2,2,1,3,Returning_Visitor,False,False
May,3,2,5,3,Returning_Visitor,True,False
Nov,3,2,8,2,Returning_Visitor,False,False
Dec,1,8,1,2,Returning_Visitor,False,False
May,2,5,1,6,Returning_Visitor,False,False
Oct,4,1,4,1,Returning_Visitor,True,False
Mar,1,1,1,2,Returning_Visitor,True,False
Dec,3,2,2,10,Other,False,False
May,2,2,3,4,Returning_Visitor,False,False
Jul,3,2,3,1,Returning_Visitor,False,False
Dec,2,2,3,2,New_Visitor,False,False
May,2,2,2,13,Returning_Visitor,False,False
Mar,2,2,5,1,Returning_Visitor,False,False
May,2,2,3,2,New_Visitor,False,True
Mar,2,2,3,8,Returning_Visitor,False,True
May,1,1,1,4,Returning_Visitor,True,False
Mar,2,2,6,3,Returning_Visitor,True,False
May,3,2,4,13,Returning_Visitor,False,False
Nov,4,1,1,3,Returning_Visitor,False,True
May,3,2,1,13,Returning_Visitor,False,False
Mar,4,2,6,1,Returning_Visitor,False,False
Mar,1,1,1,2,Returning_Visitor,True,False
May,1,1,6,1,Returning_Visitor,False,False
Mar,3,2,1,3,Returning_Visitor,False,False
Nov,2,2,6,13,Returning_Visitor,False,False
May,2,5,2,6,Returning_Visitor,True,False
Dec,3,2,1,2,Returning_Visitor,False,False
Sep,2,2,1,1,Returning_Visitor,True,False
Nov,2,4,8,1,Returning_Visitor,False,False
Nov,2,2,3,2,Returning_Visitor,False,False
Oct,2,2,8,2,Returning_Visitor,False,False
Mar,1,2,1,2,Returning_Visitor,True,False
Jul,2,10,3,2,Returning_Visitor,True,True
Oct,1,1,6,2,New_Visitor,True,True
Nov,2,2,9,2,New_Visitor,False,True
Nov,2,2,1,2,Returning_Visitor,False,False
Mar,1,2,1,1,Returning_Visitor,True,True
Aug,2,2,2,1,Returning_Visitor,False,False
May,3,2,1,4,New_Visitor,False,False
May,3,2,4,13,Returning_Visitor,True,False
May,2,2,1,13,Returning_Visitor,False,False
Mar,3,2,1,9,New_Visitor,True,False
Jul,1,1,4,4,Returning_Visitor,False,False
Nov,2,2,1,4,Returning_Visitor,False,False
Mar,3,2,8,10,Returning_Visitor,False,False
Nov,2,2,1,2,Other,False,False
Aug,3,2,1,1,Returning_Visitor,True,False
May,3,2,1,1,Returning_Visitor,True,False
Mar,2,2,7,2,Returning_Visitor,False,True
Mar,2,2,4,2,Returning_Visitor,False,True
Nov,2,5,1,2,Returning_Visitor,True,True
May,1,1,3,2,Returning_Visitor,True,False
Nov,1,1,3,2,Returning_Visitor,False,False
Mar,2,4,3,1,Returning_Visitor,False,False
Nov,2,2,4,2,New_Visitor,True,False
Oct,1,2,6,4,Returning_Visitor,False,False
Mar,2,2,6,1,Returning_Visitor,False,False
Nov,2,2,1,1,Returning_Visitor,True,False
Nov,1,1,4,3,Returning_Visitor,False,False
May,1,8,1,11,New_Visitor,True,False
Nov,2,2,4,8,Returning_Visitor,False,False
Oct,7,1,1,3,Returning_Visitor,False,False
May,3,2,6,5,New_Visitor,False,False
Jul,3,2,4,3,Returning_Visitor,False,False
May,2,2,1,19,Returning_Visitor,True,False
Nov,2,2,4,2,New_Visitor,False,True
May,3,2,4,11,Returning_Visitor,False,False
Mar,1,1,1,2,Returning_Visitor,False,True
May,2,2,3,13,Returning_Visitor,False,False
Nov,8,13,9,20,Other,False,False
Nov,2,2,3,2,New_Visitor,False,True
Dec,1,1,2,8,Returning_Visitor,True,True
Nov,2,2,1,10,Returning_Visitor,False,False
Nov,2,2,4,13,Returning_Visitor,True,False
May,2,2,1,11,Returning_Visitor,False,False
Dec,2,2,1,1,Returning_Visitor,False,False
Mar,1,1,6,2,Returning_Visitor,False,False
Sep,2,2,2,2,New_Visitor,True,True
Oct,3,2,1,1,Returning_Visitor,True,False
Nov,2,2,4,3,Returning_Visitor,False,False
May,3,2,4,3,Returning_Visitor,False,False
Nov,3,2,1,11,New_Visitor,True,False
Mar,3,2,3,3,Returning_Visitor,False,False
Jul,1,1,5,2,New_Visitor,False,False
Aug,2,2,1,2,New_Visitor,False,False
Nov,3,2,3,3,Returning_Visitor,False,False
May,3,2,7,6,Returning_Visitor,False,False
Mar,2,4,3,10,Returning_Visitor,False,False
June,4,2,1,5,Returning_Visitor,True,True
Mar,3,2,3,2,Returning_Visitor,False,False
Nov,1,1,8,2,Returning_Visitor,False,False
May,2,2,1,2,Returning_Visitor,True,False
May,2,2,1,4,Returning_Visitor,False,False
Jul,4,1,1,4,Returning_Visitor,False,True
Dec,2,2,1,2,Returning_Visitor,False,False
Sep,1,1,3,2,Returning_Visitor,True,False
Nov,2,2,1,2,Returning_Visitor,False,False
Mar,2,2,1,1,Returning_Visitor,False,False
May,4,2,8,3,Returning_Visitor,True,False
Aug,1,1,4,2,Returning_Visitor,False,False
Oct,3,2,1,5,Returning_Visitor,False,False
Nov,2,2,8,6,Returning_Visitor,False,False
May,2,2,1,4,Returning_Visitor,False,False
May,3,2,5,2,Returning_Visitor,False,False
Dec,2,2,1,2,Returning_Visitor,False,False
Mar,2,6,1,8,Returning_Visitor,True,True
Feb,2,6,1,3,Returning_Visitor,False,False
Jul,3,2,3,4,Returning_Visitor,False,False
Jul,2,2,1,1,Returning_Visitor,False,False
Dec,2,2,1,10,Returning_Visitor,False,False
Dec,2,2,2,1,Returning_Visitor,False,False
May,2,2,7,1,Returning_Visitor,True,True
May,1,1,7,3,New_Visitor,False,False
Nov,2,2,4,2,Returning_Visitor,True,True
Nov,3,2,1,3,Returning_Visitor,True,False
Mar,3,2,3,1,Returning_Visitor,False,False
Dec,2,2,1,7,New_Visitor,True,False
Oct,1,8,8,1,Returning_Visitor,True,False
Dec,1,1,3,2,Returning_Visitor,False,False
Dec,2,2,4,2,Returning_Visitor,False,False
May,1,2,4,15,Returning_Visitor,True,False
Nov,2,4,3,1,Returning_Visitor,True,True
Aug,2,2,1,2,Returning_Visitor,True,False
Nov,2,2,1,1,Returning_Visitor,True,False
May,3,2,1,1,Returning_Visitor,False,False
Dec,3,2,1,2,Returning_Visitor,False,False
May,4,1,2,3,Returning_Visitor,True,True
Nov,1,1,3,2,Returning_Visitor,False,False
Sep,3,2,3,3,Returning_Visitor,False,False
June,2,4,3,1,Returning_Visitor,False,False
Feb,1,1,4,4,Returning_Visitor,False,False
May,3,2,2,18,Returning_Visitor,False,False
Dec,2,4,3,10,New_Visitor,False,False
Dec,1,1,1,3,Returning_Visitor,False,False
May,2,2,1,3,Returning_Visitor,False,True
May,1,1,1,4,Returning_Visitor,True,False
Mar,2,2,3,1,Returning_Visitor,False,False
Feb,1,1,1,4,Returning_Visitor,False,False
Dec,1,1,4,2,Returning_Visitor,True,False
May,1,1,1,1,Returning_Visitor,True,False
Dec,2,4,1,1,Returning_Visitor,False,True
May,2,1,1,3,Returning_Visitor,True,False
Dec,2,2,9,2,New_Visitor,True,False
Aug,3,2,1,4,Returning_Visitor,False,False
May,2,2,7,3,Returning_Visitor,True,False
Mar,1,1,6,10,Returning_Visitor,False,False
Nov,1,1,8,1,Returning_Visitor,True,True
May,2,2,1,1,Returning_Visitor,True,False
Mar,1,1,8,3,Returning_Visitor,False,False
Jul,2,2,9,13,Returning_Visitor,False,False
Dec,2,2,1,2,New_Visitor,False,False
Nov,2,2,7,1,Returning_Visitor,False,True
Mar,1,1,1,2,Returning_Visitor,False,False
Dec,8,13,9,20,Other,False,True
Nov,2,6,1,3,Returning_Visitor,False,True
May,2,2,1,2,Returning_Visitor,True,False
May,3,2,3,2,Returning_Visitor,False,False
Dec,2,2,1,2,New_Visitor,False,False
Nov,3,2,2,2,Returning_Visitor,False,False
Dec,2,5,8,2,Returning_Visitor,True,False
May,4,2,1,13,Returning_Visitor,False,False
May,3,3,8,11,New_Visitor,False,False
Dec,2,2,9,2,New_Visitor,True,True
Jul,1,1,3,1,Returning_Visitor,False,False
Oct,4,2,3,2,New_Visitor,True,False
May,3,2,4,20,Returning_Visitor,False,False
Mar,3,2,6,1,Returning_Visitor,False,False
May,2,2,5,5,Returning_Visitor,False,False
Oct,1,8,3,1,Returning_Visitor,False,False
Feb,2,7,2,4,Returning_Visitor,False,False
Nov,1,2,7,2,Returning_Visitor,False,False
Mar,2,2,5,1,Returning_Visitor,True,False
Nov,1,1,1,3,Returning_Visitor,False,True
Oct,1,1,8,5,New_Visitor,True,False
Sep,1,1,2,2,Returning_Visitor,False,False
Nov,3,2,1,1,Returning_Visitor,False,False
Nov,3,2,1,13,Returning_Visitor,True,False
May,2,2,2,1,Returning_Visitor,False,False
May,2,4,1,6,Returning_Visitor,False,False
Dec,2,4,7,1,Returning_Visitor,False,False
May,3,2,2,3,Returning_Visitor,False,False
Oct,3,2,4,2,Returning_Visitor,False,False
Nov,1,1,6,6,Returning_Visitor,False,False
Nov,2,4,2,1,Returning_Visitor,False,False
May,2,2,4,2,Returning_Visitor,False,False
Mar,2,5,4,2,Returning_Visitor,False,True
May,4,1,1,2,Returning_Visitor,False,False
Nov,1,1,7,10,Returning_Visitor,True,False
May,1,1,1,2,Returning_Visitor,False,False
Nov,2,2,4,1,Returning_Visitor,False,True
May,2,2,7,1,Returning_Visitor,False,False
Nov,2,2,3,1,Returning_Visitor,False,False
Mar,1,8,3,2,Returning_Visitor,False,False
May,1,1,3,2,Returning_Visitor,True,False
May,2,2,1,3,Returning_Visitor,False,False
Aug,2,4,7,2,New_Visitor,True,False
May,4,2,2,2,Returning_Visitor,False,False
May,3,5,7,2,New_Visitor,False,True
May,2,4,4,1,Returning_Visitor,False,True
Nov,2,2,2,1,Returning_Visitor,False,False
Nov,2,10,3,2,Returning_Visitor,False,False
May,3,2,8,11,Returning_Visitor,False,False
Oct,1,1,3,3,New_Visitor,False,True
May,2,2,3,19,Returning_Visitor,False,False
May,2,2,6,4,Returning_Visitor,False,False
June,2,2,3,2,Returning_Visitor,False,False
Dec,3,2,2,13,Returning_Visitor,True,False
Dec,8,13,9,20,Other,False,True
Feb,4,1,1,3,Returning_Visitor,False,False
Mar,3,2,7,3,Returning_Visitor,True,True
Mar,2,2,3,3,New_Visitor,True,False
Mar,2,2,3,2,Returning_Visitor,True,False
May,2,2,9,3,Returning_Visitor,False,False
Dec,2,4,1,2,Returning_Visitor,True,False
Mar,2,2,1,2,New_Visitor,True,False
May,2,4,1,3,Returning_Visitor,False,False
Aug,2,2,2,1,Returning_Visitor,False,False
Mar,3,2,1,13,Returning_Visitor,True,False
Mar,1,1,1,3,Returning_Visitor,False,False
Aug,2,4,3,1,Returning_Visitor,False,False
May,2,6,9,3,Returning_Visitor,False,False
Nov,2,2,1,3,Returning_Visitor,False,True
Nov,2,2,1,2,Returning_Visitor,False,False
Dec,3,2,1,10,Returning_Visitor,False,False
May,3,2,1,13,Returning_Visitor,False,False
May,2,4,7,3,Returning_Visitor,False,False
Dec,2,2,2,3,Returning_Visitor,False,False
Mar,2,2,7,1,Returning_Visitor,False,False
Sep,2,2,3,2,Returning_Visitor,False,False
May,3,2,1,4,Returning_Visitor,False,False
Nov,3,2,8,1,Returning_Visitor,False,False
Dec,3,2,3,2,New_Visitor,False,False
Nov,2,2,1,6,Returning_Visitor,False,True
Aug,3,2,1,2,Returning_Visitor,False,False
Dec,2,2,2,1,Returning_Visitor,False,False
Oct,2,2,1,1,Returning_Visitor,False,False
Dec,2,2,3,2,Returning_Visitor,False,False
Dec,1,2,3,2,New_Visitor,False,False
May,2,2,1,1,Returning_Visitor,False,False
Mar,3,2,1,13,Returning_Visitor,False,False
Dec,3,2,1,2,New_Visitor,False,False
May,4,2,3,13,Returning_Visitor,False,False
Mar,3,2,3,1,Returning_Visitor,True,False
Nov,2,2,3,2,Returning_Visitor,False,False
Dec,3,2,8,2,Returning_Visitor,False,False
Nov,2,2,1,2,Returning_Visitor,True,False
Oct,2,2,3,1,Returning_Visitor,False,False
Nov,2,2,7,1,Returning_Visitor,False,False
May,2,4,1,3,Returning_Visitor,False,False
Mar,1,1,3,1,Returning_Visitor,False,False
Oct,2,2,3,20,Returning_Visitor,False,False
Nov,2,4,7,1,Returning_Visitor,False,True
Dec,2,10,4,2,New_Visitor,False,False
Nov,1,1,1,1,Returning_Visitor,True,False
Mar,2,4,4,1,Returning_Visitor,False,False
Nov,1,2,1,2,Returning_Visitor,True,False
Nov,1,1,3,2,Returning_Visitor,True,False
Feb,1,1,3,2,Returning_Visitor,False,False
May,2,4,6,1,Returning_Visitor,False,False
June,1,1,9,5,Returning_Visitor,False,False
June,3,2,1,4,Returning_Visitor,False,False
May,2,2,1,2,Returning_Visitor,False,True
May,2,4,7,2,Returning_Visitor,False,False
Nov,2,2,1,1,Returning_Visitor,True,True
June,2,2,4,3,Returning_Visitor,False,False
Nov,2,2,3,2,Returning_Visitor,False,False
Mar,3,2,1,1,Returning_Visitor,False,False
Oct,3,2,1,13,Returning_Visitor,False,False
Nov,2,2,7,1,Returning_Visitor,False,False
Mar,2,2,1,3,Returning_Visitor,True,False
Nov,1,1,9,2,Returning_Visitor,False,True
Nov,1,1,6,3,Returning_Visitor,False,False
May,2,2,1,2,Returning_Visitor,False,True
Mar,1,1,1,2,Returning_Visitor,False,False
June,3,2,3,3,Returning_Visitor,False,False
Jul,3,2,4,1,Returning_Visitor,False,True
Nov,1,1,4,3,Returning_Visitor,False,False
Dec,3,2,5,3,Returning_Visitor,True,False
May,3,2,3,11,New_Visitor,True,False
Jul,2,2,3,3,New_Visitor,False,False
May,2,2,1,11,Returning_Visitor,True,False
Dec,2,4,4,2,New_Visitor,False,False
May,1,1,4,2,Returning_Visitor,False,False
Nov,1,1,3,10,Returning_Visitor,False,True
Feb,2,2,1,3,Returning_Visitor,False,False
May,2,2,1,2,Returning_Visitor,False,False
June,2,5,1,1,Returning_Visitor,False,False
May,2,2,1,13,Returning_Visitor,True,False
Dec,1,1,3,20,New_Visitor,False,True
May,2,2,1,2,Returning_Visitor,False,False
May,3,2,2,3,Returning_Visitor,False,False
May,3,2,7,2,New_Visitor,True,True
Mar,7,1,1,2,New_Visitor,True,False
Nov,2,2,3,11,Returning_Visitor,True,False
May,2,10,3,2,New_Visitor,False,False
May,3,2,2,2,Returning_Visitor,False,True
Feb,2,2,8,4,Returning_Visitor,False,False
Dec,3,2,7,3,Returning_Visitor,False,False
May,2,2,3,3,Returning_Visitor,False,True
Nov,2,2,4,10,Returning_Visitor,False,True
Nov,3,2,9,13,Returning_Visitor,True,False
Dec,2,2,3,2,New_Visitor,False,True
Oct,2,2,2,1,Returning_Visitor,False,False
Sep,2,2,1,5,Returning_Visitor,False,False
May,3,2,1,1,Returning_Visitor,False,False
May,3,6,3,3,New_Visitor,False,False
Nov,3,2,1,2,New_Visitor,True,False
Nov,3,2,3,3,Returning_Visitor,False,True
May,3,2,3,13,Returning_Visitor,True,False
Mar,2,4,3,2,Returning_Visitor,True,False
Mar,1,1,1,9,Returning_Visitor,True,False
May,4,2,1,1,Returning_Visitor,False,False
May,3,2,9,4,Returning_Visitor,True,False
Nov,4,1,1,2,Returning_Visitor,False,True
Mar,1,1,4,1,Returning_Visitor,False,False
Mar,2,2,3,8,New_Visitor,False,False
Sep,1,1,2,2,Returning_Visitor,False,False
Dec,2,2,6,3,Returning_Visitor,False,False
Dec,2,2,1,6,Returning_Visitor,False,False
Mar,2,2,8,1,Returning_Visitor,False,False
Sep,1,1,1,3,Returning_Visitor,False,True
June,3,2,1,1,Returning_Visitor,False,False
Nov,2,2,6,2,Returning_Visitor,False,False
Nov,1,1,1,2,Returning_Visitor,True,False
May,3,2,2,1,Returning_Visitor,True,False
Dec,1,2,1,2,Other,True,False
May,2,2,7,1,Returning_Visitor,True,True
Dec,1,2,3,3,New_Visitor,False,False
Dec,1,1,2,2,Returning_Visitor,False,False
Mar,2,4,6,2,Returning_Visitor,False,False
Nov,2,2,3,2,Returning_Visitor,True,False
Nov,2,2,1,2,Returning_Visitor,False,True
Mar,1,1,1,3,Returning_Visitor,True,True
May,3,2,3,4,Returning_Visitor,True,False
May,3,2,4,4,Returning_Visitor,True,False
May,3,2,5,13,Returning_Visitor,False,False
Jul,1,1,5,2,Returning_Visitor,False,False
Nov,1,1,1,2,Returning_Visitor,False,False
Aug,2,2,7,2,Returning_Visitor,False,False
Dec,8,13,9,20,Other,False,False
May,2,5,1,3,Returning_Visitor,False,False
May,2,2,1,2,Returning_Visitor,False,False
May,2,2,6,3,Returning_Visitor,False,True
Nov,3,2,1,2,Returning_Visitor,True,True
Nov,3,2,1,3,Returning_Visitor,True,False
Aug,1,1,4,2,Returning_Visitor,False,False
May,1,1,1,3,Returning_Visitor,False,False
Mar,2,2,1,2,New_Visitor,True,False
Nov,1,1,1,10,Returning_Visitor,True,False
May,2,2,7,6,Returning_Visitor,True,False
Nov,1,1,3,3,Returning_Visitor,False,False
Dec,2,5,3,1,Returning_Visitor,False,False
Aug,3,2,3,3,Returning_Visitor,True,False
May,1,1,2,5,New_Visitor,False,False
Nov,2,2,2,3,Returning_Visitor,False,False
May,1,1,1,13,Returning_Visitor,False,False
Sep,2,2,2,1,Returning_Visitor,False,False
May,2,2,2,4,Returning_Visitor,False,False
Feb,3,2,3,3,Returning_Visitor,False,False
Nov,2,2,7,2,Returning_Visitor,True,False
Sep,3,2,3,2,Returning_Visitor,True,False
Aug,2,4,3,5,Returning_Visitor,False,True
May,2,2,5,13,Returning_Visitor,False,False
Nov,2,2,4,2,Returning_Visitor,False,True
Jul,2,2,7,13,Returning_Visitor,True,False
June,2,2,2,4,Returning_Visitor,False,False
May,2,2,1,2,Returning_Visitor,False,False
Mar,2,2,2,2,Returning_Visitor,False,True
Sep,2,7,1,2,New_Visitor,False,False
May,4,1,6,4,Returning_Visitor,True,True
Mar,3,2,7,1,Returning_Visitor,False,False
Dec,3,2,2,10,Returning_Visitor,False,False
Jul,2,5,2,3,Returning_Visitor,True,False
Mar,2,2,1,1,Returning_Visitor,False,False
Mar,3,2,1,1,Returning_Visitor,False,False
Dec,2,2,3,1,Returning_Visitor,False,False
Nov,2,5,8,3,Returning_Visitor,True,False
May,3,2,3,4,Returning_Visitor,False,False
Dec,2,2,3,10,Returning_Visitor,False,False
Dec,2,2,6,6,Returning_Visitor,False,False
Nov,1,1,1,2,Returning_Visitor,False,False
May,2,4,7,2,Returning_Visitor,False,False
Mar,2,2,4,2,Returning_Visitor,True,False
May,3,2,3,4,Returning_Visitor,True,False
Dec,2,5,1,1,Returning_Visitor,False,False
Nov,2,2,1,1,Returning_Visitor,False,False
May,1,1,7,2,Returning_Visitor,False,False
Aug,1,1,3,2,Returning_Visitor,False,False
Dec,3,2,1,1,Returning_Visitor,False,False
May,1,1,1,3,Returning_Visitor,False,False
Nov,2,2,2,1,Returning_Visitor,False,True
Aug,4,1,6,4,Returning_Visitor,False,False
Dec,3,2,1,13,Returning_Visitor,False,False
Nov,2,2,3,2,New_Visitor,True,False
May,2,4,4,2,Returning_Visitor,False,False
May,2,2,5,6,Returning_Visitor,False,False
June,3,2,1,2,Returning_Visitor,False,False
Nov,1,2,6,2,Returning_Visitor,False,False
Oct,1,1,3,3,Returning_Visitor,False,False
Dec,1,1,3,2,Returning_Visitor,False,False
Sep,3,2,1,13,Returning_Visitor,True,False
Nov,2,2,1,13,Returning_Visitor,False,False
Dec,8,13,9,20,Other,False,False
May,1,1,2,4,Returning_Visitor,False,True
Oct,3,2,1,4,Returning_Visitor,False,False
Mar,2,2,1,3,New_Visitor,False,False
Dec,2,2,1,2,Returning_Visitor,False,False
Nov,2,1,1,2,Returning_Visitor,True,False
Nov,2,2,9,8,New_Visitor,False,False
Aug,2,2,6,13,Returning_Visitor,False,False
May,2,4,1,3,Returning_Visitor,False,False
Nov,1,1,1,2,Returning_Visitor,False,True
Mar,2,2,1,1,Returning_Visitor,False,False
May,3,2,2,6,Returning_Visitor,False,False
Nov,1,1,3,10,Returning_Visitor,False,False
Nov,4,2,3,2,Returning_Visitor,True,False
Mar,2,2,6,1,Returning_Visitor,False,False
Dec,1,1,1,2,New_Visitor,False,False
Nov,2,2,1,3,Returning_Visitor,False,False
Dec,2,2,2,7,Returning_Visitor,True,True
Oct,2,2,5,2,Returning_Visitor,False,False
Mar,2,7,2,3,Returning_Visitor,False,False
Aug,2,2,6,1,Returning_Visitor,False,False
May,2,4,5,5,New_Visitor,False,True
Nov,1,1,3,3,Returning_Visitor,False,False
Dec,2,4,1,10,Returning_Visitor,False,True
Jul,3,2,7,1,Returning_Visitor,False,False
Jul,2,5,7,1,Returning_Visitor,False,False
Jul,2,2,3,2,Returning_Visitor,False,False
Nov,3,2,3,8,New_Visitor,False,True
June,2,2,1,2,New_Visitor,False,False
Mar,2,2,1,1,Returning_Visitor,False,False
Oct,1,1,1,3,New_Visitor,True,False
Nov,1,1,1,2,Returning_Visitor,False,False
Mar,3,2,1,9,Returning_Visitor,True,False
Mar,2,2,1,1,Returning_Visitor,False,False
Dec,1,1,6,2,Returning_Visitor,False,False
Nov,2,2,3,1,Returning_Visitor,False,False
Oct,2,2,6,20,Returning_Visitor,False,False
Dec,1,1,2,2,Returning_Visitor,False,False
Nov,2,5,6,2,Returning_Visitor,False,True
Mar,2,5,6,1,Returning_Visitor,False,False
Dec,1,1,1,1,Returning_Visitor,True,False
Oct,2,2,3,13,Returning_Visitor,False,False
Mar,1,8,7,2,Returning_Visitor,False,False
Oct,2,2,2,4,Returning_Visitor,False,False
Dec,2,2,4,1,Returning_Visitor,False,False
May,2,2,9,6,Returning_Visitor,False,True
Dec,2,2,1,2,Returning_Visitor,False,True
May,1,1,4,15,Returning_Visitor,False,False
May,2,2,3,3,Returning_Visitor,False,False
Aug,3,2,6,2,Returning_Visitor,False,False
Nov,2,2,6,2,Returning_Visitor,False,True
May,3,2,3,13,Returning_Visitor,False,False
May,3,2,1,4,Returning_Visitor,False,False
Nov,1,1,8,2,Returning_Visitor,True,True
Dec,2,2,3,2,Returning_Visitor,False,False
May,3,2,1,13,Returning_Visitor,False,False
Jul,1,1,3,3,Returning_Visitor,False,False
Mar,2,2,2,2,Returning_Visitor,True,False
Nov,2,4,3,10,Returning_Visitor,False,False
Jul,2,2,6,2,New_Visitor,True,False
Nov,1,1,4,2,Returning_Visitor,False,True
Aug,1,1,1,3,Returning_Visitor,False,False
Jul,1,1,1,1,Returning_Visitor,True,False
Jul,2,5,6,1,Returning_Visitor,False,False
Nov,2,2,1,1,Returning_Visitor,False,False
Nov,2,2,3,1,Returning_Visitor,False,False
Mar,2,5,1,10,Returning_Visitor,False,False
Jul,3,2,4,1,Returning_Visitor,True,False
May,3,2,4,5,Returning_Visitor,True,False
May,2,12,8,3,Returning_Visitor,False,False
Nov,1,1,1,2,Returning_Visitor,True,False
Dec,2,2,1,2,New_Visitor,False,False
Mar,3,2,1,8,New_Visitor,True,False
Nov,1,1,1,3,Returning_Visitor,True,False
May,3,2,1,4,Returning_Visitor,False,False
Nov,2,2,4,2,New_Visitor,False,False
May,1,8,4,4,Returning_Visitor,True,False
Sep,2,2,1,4,Returning_Visitor,False,False
Dec,3,2,3,1,Returning_Visitor,False,True
Mar,3,2,1,3,Returning_Visitor,False,False
May,2,2,3,3,Returning_Visitor,False,False
Mar,2,10,6,1,Returning_Visitor,False,False
Dec,1,1,3,2,Returning_Visitor,True,False
Dec,2,2,7,3,Returning_Visitor,False,False
Nov,1,1,4,8,Returning_Visitor,False,False
Oct,1,1,8,1,Returning_Visitor,False,False
Mar,1,2,3,3,Returning_Visitor,False,False
May,3,2,4,3,Returning_Visitor,False,False
May,3,2,1,4,Returning_Visitor,True,False
Nov,3,2,3,3,Returning_Visitor,False,False
Dec,2,2,7,2,Returning_Visitor,False,True
Nov,2,2,1,2,Returning_Visitor,False,True
Nov,3,2,1,3,Returning_Visitor,False,False
May,2,2,1,4,Returning_Visitor,False,False
May,2,2,3,3,Returning_Visitor,False,False
May,2,2,1,13,Returning_Visitor,False,False
Mar,2,2,7,2,Returning_Visitor,False,False
Mar,3,2,8,8,New_Visitor,False,False
Mar,3,2,8,2,Returning_Visitor,False,False
May,3,2,3,1,Returning_Visitor,True,False
Mar,2,2,4,1,Returning_Visitor,False,False
Nov,1,1,1,2,Returning_Visitor,False,False
Aug,1,1,3,4,Returning_Visitor,False,False
May,3,2,7,2,Returning_Visitor,False,False
Nov,2,2,1,2,Returning_Visitor,True,False
Nov,1,1,4,2,New_Visitor,False,False
May,2,2,8,6,Returning_Visitor,False,False
Sep,2,2,1,3,Returning_Visitor,False,False
Mar,2,2,3,1,Returning_Visitor,False,False
Mar,2,2,1,2,Returning_Visitor,False,False
Mar,3,2,1,8,New_Visitor,True,False
Mar,1,1,3,3,New_Visitor,False,False
Dec,2,2,2,3,Returning_Visitor,False,False
Nov,2,2,4,20,Other,False,False
Dec,2,2,6,2,New_Visitor,True,False
May,1,1,1,3,Returning_Visitor,True,False
June,1,1,3,2,Returning_Visitor,False,False
Mar,2,2,1,8,Returning_Visitor,True,False
Nov,2,2,3,10,Returning_Visitor,False,True
Oct,4,1,1,2,Returning_Visitor,False,False
Mar,2,2,1,2,New_Visitor,False,False
June,2,2,4,13,Returning_Visitor,False,False
Mar,2,2,3,1,Returning_Visitor,False,False
May,1,1,1,3,Returning_Visitor,False,False
Nov,2,4,9,3,Other,False,True
Mar,2,2,1,2,Returning_Visitor,False,False
Nov,1,1,3,11,Returning_Visitor,False,False
May,2,2,1,1,Returning_Visitor,False,False
Mar,1,1,4,2,Returning_Visitor,False,False
Jul,2,2,1,5,New_Visitor,False,False
Nov,3,2,6,2,Returning_Visitor,False,False
Nov,2,2,1,1,Returning_Visitor,False,False
May,3,2,1,2,Returning_Visitor,False,False
Nov,2,2,1,20,Returning_Visitor,False,False
Dec,2,2,6,3,Returning_Visitor,False,False
Nov,2,2,3,1,Returning_Visitor,False,False
Nov,3,2,6,1,Returning_Visitor,False,False
Nov,2,2,1,2,Returning_Visitor,False,True
Aug,2,2,1,4,Returning_Visitor,False,True
May,1,1,3,3,New_Visitor,False,False
May,3,2,1,3,Returning_Visitor,False,False
June,2,4,6,2,New_Visitor,True,False
Mar,3,2,1,1,Returning_Visitor,False,False
Nov,2,2,3,2,Returning_Visitor,False,False
Aug,2,4,9,11,Returning_Visitor,False,False
Jul,2,2,5,3,Returning_Visitor,True,False
Oct,2,2,1,2,Returning_Visitor,True,False
Mar,2,2,1,1,Returning_Visitor,False,False
Feb,2,2,8,1,Returning_Visitor,True,False
May,4,1,1,3,Returning_Visitor,False,False
Dec,2,2,7,2,Returning_Visitor,False,False
May,2,2,4,13,New_Visitor,False,False
Mar,2,2,1,2,Returning_Visitor,False,False
Nov,2,2,9,3,Returning_Visitor,False,False
May,1,1,7,6,Returning_Visitor,False,False
Nov,2,6,3,2,Returning_Visitor,False,False
May,2,2,1,3,Returning_Visitor,False,False
May,2,4,3,4,Returning_Visitor,False,True
Mar,2,4,7,2,Returning_Visitor,False,False
June,2,4,1,2,Returning_Visitor,True,False
Dec,1,1,7,3,Returning_Visitor,True,False
May,2,2,6,4,Returning_Visitor,False,False
Nov,3,2,1,13,Returning_Visitor,False,False
Jul,2,2,1,3,Returning_Visitor,False,False
Dec,2,2,1,1,Returning_Visitor,True,False
Aug,2,4,2,1,Returning_Visitor,False,True
Jul,3,2,1,4,Returning_Visitor,True,False
Nov,1,1,4,3,Returning_Visitor,False,False
Dec,1,1,8,2,Returning_Visitor,False,False
Dec,2,2,3,2,New_Visitor,False,False
Mar,2,2,1,10,Returning_Visitor,False,False
Nov,1,1,3,3,Returning_Visitor,False,True
May,3,2,1,2,Returning_Visitor,True,False
May,1,1,1,20,Returning_Visitor,False,False
Aug,3,2,1,4,Returning_Visitor,False,False
May,2,5,6,3,Returning_Visitor,True,False
Jul,4,1,3,1,Returning_Visitor,False,True
Mar,2,5,1,1,Returning_Visitor,False,True
Nov,3,2,3,2,Returning_Visitor,False,False
Oct,3,2,4,6,New_Visitor,False,False
Oct,1,1,1,1,New_Visitor,False,False
May,2,2,2,4,Returning_Visitor,True,True
Aug,2,6,4,3,Returning_Visitor,True,False
Aug,2,2,1,1,New_Visitor,False,False
Aug,1,1,3,3,Returning_Visitor,True,False
Nov,3,2,1,11,New_Visitor,False,False
Dec,1,1,4,2,Returning_Visitor,False,False
May,2,2,6,4,Returning_Visitor,True,False
Nov,3,2,1,2,Returning_Visitor,False,False
May,1,1,4,3,Returning_Visitor,False,False
Nov,2,2,1,1,Returning_Visitor,False,False
Nov,2,2,9,2,Returning_Visitor,False,False
May,2,2,2,13,Returning_Visitor,False,False
Nov,2,2,1,13,Returning_Visitor,False,False
Nov,2,2,6,8,New_Visitor,True,False
Aug,1,1,1,4,New_Visitor,False,False
May,2,2,3,3,Returning_Visitor,False,False
Nov,3,2,1,8,New_Visitor,False,False
Nov,3,2,1,13,Returning_Visitor,False,False
May,2,2,1,2,Returning_Visitor,False,False
Nov,2,2,3,1,Returning_Visitor,False,False
May,1,1,4,1,Returning_Visitor,True,False
Nov,2,4,1,2,Returning_Visitor,False,True
Oct,2,2,9,4,Returning_Visitor,False,False
May,2,2,6,1,Returning_Visitor,False,False
May,2,2,3,6,Returning_Visitor,False,False
May,2,2,9,2,Returning_Visitor,True,False
May,1,1,6,3,Returning_Visitor,True,False
Oct,2,2,1,20,Returning_Visitor,False,True
Dec,2,2,1,2,New_Visitor,False,False
May,3,2,3,15,Returning_Visitor,True,False
Mar,2,2,4,2,New_Visitor,False,False
Mar,2,5,7,2,Returning_Visitor,False,False
Nov,1,1,1,1,Returning_Visitor,False,False
Dec,2,4,6,1,New_Visitor,False,False
Mar,2,4,3,2,Returning_Visitor,False,False
Nov,2,2,1,2,New_Visitor,True,False
Dec,2,4,1,2,Returning_Visitor,False,False
Nov,2,2,1,3,Returning_Visitor,True,False
Nov,3,2,1,3,Returning_Visitor,False,False
May,2,2,1,5,New_Visitor,False,False
May,4,2,1,11,Returning_Visitor,True,False
May,1,1,1,4,Returning_Visitor,True,False
Jul,3,2,3,15,Returning_Visitor,False,False
Mar,3,2,1,1,Returning_Visitor,False,False
May,3,2,1,2,Returning_Visitor,False,False
Jul,1,1,1,1,Returning_Visitor,True,False
Nov,1,2,6,8,New_Visitor,False,False
Mar,4,1,4,2,Returning_Visitor,False,False
May,2,2,3,2,Returning_Visitor,False,False
Aug,3,2,3,13,Returning_Visitor,False,False
Mar,3,3,4,3,Returning_Visitor,True,False
May,2,2,3,3,Returning_Visitor,False,False
Sep,2,2,1,1,Returning_Visitor,False,False
May,4,1,1,3,New_Visitor,False,True
Nov,2,2,9,13,Returning_Visitor,False,False
May,2,5,1,4,Returning_Visitor,False,False
Nov,2,4,1,2,Returning_Visitor,True,False
Nov,1,1,8,1,Returning_Visitor,False,False
May,2,4,1,3,New_Visitor,False,True
Nov,2,2,1,3,Returning_Visitor,False,True
May,2,2,7,13,Returning_Visitor,False,False
Oct,3,2,1,5,New_Visitor,True,False
May,3,2,2,3,Returning_Visitor,True,False
May,2,2,3,2,Returning_Visitor,False,False
Nov,1,1,1,10,Returning_Visitor,False,False
Sep,2,4,4,5,New_Visitor,False,False
Nov,3,2,1,2,Returning_Visitor,True,False
Mar,2,2,1,2,Returning_Visitor,True,True
May,2,4,4,2,Returning_Visitor,False,False
Mar,2,2,1,8,New_Visitor,False,False
May,2,2,6,3,New_Visitor,False,False
Nov,2,2,4,6,Returning_Visitor,False,False
Oct,2,2,7,2,Returning_Visitor,False,False
Nov,1,1,4,1,Returning_Visitor,False,False
Nov,8,13,9,20,Other,False,False
Nov,1,1,3,1,Returning_Visitor,False,False
Nov,2,4,1,10,Returning_Visitor,False,True
Aug,2,2,1,1,Returning_Visitor,False,False
Nov,4,2,1,2,Returning_Visitor,True,False
May,1,1,2,3,Returning_Visitor,False,False
Nov,3,2,1,3,Returning_Visitor,False,True
May,1,1,1,3,Returning_Visitor,True,False
Nov,3,2,3,1,Returning_Visitor,False,False
May,3,2,2,6,Returning_Visitor,False,False
Jul,1,1,1,3,Returning_Visitor,False,True
May,2,2,2,1,Returning_Visitor,True,False
May,2,2,7,4,Returning_Visitor,False,True
May,2,10,2,3,Returning_Visitor,False,False
Mar,2,2,3,2,Returning_Visitor,False,False
Mar,3,2,4,1,Returning_Visitor,False,False
Sep,2,2,1,2,Returning_Visitor,False,True
Nov,2,2,6,2,Returning_Visitor,False,False
Dec,3,2,3,2,New_Visitor,False,False
Mar,1,1,1,2,New_Visitor,False,False
Aug,2,2,3,5,New_Visitor,False,False
May,2,2,1,4,Returning_Visitor,False,False
Dec,1,1,2,1,Returning_Visitor,False,False
Nov,1,1,1,3,Returning_Visitor,False,False
Jul,1,1,1,4,Returning_Visitor,True,False
Dec,1,1,7,3,Returning_Visitor,False,False
May,2,2,1,6,Returning_Visitor,False,True
Nov,2,2,6,1,Returning_Visitor,True,False
Dec,1,1,6,1,Returning_Visitor,False,False
June,1,1,1,2,Returning_Visitor,True,False
May,2,2,2,2,Returning_Visitor,True,False
Oct,3,2,1,1,Returning_Visitor,False,False
Feb,1,1,6,2,Returning_Visitor,False,False
Dec,1,1,3,2,New_Visitor,True,False
Dec,2,2,1,1,Returning_Visitor,True,False
May,4,1,4,6,Returning_Visitor,False,False
Nov,2,2,1,2,Returning_Visitor,False,False
May,2,2,5,2,New_Visitor,False,False
Nov,2,2,5,3,Returning_Visitor,False,True
Sep,2,10,3,5,New_Visitor,False,False
Dec,1,1,2,2,Returning_Visitor,False,False
Nov,1,1,1,2,Returning_Visitor,True,True
May,3,2,1,13,Returning_Visitor,True,False
Nov,2,5,3,1,Returning_Visitor,False,False
June,2,4,1,2,Returning_Visitor,True,False
Nov,2,5,7,3,Returning_Visitor,False,False
Mar,2,5,1,3,Returning_Visitor,False,False
May,3,2,3,13,Returning_Visitor,False,False
Mar,1,1,4,1,Returning_Visitor,False,False
May,1,1,1,3,Returning_Visitor,False,False
Nov,3,2,4,6,Returning_Visitor,False,False
May,2,2,7,4,Returning_Visitor,False,False
Nov,2,2,6,2,Returning_Visitor,False,True
Nov,2,2,3,2,Returning_Visitor,False,False
May,2,4,5,1,Returning_Visitor,False,False
Nov,2,2,8,20,Returning_Visitor,False,False
Dec,1,1,3,2,New_Visitor,False,False
Nov,2,2,1,20,Returning_Visitor,False,False
May,1,1,3,6,Returning_Visitor,False,False
Nov,1,1,2,2,New_Visitor,False,False
Sep,3,2,9,2,New_Visitor,False,False
May,2,2,6,3,Returning_Visitor,False,False
Jul,2,2,1,2,Returning_Visitor,False,False
Dec,3,2,3,1,Returning_Visitor,True,False
Mar,1,2,1,2,Returning_Visitor,False,False
May,2,2,2,1,Returning_Visitor,False,False
May,2,2,7,6,Returning_Visitor,True,False
Nov,2,2,4,1,Returning_Visitor,False,False
Dec,8,13,9,20,Other,False,False
May,3,2,1,13,Returning_Visitor,False,False
Nov,1,1,1,2,Returning_Visitor,False,True
Dec,2,2,3,2,Returning_Visitor,False,False
Mar,2,4,1,1,Returning_Visitor,False,False
Nov,1,1,8,1,Returning_Visitor,False,False
Nov,1,1,1,3,Returning_Visitor,True,False
May,2,2,6,6,Returning_Visitor,False,True
Nov,1,1,3,2,New_Visitor,False,True
Mar,3,2,2,1,Returning_Visitor,True,False
May,3,2,3,4,Returning_Visitor,False,False
Nov,1,1,3,2,New_Visitor,False,False
May,2,2,4,3,Returning_Visitor,False,False
Mar,2,2,3,2,New_Visitor,True,False
Feb,1,1,4,2,Returning_Visitor,False,False
Aug,2,2,7,3,Returning_Visitor,False,True
Nov,2,10,1,3,Returning_Visitor,False,False
May,3,2,1,13,Returning_Visitor,False,False
Nov,2,2,1,8,New_Visitor,False,False
Dec,2,2,1,2,Returning_Visitor,False,False
June,3,2,1,13,Returning_Visitor,False,False
Nov,3,2,5,1,Returning_Visitor,True,False
Mar,2,4,1,6,Returning_Visitor,False,False
Dec,2,2,3,1,Returning_Visitor,False,False
Oct,2,2,6,3,Returning_Visitor,False,False
Nov,2,2,9,3,Returning_Visitor,False,False
Mar,1,2,8,2,Returning_Visitor,False,False
Nov,2,2,3,2,New_Visitor,False,False
Dec,3,2,1,2,Returning_Visitor,False,False
Jul,1,1,1,4,Returning_Visitor,False,True
Mar,2,5,9,2,Returning_Visitor,False,True
Dec,4,1,1,2,New_Visitor,False,True
Nov,1,1,4,1,Returning_Visitor,False,False
May,2,2,1,2,Returning_Visitor,False,False
Nov,2,2,3,2,Returning_Visitor,False,False
Sep,3,2,1,1,Returning_Visitor,True,False
May,3,2,1,4,Returning_Visitor,False,False
Nov,2,2,6,6,Other,False,False
Aug,2,2,3,1,Returning_Visitor,False,False
Mar,2,5,3,3,Returning_Visitor,False,False
Mar,3,2,6,1,Returning_Visitor,False,True
May,1,8,7,4,Returning_Visitor,True,False
May,2,2,7,4,Returning_Visitor,True,False
June,2,2,7,1,Returning_Visitor,False,False
Dec,2,2,1,2,Returning_Visitor,True,False
Feb,2,2,3,3,Returning_Visitor,False,False
Jul,1,1,3,3,Returning_Visitor,False,False
Nov,1,1,2,2,Returning_Visitor,False,True
Nov,2,2,1,1,Returning_Visitor,True,True
Jul,3,2,2,4,Returning_Visitor,False,True
Sep,3,2,2,1,Returning_Visitor,False,True
Dec,3,2,1,2,New_Visitor,False,False
Mar,2,2,1,2,Returning_Visitor,False,False
Jul,3,2,6,1,Returning_Visitor,False,False
Nov,3,2,4,2,Returning_Visitor,True,False
Nov,2,2,1,2,Returning_Visitor,False,False
Mar,2,5,6,1,Returning_Visitor,False,False
Oct,2,2,5,2,Returning_Visitor,False,False
Oct,2,2,7,5,New_Visitor,False,False
May,2,2,1,4,New_Visitor,True,False
Nov,2,2,9,6,Returning_Visitor,False,False
May,2,2,2,3,Returning_Visitor,False,False
Nov,3,2,1,13,Returning_Visitor,True,False
Nov,2,2,6,2,Returning_Visitor,False,False
May,4,1,9,1,Returning_Visitor,False,False
Jul,2,2,1,5,New_Visitor,False,False
Nov,1,1,1,1,Returning_Visitor,False,False
Nov,2,2,1,2,New_Visitor,False,False
May,1,1,9,4,Returning_Visitor,True,True
Mar,2,2,6,10,Returning_Visitor,False,False
Mar,3,2,1,1,Returning_Visitor,False,False
Dec,1,1,1,8,New_Visitor,False,True
Jul,3,2,6,13,Returning_Visitor,False,False
May,3,2,3,2,Returning_Visitor,True,False
Mar,2,2,1,1,Returning_Visitor,False,False
May,3,2,1,3,Returning_Visitor,False,False
Mar,2,2,1,1,Returning_Visitor,False,False
Dec,3,2,2,2,Returning_Visitor,False,False
Mar,3,2,2,3,Returning_Visitor,False,False
May,2,2,3,2,Returning_Visitor,False,False
May,2,2,4,4,Returning_Visitor,False,False
Aug,1,2,1,4,Returning_Visitor,False,False
Dec,1,1,4,1,Returning_Visitor,False,False
Dec,1,1,1,3,Returning_Visitor,False,False
Nov,2,2,9,2,Returning_Visitor,False,False
Nov,1,1,1,2,Returning_Visitor,False,False
Nov,3,2,1,2,Returning_Visitor,True,False
Mar,1,1,3,10,Returning_Visitor,False,False
May,3,2,4,3,Returning_Visitor,False,False
Nov,2,2,3,3,Returning_Visitor,False,True
Aug,2,2,4,3,Returning_Visitor,True,False
Mar,3,2,4,3,Returning_Visitor,False,False
Nov,3,2,1,1,Returning_Visitor,True,False
May,1,1,1,1,Returning_Visitor,False,False
Mar,3,2,1,1,Returning_Visitor,False,False
Nov,1,1,3,8,Returning_Visitor,False,True
May,2,2,1,3,New_Visitor,False,False
Nov,2,2,1,2,Returning_Visitor,False,True
Mar,2,2,1,2,New_Visitor,True,False
Dec,2,2,8,1,Returning_Visitor,False,False
Jul,3,2,9,13,Returning_Visitor,False,False
Oct,1,8,5,11,Returning_Visitor,False,False
May,3,2,1,19,Returning_Visitor,False,False
Dec,1,1,1,10,Returning_Visitor,False,False
Nov,2,4,1,3,Returning_Visitor,False,True
Dec,2,2,2,13,Returning_Visitor,False,False
Oct,4,1,3,20,Returning_Visitor,False,True
Nov,3,2,1,1,Returning_Visitor,True,False
Mar,3,2,2,2,Returning_Visitor,False,False
May,2,2,2,4,Returning_Visitor,False,False
May,2,2,2,5,Returning_Visitor,False,True
May,2,2,4,6,Returning_Visitor,False,True
May,3,2,6,13,Returning_Visitor,False,False
Mar,3,2,7,3,Returning_Visitor,False,False
Mar,2,2,1,2,New_Visitor,False,True
Aug,3,2,1,3,Returning_Visitor,False,False
May,2,2,6,4,Returning_Visitor,False,False
Mar,2,4,9,3,Returning_Visitor,False,False
Dec,2,2,4,3,Returning_Visitor,False,True
May,3,2,5,4,Returning_Visitor,True,False
Nov,2,2,3,3,Returning_Visitor,False,False
Dec,2,2,7,13,Returning_Visitor,False,False
Nov,1,8,1,11,Returning_Visitor,True,False
Dec,2,2,3,1,Returning_Visitor,False,True
Nov,2,2,3,2,Returning_Visitor,True,False
Sep,3,2,1,1,Returning_Visitor,False,False
Oct,3,2,3,1,Returning_Visitor,False,False
May,2,2,3,2,Returning_Visitor,False,False
Mar,2,2,1,2,Returning_Visitor,False,False
Dec,2,2,1,2,Returning_Visitor,False,False
Nov,2,5,3,1,Returning_Visitor,False,False
Mar,2,2,7,2,Returning_Visitor,False,True
Nov,2,2,5,2,Returning_Visitor,True,False
Nov,2,2,1,2,Returning_Visitor,False,False
May,3,2,3,4,New_Visitor,False,False
Mar,4,2,1,1,Returning_Visitor,False,False
Mar,2,2,7,3,Returning_Visitor,False,False
Nov,1,8,3,1,Returning_Visitor,False,False
Sep,2,5,4,1,Returning_Visitor,False,True
Mar,2,2,3,1,Returning_Visitor,False,False
Dec,2,5,3,8,New_Visitor,True,True
Sep,1,2,2,2,Returning_Visitor,False,False
Dec,2,2,5,20,Returning_Visitor,False,False
Mar,2,2,2,1,Returning_Visitor,False,False
Nov,1,1,9,20,New_Visitor,False,True
Dec,2,2,1,2,New_Visitor,False,True
Nov,2,2,1,2,Returning_Visitor,False,False
May,1,1,2,2,Returning_Visitor,False,False
May,3,2,6,1,Returning_Visitor,True,False
Sep,2,2,3,4,Returning_Visitor,False,False
May,3,2,1,3,Returning_Visitor,False,False
May,2,2,3,4,New_Visitor,False,True
Aug,3,2,1,4,Returning_Visitor,False,False
Nov,3,2,9,1,Returning_Visitor,False,False
Aug,2,5,5,1,Returning_Visitor,False,False
Mar,2,2,1,1,Returning_Visitor,True,False
Nov,3,2,1,10,Returning_Visitor,True,False
June,2,2,1,4,Returning_Visitor,False,False
Mar,3,2,4,2,Returning_Visitor,True,False
Nov,2,2,1,1,Returning_Visitor,True,False
May,2,2,1,4,Returning_Visitor,False,False
May,2,2,9,4,Returning_Visitor,False,False
May,1,1,8,2,Returning_Visitor,False,False
May,2,2,1,4,Returning_Visitor,False,True
May,1,1,1,3,Returning_Visitor,True,False
Mar,1,1,1,10,Returning_Visitor,False,False
Oct,1,1,3,2,Returning_Visitor,True,False
Dec,2,2,3,2,Returning_Visitor,False,False
Nov,3,2,1,3,Returning_Visitor,False,False
Sep,1,1,3,5,Returning_Visitor,False,False
Mar,2,2,7,8,New_Visitor,False,False
Mar,4,1,1,2,Returning_Visitor,True,False
May,3,2,4,13,Returning_Visitor,False,False
Aug,1,1,3,1,Returning_Visitor,False,False
Nov,1,1,1,3,Other,False,False
Jul,2,4,7,1,Returning_Visitor,False,False
Nov,4,1,1,10,Returning_Visitor,False,False
Oct,1,8,1,11,New_Visitor,False,False
May,2,2,2,3,Returning_Visitor,False,False
May,2,4,3,3,Returning_Visitor,False,False
Dec,2,2,1,13,Returning_Visitor,False,False
Sep,2,2,4,4,Returning_Visitor,False,False
Nov,2,2,1,2,Returning_Visitor,True,False
May,1,1,3,2,Returning_Visitor,False,False
Nov,1,1,1,2,Returning_Visitor,False,False
Nov,2,2,1,1,Returning_Visitor,False,True
May,2,2,1,6,Returning_Visitor,False,False
Nov,2,2,7,1,Returning_Visitor,False,True
Aug,2,2,1,2,New_Visitor,True,False
Nov,2,2,6,13,Returning_Visitor,True,False
Mar,3,2,1,1,Returning_Visitor,False,False
Dec,4,1,1,2,New_Visitor,True,False
May,3,2,1,3,Returning_Visitor,False,False
May,3,2,3,6,Returning_Visitor,False,False
Mar,3,2,1,2,New_Visitor,False,False
Dec,3,2,1,2,Returning_Visitor,True,False
Dec,3,2,3,10,Returning_Visitor,False,False
Mar,1,1,1,2,Returning_Visitor,True,False
Dec,1,1,1,2,New_Visitor,False,False
Nov,1,1,4,3,Returning_Visitor,False,False
Mar,4,2,1,2,Returning_Visitor,False,True
Oct,2,2,1,4,Returning_Visitor,False,False
May,1,1,6,2,Returning_Visitor,False,False
May,2,2,2,6,Returning_Visitor,False,False
Nov,3,2,1,13,Returning_Visitor,False,False
May,2,2,2,13,Returning_Visitor,False,False
May,1,1,3,2,Returning_Visitor,False,False
Oct,2,5,4,20,Returning_Visitor,False,True
Nov,1,1,8,10,Returning_Visitor,False,False
Nov,3,2,3,1,Returning_Visitor,True,True
Mar,3,2,1,1,Returning_Visitor,False,False
Dec,3,2,1,2,Returning_Visitor,True,False
Mar,2,2,6,1,Returning_Visitor,False,False
Mar,3,3,7,10,Returning_Visitor,False,False
Dec,3,2,8,10,Returning_Visitor,False,False
May,3,2,9,3,Returning_Visitor,False,False
Nov,1,2,1,11,Returning_Visitor,False,True
Jul,2,2,1,2,Returning_Visitor,False,False
May,2,2,5,4,Returning_Visitor,False,False
Mar,1,1,3,2,Returning_Visitor,False,False
May,3,2,1,13,Returning_Visitor,True,False
Nov,1,2,1,2,Returning_Visitor,True,False
Dec,4,1,1,2,Returning_Visitor,False,False
Jul,3,2,1,4,Returning_Visitor,True,False
Oct,3,2,4,1,Returning_Visitor,False,False
Mar,1,2,1,2,Returning_Visitor,True,False
Oct,2,2,8,13,Returning_Visitor,False,False
May,3,2,1,2,Returning_Visitor,True,False
Aug,1,1,3,2,Returning_Visitor,False,True
Nov,2,2,4,1,Returning_Visitor,False,False
Nov,2,2,1,2,Returning_Visitor,False,True
June,2,2,5,2,Returning_Visitor,False,True
May,3,2,1,13,Returning_Visitor,False,True
Nov,2,2,2,2,Returning_Visitor,False,False
Nov,1,2,8,2,Returning_Visitor,True,False
Mar,2,2,2,1,Returning_Visitor,False,False
Oct,2,4,7,2,New_Visitor,False,True
Mar,2,2,7,1,Returning_Visitor,False,False
Mar,2,4,7,1,Returning_Visitor,False,False
Nov,3,2,3,3,Returning_Visitor,True,False
May,1,2,2,2,Returning_Visitor,True,False
Sep,1,1,4,4,Returning_Visitor,True,True
Dec,2,5,1,1,Returning_Visitor,False,False
Mar,2,2,1,3,Returning_Visitor,False,False
Mar,2,2,1,3,Returning_Visitor,False,False
Mar,2,2,1,1,Returning_Visitor,False,False
Dec,2,2,1,3,Returning_Visitor,False,False
Aug,3,2,8,1,Returning_Visitor,False,False
May,2,2,1,3,Returning_Visitor,False,False
Oct,2,2,2,20,Returning_Visitor,False,False
Nov,2,2,1,10,Returning_Visitor,True,False
May,2,2,2,1,Returning_Visitor,False,True
Dec,1,1,3,1,Returning_Visitor,False,False
Mar,1,1,1,1,Returning_Visitor,False,False
Nov,2,2,1,2,Returning_Visitor,True,False
June,1,1,1,2,Returning_Visitor,False,False
Dec,4,1,3,2,Returning_Visitor,True,False
Nov,1,1,3,8,New_Visitor,False,False
Dec,2,2,5,2,New_Visitor,False,False
June,3,2,1,1,Returning_Visitor,False,False
May,1,8,7,4,Returning_Visitor,False,False
Dec,3,2,3,1,Returning_Visitor,False,False
May,2,2,4,3,Returning_Visitor,False,False
May,2,5,5,4,New_Visitor,True,True
Nov,2,2,3,2,Returning_Visitor,True,True
May,2,2,2,2,New_Visitor,True,False
Nov,2,2,6,10,Returning_Visitor,False,False
Nov,3,2,4,13,Returning_Visitor,False,False
Nov,1,1,2,2,New_Visitor,True,False
Sep,4,2,9,13,Returning_Visitor,False,True
May,2,2,1,4,Returning_Visitor,True,False
Dec,4,2,1,2,New_Visitor,False,False
Oct,2,5,6,1,Returning_Visitor,False,False
Nov,1,1,5,2,Returning_Visitor,False,False
Nov,2,2,1,3,Returning_Visitor,False,False
May,3,2,6,1,Returning_Visitor,False,False
Dec,3,2,1,13,Returning_Visitor,False,True
May,3,2,1,3,Returning_Visitor,True,False
May,2,2,6,4,Returning_Visitor,False,False
Nov,3,2,9,13,Returning_Visitor,True,False
May,2,2,1,3,Returning_Visitor,False,False
Mar,3,2,3,1,Returning_Visitor,False,False
May,1,1,2,2,Returning_Visitor,True,False
Mar,2,2,3,2,Returning_Visitor,True,True
May,2,5,8,1,Returning_Visitor,False,False
Feb,2,4,2,1,Returning_Visitor,False,False
Nov,2,2,9,2,New_Visitor,True,False
Nov,2,2,9,2,Returning_Visitor,False,False
Dec,1,1,1,3,Returning_Visitor,True,False
Dec,1,1,1,2,Returning_Visitor,False,False
Dec,2,2,7,2,Returning_Visitor,False,False
Nov,2,2,9,3,Returning_Visitor,False,False
Dec,2,2,3,10,Returning_Visitor,False,False
Nov,2,2,9,3,Returning_Visitor,False,False
May,2,2,1,4,Returning_Visitor,False,False
Nov,2,2,3,2,New_Visitor,False,True
Mar,1,1,2,2,New_Visitor,False,False
Nov,2,4,1,4,Returning_Visitor,False,False
Nov,3,2,4,2,Returning_Visitor,False,False
Mar,2,4,3,2,Returning_Visitor,False,False
Nov,3,2,1,20,Returning_Visitor,False,False
May,3,3,4,3,Returning_Visitor,False,False
May,3,2,3,3,Returning_Visitor,False,False
Mar,2,2,1,1,Returning_Visitor,False,False
Dec,4,1,4,8,New_Visitor,False,False
Nov,3,2,1,3,Returning_Visitor,False,False
Nov,1,1,6,1,Returning_Visitor,True,False
Nov,1,2,1,11,Returning_Visitor,False,False
Jul,2,2,1,1,Returning_Visitor,False,False
Dec,1,1,7,2,Returning_Visitor,False,True
Nov,2,2,4,1,Returning_Visitor,False,False
Nov,4,1,2,2,Returning_Visitor,False,False
Dec,1,1,1,2,Returning_Visitor,False,False
Nov,3,2,8,1,Returning_Visitor,False,False
Dec,1,2,1,2,Returning_Visitor,False,False
Jul,3,2,1,3,Returning_Visitor,True,False
Nov,2,2,3,1,Returning_Visitor,False,False
Nov,1,1,3,2,New_Visitor,False,False
Jul,2,2,8,6,New_Visitor,False,True
Nov,2,2,1,20,Returning_Visitor,False,False
May,2,2,1,16,New_Visitor,False,False
Oct,3,2,9,3,Returning_Visitor,True,False
Sep,2,10,1,5,New_Visitor,False,False
Mar,2,2,1,1,Returning_Visitor,True,False
May,3,2,1,13,Returning_Visitor,False,False
Mar,3,2,2,3,Returning_Visitor,False,False
Mar,2,2,9,2,Returning_Visitor,False,False
May,2,2,1,2,Returning_Visitor,False,True
Dec,1,1,1,3,Returning_Visitor,True,False
Jul,1,2,8,1,Returning_Visitor,False,False
Mar,3,2,1,1,Returning_Visitor,False,False
May,2,2,2,3,Returning_Visitor,False,False
Dec,1,1,2,1,Returning_Visitor,False,False
Aug,2,2,7,1,Returning_Visitor,False,False
Sep,2,4,1,1,Returning_Visitor,False,False
May,2,2,1,5,New_Visitor,False,False
May,1,1,4,1,Returning_Visitor,True,False
May,1,1,1,15,Returning_Visitor,True,False
Nov,2,2,1,1,Returning_Visitor,False,True
Sep,2,2,2,2,New_Visitor,True,False
Dec,2,2,1,2,Returning_Visitor,False,False
Jul,2,4,1,5,New_Visitor,False,False
Dec,4,1,3,1,Returning_Visitor,False,False
Nov,2,2,1,2,Returning_Visitor,True,False
May,2,2,9,2,Returning_Visitor,False,False
May,2,2,1,2,New_Visitor,True,False
Dec,1,1,8,2,New_Visitor,True,False
May,1,1,1,15,Returning_Visitor,True,False
Mar,1,2,9,2,Returning_Visitor,False,False
Aug,1,8,1,6,New_Visitor,False,True
Dec,2,2,1,2,Returning_Visitor,False,False
Aug,3,2,8,1,Returning_Visitor,False,False
Nov,4,1,1,3,New_Visitor,False,False
Nov,3,2,6,1,Returning_Visitor,False,False
Nov,1,1,7,10,Returning_Visitor,True,False
May,2,4,1,3,Returning_Visitor,False,False
Nov,3,2,7,6,Returning_Visitor,False,False
Dec,4,5,1,2,Returning_Visitor,False,False
Jul,3,2,3,4,Returning_Visitor,False,False
Dec,2,2,1,1,Returning_Visitor,False,False
Mar,2,2,1,2,New_Visitor,False,False
May,6,2,3,2,New_Visitor,True,False
May,2,2,3,1,Returning_Visitor,False,False
May,2,2,1,6,Returning_Visitor,False,False
Mar,1,1,3,2,Returning_Visitor,False,True
Nov,3,2,1,3,Returning_Visitor,False,False
Nov,3,2,3,3,Returning_Visitor,False,False
May,2,2,7,14,Returning_Visitor,False,False
Nov,1,2,1,2,Returning_Visitor,False,True
Nov,3,2,3,2,Returning_Visitor,False,False
Nov,3,2,4,1,Returning_Visitor,True,False
May,4,2,1,3,Returning_Visitor,True,False
Nov,1,1,3,10,Returning_Visitor,True,False
Jul,2,2,2,1,Returning_Visitor,False,False
Sep,3,2,4,1,New_Visitor,False,False
Nov,1,1,2,2,Returning_Visitor,True,True
Nov,2,2,4,2,Returning_Visitor,False,True
June,2,2,7,2,Returning_Visitor,False,False
May,2,5,6,6,Returning_Visitor,True,False
Nov,1,1,2,10,Returning_Visitor,False,False
May,2,2,6,1,Returning_Visitor,True,False
May,3,2,1,13,Returning_Visitor,False,False
Jul,1,1,8,3,Returning_Visitor,True,False
May,2,2,4,3,Returning_Visitor,False,False
Mar,2,2,1,3,Returning_Visitor,True,False
Dec,3,2,8,8,Returning_Visitor,False,False
Mar,2,2,1,1,Returning_Visitor,True,False
Nov,3,2,7,13,Returning_Visitor,False,True
Dec,4,2,1,2,Returning_Visitor,False,False
Sep,1,2,2,2,Returning_Visitor,True,False
Mar,2,6,6,1,Returning_Visitor,False,False
May,3,2,1,4,Returning_Visitor,False,False
May,2,2,7,3,Returning_Visitor,False,True
Mar,2,2,1,13,Returning_Visitor,False,False
Mar,3,2,4,11,Returning_Visitor,False,False
Nov,2,2,3,1,Returning_Visitor,True,False
Sep,1,1,1,5,Returning_Visitor,False,False
Mar,2,2,5,2,New_Visitor,False,False
Nov,4,2,1,3,Returning_Visitor,False,False
Mar,2,2,6,1,Returning_Visitor,False,False
May,3,2,4,2,Returning_Visitor,False,False
Mar,2,5,1,3,Returning_Visitor,False,False
June,2,2,4,2,Returning_Visitor,False,False
May,3,2,4,13,Returning_Visitor,False,False
Mar,2,5,2,2,Returning_Visitor,True,False
May,2,4,1,2,Returning_Visitor,False,False
Aug,4,1,3,3,New_Visitor,False,False
Mar,2,2,7,2,Returning_Visitor,False,False
Mar,3,2,2,2,Returning_Visitor,False,False
Nov,2,2,1,2,Returning_Visitor,False,True
Mar,2,2,2,2,New_Visitor,False,True
Mar,2,2,2,1,Returning_Visitor,True,False
Dec,1,2,6,8,New_Visitor,False,False
Nov,2,2,1,2,Returning_Visitor,False,True
May,2,4,6,3,Returning_Visitor,False,False
Nov,3,2,4,10,Returning_Visitor,False,True
Mar,2,5,2,1,Returning_Visitor,True,False
May,2,2,1,4,Returning_Visitor,False,False
Aug,2,5,6,5,New_Visitor,False,False
Nov,1,1,2,8,New_Visitor,False,True
Dec,1,1,3,3,Other,False,False
Nov,1,1,1,2,New_Visitor,True,False
May,2,2,1,4,Returning_Visitor,False,False
May,2,2,1,2,Returning_Visitor,False,False
Mar,2,2,4,3,Returning_Visitor,False,False
Nov,2,4,9,8,New_Visitor,False,True
Dec,4,2,1,2,New_Visitor,False,False
Oct,1,1,1,3,Returning_Visitor,False,False
May,2,2,5,4,Returning_Visitor,True,False
May,2,2,1,1,Returning_Visitor,False,False
May,3,3,1,3,Returning_Visitor,False,False
May,1,1,2,4,Returning_Visitor,False,False
Dec,2,2,1,2,Returning_Visitor,False,False
Mar,1,1,1,1,Returning_Visitor,False,False
June,1,1,3,3,Returning_Visitor,False,False
May,2,2,4,6,Returning_Visitor,True,False
Nov,1,2,3,10,Returning_Visitor,False,False
Nov,2,2,2,2,Returning_Visitor,False,True
May,2,2,7,11,Returning_Visitor,False,False
Sep,2,2,1,2,Returning_Visitor,False,False
Oct,3,2,1,1,Returning_Visitor,True,True
May,2,2,3,13,Returning_Visitor,False,True
May,3,2,3,3,Returning_Visitor,False,False
Feb,1,1,1,3,Returning_Visitor,False,False
Nov,1,1,4,2,Returning_Visitor,True,False
May,2,6,4,4,Returning_Visitor,True,False
Nov,2,2,1,2,Returning_Visitor,False,True
Dec,2,4,1,2,Returning_Visitor,False,False
Mar,4,1,8,6,Returning_Visitor,False,False
Dec,2,2,6,2,Returning_Visitor,False,False
Jul,3,2,4,3,Returning_Visitor,False,False
May,2,10,3,4,Returning_Visitor,False,True
May,1,1,6,3,Returning_Visitor,True,True
May,2,2,2,11,Returning_Visitor,False,False
Sep,1,1,1,5,Returning_Visitor,False,False
Nov,2,2,2,1,Returning_Visitor,False,False
Nov,2,2,3,13,Returning_Visitor,False,False
Nov,2,2,1,10,Returning_Visitor,False,True
Nov,2,2,4,10,Returning_Visitor,False,True
Nov,1,2,2,1,Returning_Visitor,False,False
Nov,3,2,3,2,Returning_Visitor,False,False
Oct,4,1,1,2,Returning_Visitor,False,True
May,2,2,6,6,Returning_Visitor,True,False
Mar,1,1,2,2,Returning_Visitor,False,False
May,2,2,4,3,Returning_Visitor,False,False
Nov,1,1,4,2,Returning_Visitor,False,False
May,2,2,4,2,Returning_Visitor,False,False
May,2,2,6,6,Returning_Visitor,False,False
Feb,1,1,7,4,Returning_Visitor,True,True
Jul,1,1,1,4,Returning_Visitor,False,False
May,1,1,3,3,Returning_Visitor,False,False
Nov,3,2,3,13,Returning_Visitor,False,False
Dec,2,2,1,3,Returning_Visitor,False,False
Nov,3,2,3,13,Returning_Visitor,False,False
Mar,2,4,3,1,Returning_Visitor,False,False
Mar,2,2,6,10,Returning_Visitor,False,True
Dec,2,2,1,1,Returning_Visitor,False,False
Dec,3,3,3,3,Returning_Visitor,False,False
Nov,2,2,1,2,Returning_Visitor,False,False
Aug,3,2,1,4,Returning_Visitor,False,False
May,2,4,3,2,New_Visitor,False,False
May,1,1,3,1,Returning_Visitor,False,False
May,2,2,7,3,Returning_Visitor,False,False
Nov,4,2,3,3,Returning_Visitor,False,False
Mar,3,2,1,3,Returning_Visitor,True,False
May,2,2,1,13,Returning_Visitor,False,False
Nov,3,2,1,13,Returning_Visitor,True,False
Jul,2,2,3,4,Returning_Visitor,False,True
Dec,3,2,9,1,Returning_Visitor,False,False
Mar,1,2,8,2,Returning_Visitor,True,False
June,2,10,1,3,Returning_Visitor,False,False
Nov,2,4,4,5,New_Visitor,False,False
Dec,3,2,3,2,Returning_Visitor,False,True
May,2,2,1,3,Returning_Visitor,False,False
Nov,2,2,1,8,New_Visitor,False,False
Mar,2,2,9,2,New_Visitor,True,False
May,2,2,5,1,Returning_Visitor,False,False
Mar,2,2,1,1,Returning_Visitor,False,False
Dec,2,2,4,2,Returning_Visitor,False,True
Nov,2,2,3,2,New_Visitor,True,True
Nov,2,2,3,1,Returning_Visitor,False,False
Feb,1,1,3,3,Returning_Visitor,False,False
May,2,2,1,4,Returning_Visitor,False,False
Jul,3,2,6,5,Returning_Visitor,False,False
May,2,2,3,18,Returning_Visitor,True,False
Dec,2,2,9,8,New_Visitor,False,False
Nov,1,1,1,3,Returning_Visitor,False,False
Oct,2,2,3,2,New_Visitor,False,False
Mar,1,1,1,2,New_Visitor,False,False
Mar,3,2,1,2,Returning_Visitor,False,False
Oct,3,2,1,13,Returning_Visitor,False,False
Dec,1,1,6,1,Returning_Visitor,False,False
Nov,2,4,1,1,Returning_Visitor,False,True
May,3,2,1,3,Returning_Visitor,False,False
May,2,2,9,3,Returning_Visitor,False,False
Dec,1,1,2,2,New_Visitor,False,False
Sep,3,2,1,4,Returning_Visitor,False,False
May,2,2,1,4,Returning_Visitor,True,False
May,3,2,3,3,Returning_Visitor,False,False
Nov,1,1,3,2,Returning_Visitor,False,False
Mar,2,2,9,1,Returning_Visitor,False,False
Nov,3,2,7,8,Returning_Visitor,True,False
Sep,2,2,4,1,Returning_Visitor,True,False
Aug,2,2,1,1,Returning_Visitor,False,False
May,2,2,5,2,Returning_Visitor,True,False
May,1,1,1,1,Returning_Visitor,False,False
Nov,1,1,3,8,Returning_Visitor,False,True
Nov,2,2,7,2,Returning_Visitor,False,False
Mar,2,2,4,2,Returning_Visitor,True,False
Nov,2,2,3,2,Returning_Visitor,True,False
Nov,2,2,1,2,Returning_Visitor,True,False
May,2,2,7,2,Returning_Visitor,False,False
May,3,2,3,13,Returning_Visitor,True,False
Jul,2,5,3,3,Returning_Visitor,False,False
Nov,2,2,3,1,Returning_Visitor,False,True
Oct,2,2,6,6,New_Visitor,False,False
Mar,3,2,5,1,Returning_Visitor,True,False
Mar,2,4,2,6,Returning_Visitor,False,False
Feb,2,4,1,2,Returning_Visitor,False,False
Mar,2,2,1,1,Returning_Visitor,True,False
Mar,2,2,3,1,Returning_Visitor,False,False
Oct,1,1,6,2,Returning_Visitor,True,False
Dec,1,1,2,2,Returning_Visitor,False,True
May,3,2,2,11,New_Visitor,False,False
Mar,2,2,1,6,Returning_Visitor,False,False
Nov,1,1,1,3,Returning_Visitor,False,False
May,1,1,8,3,Returning_Visitor,False,False
May,2,6,4,13,Returning_Visitor,False,False
Nov,1,1,4,2,Returning_Visitor,False,True
May,2,2,7,2,Returning_Visitor,False,True
Jul,2,2,1,1,Returning_Visitor,False,True
Dec,2,2,1,2,New_Visitor,False,False
May,3,2,2,13,Returning_Visitor,False,False
Jul,2,2,1,1,Returning_Visitor,False,True
Mar,2,5,6,1,Returning_Visitor,False,False
Aug,2,2,7,4,Returning_Visitor,False,False
May,2,2,9,3,Returning_Visitor,False,False
Dec,2,6,1,2,Returning_Visitor,False,False
May,2,4,8,2,Returning_Visitor,True,False
May,1,8,2,11,Returning_Visitor,True,True
May,2,5,1,2,Returning_Visitor,True,False
Mar,2,2,1,1,Returning_Visitor,False,False
June,3,2,2,4,Returning_Visitor,False,False
Mar,2,2,3,2,New_Visitor,False,False
Mar,3,2,2,1,Returning_Visitor,True,False
Sep,2,2,4,1,Returning_Visitor,False,True
Dec,2,2,9,8,New_Visitor,False,False
Nov,2,2,2,4,Returning_Visitor,False,True
Nov,2,4,4,1,Returning_Visitor,False,False
May,2,2,4,1,Returning_Visitor,False,False
Mar,2,2,8,3,Returning_Visitor,False,False
Nov,1,2,1,3,Returning_Visitor,False,False
Nov,3,2,6,2,Returning_Visitor,True,True
Nov,2,2,1,2,Returning_Visitor,False,False
Dec,1,1,1,2,Returning_Visitor,False,False
Mar,3,2,3,10,Returning_Visitor,False,False
June,1,1,3,3,Returning_Visitor,False,False
Mar,2,4,3,1,Returning_Visitor,False,False
May,2,2,1,2,Returning_Visitor,True,False
Dec,1,1,2,3,Returning_Visitor,False,False
Mar,2,5,3,3,Returning_Visitor,False,False
May,2,2,1,2,Returning_Visitor,False,False
Nov,3,2,4,2,Returning_Visitor,True,False
Nov,3,2,1,3,Returning_Visitor,False,False
May,2,2,2,3,Returning_Visitor,False,False
Aug,1,2,8,1,New_Visitor,False,False
Mar,3,3,3,9,Returning_Visitor,True,False
Nov,3,3,1,3,Returning_Visitor,True,False
May,2,2,5,2,Returning_Visitor,False,False
Nov,1,1,6,2,Returning_Visitor,False,False
May,2,2,3,2,Returning_Visitor,False,False
Aug,2,2,9,2,Returning_Visitor,False,False
June,1,2,1,1,Returning_Visitor,True,True
June,3,2,1,4,Returning_Visitor,False,False
Nov,3,2,1,2,New_Visitor,False,False
Nov,2,2,7,3,Returning_Visitor,False,False
Sep,2,2,4,6,Returning_Visitor,True,False
Jul,2,2,2,5,New_Visitor,True,False
Mar,2,6,6,1,Returning_Visitor,False,False
Mar,2,2,3,2,Returning_Visitor,False,False
Mar,1,1,7,2,Returning_Visitor,False,False
May,2,2,1,4,Returning_Visitor,False,False
Feb,1,1,1,3,Returning_Visitor,False,False
Nov,1,1,7,2,Returning_Visitor,True,False
Nov,2,2,2,1,Returning_Visitor,True,False
Nov,2,2,1,2,Returning_Visitor,False,True
Oct,2,2,7,2,Returning_Visitor,False,False
Nov,1,1,9,8,New_Visitor,False,True
Oct,2,5,7,2,New_Visitor,True,False
Nov,2,2,2,6,Returning_Visitor,True,False
May,2,2,1,4,Returning_Visitor,False,False
May,3,2,6,4,Returning_Visitor,True,True
Dec,2,2,1,1,Returning_Visitor,False,False
Dec,1,1,9,8,New_Visitor,False,False
Mar,2,2,1,8,Returning_Visitor,False,False
Nov,2,2,4,3,Returning_Visitor,False,False
May,2,5,6,4,Returning_Visitor,False,False
Mar,2,2,1,2,Returning_Visitor,False,False
Dec,2,2,3,1,Returning_Visitor,False,False
May,3,2,1,13,Returning_Visitor,False,False
Mar,2,4,3,12,Returning_Visitor,False,False
Nov,1,1,4,2,Returning_Visitor,False,False
Dec,2,5,7,2,Returning_Visitor,False,False
Dec,2,2,5,6,Returning_Visitor,False,False
Oct,3,2,8,2,New_Visitor,True,False
Mar,1,1,1,1,Returning_Visitor,True,False
Mar,2,2,2,10,Returning_Visitor,False,False
June,1,8,1,1,Returning_Visitor,False,False
May,1,1,1,1,Returning_Visitor,False,False
Nov,1,1,9,1,Returning_Visitor,True,False
Dec,2,2,5,2,Returning_Visitor,False,True
Mar,1,2,1,1,Returning_Visitor,False,False
Nov,3,2,7,20,Returning_Visitor,False,False
Aug,4,2,3,4,Returning_Visitor,False,False
May,3,2,3,11,Returning_Visitor,False,False
Nov,2,2,3,3,New_Visitor,False,False
May,2,2,4,6,Returning_Visitor,True,False
Nov,3,2,1,2,Returning_Visitor,False,False
May,2,2,1,1,Returning_Visitor,False,False
Nov,3,2,1,2,New_Visitor,False,True
May,2,2,3,4,Returning_Visitor,False,False
Nov,3,2,3,13,Returning_Visitor,False,False
Dec,3,2,1,2,New_Visitor,False,False
June,1,1,1,2,New_Visitor,False,True
Nov,1,1,1,2,Returning_Visitor,False,False
Aug,3,2,4,1,Returning_Visitor,True,False
May,1,1,6,2,Returning_Visitor,True,True
Nov,3,2,3,2,Returning_Visitor,False,False
Dec,1,1,4,10,New_Visitor,False,False
May,2,2,7,2,Returning_Visitor,True,False
May,2,2,3,4,New_Visitor,False,False
Nov,2,2,9,2,Returning_Visitor,False,False
May,2,2,1,4,Returning_Visitor,False,False
May,2,2,3,2,Returning_Visitor,False,True
May,4,2,1,13,Returning_Visitor,False,False
Mar,2,2,3,1,Returning_Visitor,False,False
June,3,2,1,13,Returning_Visitor,True,False
May,2,10,3,2,Returning_Visitor,False,False
May,2,2,1,2,Returning_Visitor,False,False
Nov,2,2,1,2,Returning_Visitor,False,True
Nov,4,1,1,2,New_Visitor,False,False
Nov,2,2,1,1,Returning_Visitor,True,False
May,1,1,3,2,Returning_Visitor,False,False
Mar,2,2,6,2,Returning_Visitor,False,False
Mar,3,2,1,10,Returning_Visitor,True,False
May,3,2,1,1,Returning_Visitor,False,False
Dec,1,1,8,2,Returning_Visitor,False,False
Dec,1,1,3,2,Returning_Visitor,False,False
Nov,3,2,1,2,Returning_Visitor,False,False
Mar,3,2,3,2,Returning_Visitor,False,False
May,2,2,5,4,Returning_Visitor,False,True
Mar,2,2,1,2,Returning_Visitor,False,False
Mar,3,2,3,2,New_Visitor,True,False
Dec,2,2,2,2,Returning_Visitor,False,False
Nov,3,2,1,13,Returning_Visitor,False,False
May,3,2,4,4,Returning_Visitor,True,False
Oct,2,2,6,1,Returning_Visitor,True,False
Mar,2,2,4,2,Returning_Visitor,False,False
Nov,3,2,3,3,Returning_Visitor,False,False
Aug,3,2,1,3,Returning_Visitor,False,False
Dec,4,5,3,1,Returning_Visitor,False,False
May,2,2,8,3,Returning_Visitor,False,False
Dec,2,2,7,2,New_Visitor,False,False
May,2,4,3,1,Returning_Visitor,False,False
Sep,2,2,7,2,Returning_Visitor,False,False
Oct,2,2,1,2,Returning_Visitor,True,False
Jul,3,2,2,13,Returning_Visitor,False,False
May,2,2,4,3,Returning_Visitor,True,False
Nov,2,2,1,2,Returning_Visitor,False,True
May,2,2,3,2,Returning_Visitor,False,False
May,3,2,7,4,Returning_Visitor,True,False
May,2,2,4,2,Returning_Visitor,False,False
Nov,3,2,1,11,Returning_Visitor,False,False
Nov,2,2,1,2,Returning_Visitor,False,False
Nov,2,4,6,2,New_Visitor,True,False
May,3,2,6,14,Returning_Visitor,False,False
May,1,1,1,2,Returning_Visitor,False,False
Nov,2,2,6,1,Returning_Visitor,False,False
Nov,1,1,3,3,Returning_Visitor,False,False
Mar,1,1,1,3,Returning_Visitor,True,False
Mar,3,2,1,1,Returning_Visitor,False,False
May,2,2,1,4,Returning_Visitor,False,False
May,1,1,7,2,Returning_Visitor,True,False
May,2,2,6,2,New_Visitor,True,False
May,1,1,1,1,Returning_Visitor,False,False
Nov,3,2,4,3,Returning_Visitor,False,False
Aug,2,4,1,4,Returning_Visitor,False,False
Oct,2,4,1,2,New_Visitor,False,False
Nov,2,2,1,1,Returning_Visitor,False,False
Mar,2,2,1,2,Returning_Visitor,False,False
Dec,2,4,5,1,Returning_Visitor,False,False
Nov,2,2,4,8,Returning_Visitor,True,False
May,1,1,1,2,Returning_Visitor,True,False
May,2,2,1,4,Returning_Visitor,False,False
Dec,2,2,3,10,Returning_Visitor,False,False
Dec,1,1,6,2,New_Visitor,False,False
May,2,2,2,3,Returning_Visitor,False,False
May,1,1,4,15,Returning_Visitor,False,False
May,2,2,1,4,New_Visitor,False,True
Mar,2,2,1,1,Returning_Visitor,False,False
May,1,1,4,5,New_Visitor,True,False
Feb,2,2,1,3,Returning_Visitor,False,False
Jul,2,2,1,13,Returning_Visitor,False,False
Dec,1,2,2,2,New_Visitor,False,True
May,2,2,1,2,New_Visitor,False,False
Nov,2,2,6,2,Returning_Visitor,True,True
Mar,2,2,6,10,Returning_Visitor,False,False
Nov,2,2,7,2,New_Visitor,True,False
Jul,3,3,4,1,New_Visitor,False,False
Aug,3,2,1,3,Returning_Visitor,False,False
Dec,2,2,3,2,Returning_Visitor,False,False
Nov,1,1,1,2,Returning_Visitor,True,True
Nov,2,2,7,6,Returning_Visitor,False,False
May,4,2,4,2,Returning_Visitor,False,False
May,2,2,4,3,Returning_Visitor,False,False
Oct,3,2,1,5,Returning_Visitor,False,False
June,1,1,3,4,Returning_Visitor,False,False
Nov,2,2,8,2,New_Visitor,False,False
May,1,1,3,4,Returning_Visitor,False,False
Nov,2,2,3,1,Returning_Visitor,True,False
Aug,4,1,1,1,Returning_Visitor,False,False
Aug,2,5,3,4,New_Visitor,False,True
May,3,2,6,14,New_Visitor,True,False
Nov,3,2,1,11,Returning_Visitor,False,True
Sep,2,4,1,3,Returning_Visitor,False,False
Nov,3,2,1,13,Returning_Visitor,False,True
Nov,1,1,1,1,Returning_Visitor,False,False
May,2,2,8,2,New_Visitor,False,False
Mar,2,2,1,2,Returning_Visitor,False,False
June,2,2,6,13,Returning_Visitor,False,False
May,3,2,1,5,Returning_Visitor,True,True
Mar,1,1,1,3,Returning_Visitor,False,False
Dec,3,2,1,1,Returning_Visitor,True,False
Mar,2,10,2,6,Returning_Visitor,False,False
Dec,2,4,1,2,Returning_Visitor,False,False
Mar,3,2,5,8,New_Visitor,True,False
Aug,2,2,3,5,New_Visitor,True,False
Nov,2,2,1,2,Returning_Visitor,False,False
May,2,2,1,2,Returning_Visitor,False,False
Jul,2,2,6,1,Returning_Visitor,False,False
May,2,5,2,2,Returning_Visitor,False,False
Nov,3,2,1,2,Returning_Visitor,False,False
Nov,2,2,7,2,Returning_Visitor,True,False
May,3,3,3,2,New_Visitor,False,False
Nov,2,2,3,2,Returning_Visitor,False,False
Nov,2,2,1,20,Returning_Visitor,False,False
May,2,2,3,6,Returning_Visitor,False,False
Nov,2,2,1,1,Returning_Visitor,False,False
Nov,1,1,9,3,Returning_Visitor,False,False
May,2,2,2,2,Returning_Visitor,True,False
Aug,1,1,8,2,Returning_Visitor,False,False
Mar,1,1,3,3,Returning_Visitor,False,False
Nov,2,2,3,11,Returning_Visitor,False,True
Nov,2,2,7,8,Returning_Visitor,False,False
May,2,2,6,1,Returning_Visitor,False,False
Nov,3,2,4,3,Returning_Visitor,True,False
May,1,1,1,1,Returning_Visitor,True,False
May,3,2,1,2,Returning_Visitor,False,False
Dec,2,2,3,2,Returning_Visitor,True,False
Nov,1,1,3,8,New_Visitor,True,True
May,3,2,1,3,New_Visitor,False,False
May,3,2,3,3,Returning_Visitor,False,False
Nov,2,2,1,8,Returning_Visitor,False,True
Mar,2,5,1,2,Returning_Visitor,False,False
Nov,1,1,1,10,Returning_Visitor,False,True
Nov,2,2,2,1,Returning_Visitor,False,True
Mar,2,2,3,13,Returning_Visitor,False,False
Dec,1,1,1,3,Returning_Visitor,False,False
Aug,2,10,6,4,Returning_Visitor,False,False
Mar,2,10,6,10,Returning_Visitor,False,False
Jul,2,2,3,3,Returning_Visitor,False,False
Sep,2,2,2,6,New_Visitor,True,True
Mar,2,4,1,1,Returning_Visitor,False,False
May,2,10,1,3,Returning_Visitor,False,False
June,3,2,6,11,Returning_Visitor,True,False
Nov,1,1,2,2,New_Visitor,True,False
Feb,2,4,4,2,Returning_Visitor,True,False
Nov,3,2,1,3,Returning_Visitor,False,False
Dec,2,2,7,1,Returning_Visitor,False,False
June,2,2,3,3,Returning_Visitor,False,False
Oct,1,1,3,4,Returning_Visitor,True,False
Mar,2,2,4,1,Returning_Visitor,False,False
Dec,3,2,1,2,New_Visitor,False,False
Aug,3,2,1,3,Returning_Visitor,False,False
May,2,2,1,4,New_Visitor,False,True
Mar,2,4,3,1,Returning_Visitor,True,True
May,3,2,5,3,Returning_Visitor,False,False
Mar,2,6,1,1,Returning_Visitor,True,False
Nov,2,2,1,2,Returning_Visitor,False,False
Nov,2,2,8,2,Returning_Visitor,False,False
May,1,2,3,5,Returning_Visitor,False,False
Mar,2,4,1,3,Returning_Visitor,False,False
Mar,2,4,7,2,New_Visitor,True,False
Dec,3,2,4,8,New_Visitor,True,True
Mar,2,2,4,1,Returning_Visitor,False,False
Nov,3,2,7,1,Returning_Visitor,True,False
Dec,3,2,1,10,Returning_Visitor,False,True
Nov,1,1,1,2,New_Visitor,False,False
Nov,1,1,1,3,Returning_Visitor,True,False
Nov,3,2,4,2,Returning_Visitor,False,False
Dec,3,2,1,10,Returning_Visitor,False,False
Nov,2,10,7,1,Returning_Visitor,False,False
May,3,2,3,2,New_Visitor,True,False
Nov,3,2,7,8,New_Visitor,True,False
Nov,1,8,4,11,Returning_Visitor,False,False
Dec,1,1,5,1,Returning_Visitor,False,False
Dec,1,1,1,2,Returning_Visitor,False,True
Jul,2,4,1,1,Returning_Visitor,False,False
May,2,2,2,2,Returning_Visitor,False,False
Nov,2,2,3,1,Returning_Visitor,False,True
Sep,2,5,4,1,Returning_Visitor,False,False
Dec,2,4,1,3,Returning_Visitor,False,False
Nov,1,1,1,3,Returning_Visitor,False,False
Mar,3,2,7,3,Returning_Visitor,True,False
Nov,3,2,2,2,Returning_Visitor,False,False
Dec,2,2,3,3,Returning_Visitor,False,False
Sep,2,2,1,1,Returning_Visitor,False,False
May,2,4,7,4,Returning_Visitor,True,False
Nov,2,2,1,2,Returning_Visitor,False,False
May,3,2,4,4,Returning_Visitor,False,True
Nov,1,2,1,20,Returning_Visitor,False,False
May,1,2,2,11,Returning_Visitor,True,False
Oct,2,6,3,2,Returning_Visitor,False,False
June,2,2,1,7,Returning_Visitor,False,True
May,2,2,1,2,Returning_Visitor,False,False
May,3,2,4,3,Returning_Visitor,False,False
Nov,2,2,2,2,Returning_Visitor,False,False
Oct,2,2,3,2,Returning_Visitor,False,False
Dec,1,8,1,20,New_Visitor,False,True
June,4,1,1,2,New_Visitor,False,True
Mar,1,10,1,1,Returning_Visitor,False,False
May,2,2,8,3,Returning_Visitor,False,True
Feb,2,4,1,7,Returning_Visitor,False,False
Dec,3,2,1,1,Returning_Visitor,True,False
May,2,6,1,1,Returning_Visitor,False,False
Mar,2,2,3,1,Returning_Visitor,False,False
Mar,2,2,1,1,Returning_Visitor,True,False
Nov,3,2,2,13,Returning_Visitor,False,True
Mar,2,6,1,1,Returning_Visitor,False,False
May,3,2,8,15,New_Visitor,True,False
Dec,1,2,3,2,Returning_Visitor,False,False
May,4,1,4,20,Returning_Visitor,False,True
Nov,3,2,2,11,Returning_Visitor,True,False
Nov,2,2,1,11,Returning_Visitor,True,False
Dec,2,2,1,2,Returning_Visitor,False,False
Mar,2,2,3,2,New_Visitor,False,False
May,2,2,3,2,Returning_Visitor,False,False
Dec,3,2,6,1,Returning_Visitor,False,False
Jul,2,2,2,13,Returning_Visitor,False,False
Oct,2,2,2,5,New_Visitor,False,True
Nov,3,2,1,13,Returning_Visitor,True,False
Nov,2,6,9,20,New_Visitor,False,True
Mar,2,2,1,3,Returning_Visitor,True,False
Dec,3,2,3,2,Returning_Visitor,True,False
May,3,2,1,6,Returning_Visitor,False,False
May,1,1,3,4,Returning_Visitor,False,False
Dec,1,1,3,2,Returning_Visitor,True,False
Mar,2,2,1,1,New_Visitor,False,False
May,3,2,1,3,Returning_Visitor,False,False
Nov,2,2,1,1,Returning_Visitor,False,False
May,1,1,7,4,Returning_Visitor,False,False
Mar,3,2,1,1,Returning_Visitor,True,False
Nov,1,1,3,2,Returning_Visitor,False,True
Aug,2,4,1,1,Returning_Visitor,True,False
Dec,1,1,1,8,New_Visitor,False,False
Mar,2,2,3,2,New_Visitor,False,False
Mar,2,2,9,2,Returning_Visitor,False,False
Dec,1,1,1,3,Returning_Visitor,False,False
Mar,1,1,3,2,Returning_Visitor,False,False
May,1,1,4,3,Returning_Visitor,False,False
May,1,1,2,3,Returning_Visitor,True,False
Nov,2,2,6,2,Returning_Visitor,False,False
Nov,3,2,3,11,Returning_Visitor,True,True
Mar,4,1,4,3,Returning_Visitor,False,False
Dec,2,2,2,7,Returning_Visitor,False,True
Mar,1,8,4,11,Returning_Visitor,False,False
May,3,2,1,13,Returning_Visitor,False,False
May,2,2,7,1,Returning_Visitor,False,False
May,2,2,3,6,Returning_Visitor,False,False
Sep,2,2,2,13,Returning_Visitor,False,False
Mar,1,1,1,2,Returning_Visitor,False,False
Mar,3,2,1,2,Returning_Visitor,True,False
May,3,2,1,1,Returning_Visitor,False,False
Dec,2,2,2,2,New_Visitor,False,False
May,1,1,3,4,Returning_Visitor,True,False
May,2,2,1,2,Returning_Visitor,False,True
May,2,2,3,2,Returning_Visitor,False,False
Sep,1,1,1,2,New_Visitor,False,False
May,2,2,1,13,Returning_Visitor,False,False
Dec,2,2,1,2,Returning_Visitor,False,False
May,2,2,6,13,Returning_Visitor,False,False
Oct,1,1,3,3,Returning_Visitor,False,False
May,2,2,1,4,Returning_Visitor,True,False
Dec,3,2,6,10,Returning_Visitor,False,False
Mar,2,2,2,13,Returning_Visitor,False,False
Dec,2,2,1,8,New_Visitor,False,False
May,2,2,3,2,Returning_Visitor,False,False
Dec,3,2,4,2,Returning_Visitor,True,False
May,2,4,3,3,Returning_Visitor,False,False
Nov,2,2,7,2,Returning_Visitor,True,True
Nov,2,2,1,2,Returning_Visitor,False,False
Nov,4,2,3,1,Returning_Visitor,True,False
Dec,1,1,4,2,Returning_Visitor,True,False
May,2,2,9,3,New_Visitor,False,False
May,3,2,1,13,Returning_Visitor,False,False
May,2,4,6,4,New_Visitor,False,True
May,1,1,7,2,Returning_Visitor,True,False
Nov,1,1,2,2,Returning_Visitor,False,False
Nov,2,4,1,2,Returning_Visitor,False,False
Nov,1,1,1,2,Returning_Visitor,False,False
May,1,8,3,11,Returning_Visitor,False,False
Nov,4,2,3,10,Returning_Visitor,False,True
Aug,2,2,3,13,Returning_Visitor,False,False
Aug,2,2,6,3,Returning_Visitor,False,False
May,2,5,2,4,Returning_Visitor,False,False
May,2,5,1,2,Returning_Visitor,False,False
May,2,4,3,3,New_Visitor,False,False
Dec,2,2,3,2,Returning_Visitor,False,False
Oct,1,1,2,1,Returning_Visitor,True,False
May,2,6,1,2,Returning_Visitor,True,False
May,2,2,5,4,Returning_Visitor,True,True
May,3,2,9,13,Returning_Visitor,False,False
June,3,2,1,13,Returning_Visitor,True,False
Aug,1,1,6,3,Returning_Visitor,False,False
Mar,2,5,3,6,Returning_Visitor,False,True
Jul,2,2,3,1,Returning_Visitor,False,False
May,2,2,1,4,Returning_Visitor,False,False
Mar,3,2,2,8,New_Visitor,True,False
May,2,4,1,1,Returning_Visitor,True,False
May,2,2,1,5,New_Visitor,False,False
Nov,3,2,2,4,Returning_Visitor,False,False
Dec,2,2,4,2,Returning_Visitor,False,False
Mar,1,2,1,2,Returning_Visitor,False,False
May,2,2,6,4,Returning_Visitor,False,False
Nov,2,2,1,2,New_Visitor,True,False
Aug,1,2,9,2,Returning_Visitor,False,False
Mar,2,2,4,3,Returning_Visitor,True,False
Oct,2,5,2,2,New_Visitor,False,False
Nov,2,6,9,2,Returning_Visitor,False,False
Nov,1,1,8,1,Returning_Visitor,False,False
Nov,2,2,6,2,New_Visitor,False,False
May,1,1,2,2,Returning_Visitor,False,False
Aug,2,2,1,3,Returning_Visitor,False,False
Oct,3,2,1,5,Returning_Visitor,True,False
May,2,2,9,2,New_Visitor,False,False
Dec,3,2,4,2,New_Visitor,False,False
May,1,1,3,3,Returning_Visitor,True,False
May,1,1,1,5,New_Visitor,True,False
Nov,1,1,3,10,Returning_Visitor,False,False
May,2,2,5,4,New_Visitor,True,True
May,2,2,3,11,Returning_Visitor,True,False
May,1,1,1,4,Returning_Visitor,True,False
Aug,2,5,1,1,Returning_Visitor,False,False
June,1,1,3,3,Returning_Visitor,False,False
Nov,2,2,1,4,Returning_Visitor,True,True
Nov,3,2,1,3,Returning_Visitor,False,False
Mar,2,5,3,3,Returning_Visitor,False,False
Dec,3,2,1,13,Returning_Visitor,False,False
Aug,2,2,1,5,New_Visitor,False,True
Nov,3,2,2,10,Returning_Visitor,False,False
May,3,2,4,3,Returning_Visitor,False,False
Nov,3,2,1,8,Returning_Visitor,False,True
Mar,1,1,6,1,Returning_Visitor,False,False
May,2,2,7,2,Returning_Visitor,False,False
Nov,3,2,3,13,Returning_Visitor,False,False
Nov,1,1,1,2,Returning_Visitor,False,False
Mar,1,1,8,3,Returning_Visitor,False,False
May,2,2,3,2,Returning_Visitor,False,True
Nov,3,2,1,3,New_Visitor,False,False
May,2,2,3,1,Returning_Visitor,False,False
Dec,3,2,1,10,Returning_Visitor,True,False
Dec,2,2,9,3,New_Visitor,False,False
May,2,2,1,13,Returning_Visitor,False,False
Dec,2,2,1,3,Returning_Visitor,False,False
Nov,1,1,1,2,Returning_Visitor,True,True
Jul,3,3,1,4,Returning_Visitor,False,False
Aug,2,2,1,1,Returning_Visitor,False,False
Nov,2,4,3,1,Returning_Visitor,False,False
Nov,3,2,1,2,Returning_Visitor,True,True
Dec,2,12,4,2,Returning_Visitor,False,False
May,2,2,1,3,Returning_Visitor,False,False
May,4,1,5,1,Returning_Visitor,True,True
Nov,3,2,2,2,New_Visitor,True,False
Mar,2,2,3,1,Returning_Visitor,False,False
Mar,2,2,4,1,Returning_Visitor,False,False
Feb,2,2,1,6,Returning_Visitor,False,False
Nov,2,5,6,2,Returning_Visitor,False,True
Feb,4,2,1,3,Returning_Visitor,False,False
May,3,2,3,3,Returning_Visitor,False,False
Nov,4,2,1,1,Returning_Visitor,True,False
Nov,2,2,1,2,Returning_Visitor,False,False
May,3,2,4,4,Returning_Visitor,False,False
Dec,1,1,3,2,Other,False,False
Nov,2,2,7,2,Returning_Visitor,False,True
Nov,3,2,4,13,Returning_Visitor,False,False
Mar,2,2,1,3,Returning_Visitor,True,False
Nov,1,1,1,8,Returning_Visitor,False,False
Sep,1,1,6,5,New_Visitor,False,True
May,2,2,3,13,Returning_Visitor,False,False
May,2,2,1,3,Returning_Visitor,False,False
Dec,2,2,6,2,New_Visitor,False,False
Dec,1,1,1,8,Returning_Visitor,False,True
Nov,1,1,1,2,New_Visitor,False,False
Mar,2,2,1,10,Returning_Visitor,False,False
Dec,2,2,3,1,Returning_Visitor,False,False
Nov,2,2,7,11,Returning_Visitor,True,False
May,2,2,1,4,Returning_Visitor,False,True
Mar,2,2,3,2,New_Visitor,False,False
Mar,2,2,9,3,New_Visitor,False,True
Nov,2,2,1,10,Returning_Visitor,False,True
Oct,2,2,6,2,New_Visitor,False,False
Sep,3,2,2,4,Returning_Visitor,False,False
May,1,1,6,3,Returning_Visitor,False,False
Mar,3,2,1,3,Returning_Visitor,False,False
Mar,2,2,3,2,Returning_Visitor,False,True
Nov,1,1,1,2,Returning_Visitor,False,False
May,2,2,6,4,Returning_Visitor,False,False
Jul,3,2,4,3,Returning_Visitor,True,False
Mar,1,1,1,2,New_Visitor,False,False
Oct,2,2,3,2,New_Visitor,True,False
Nov,2,2,2,3,Returning_Visitor,False,False
May,3,2,1,13,Returning_Visitor,False,False
Mar,3,2,6,2,New_Visitor,True,False
May,2,2,1,4,Returning_Visitor,False,False
May,2,2,7,3,Returning_Visitor,False,False
Aug,1,1,3,2,Returning_Visitor,False,False
May,2,2,3,4,Returning_Visitor,False,False
May,2,2,6,4,Returning_Visitor,True,False
Aug,1,1,4,2,New_Visitor,False,True
Nov,2,2,2,1,Returning_Visitor,True,False
Jul,2,2,1,4,New_Visitor,False,True
May,1,1,1,3,Returning_Visitor,False,False
Mar,2,4,1,2,New_Visitor,True,True
May,2,2,1,5,New_Visitor,False,True
Nov,2,2,8,2,New_Visitor,True,False
Mar,2,2,1,10,New_Visitor,False,False
Mar,1,1,3,1,Returning_Visitor,False,False
Mar,2,2,1,2,New_Visitor,True,True
Nov,1,1,1,2,New_Visitor,False,False
Dec,2,2,1,2,Returning_Visitor,False,False
Nov,1,1,2,10,Returning_Visitor,True,False
Nov,2,2,6,2,Returning_Visitor,False,False
Mar,1,1,6,3,Returning_Visitor,False,False
May,2,2,1,2,New_Visitor,False,False
Mar,2,6,4,1,Returning_Visitor,False,False
May,3,2,2,5,Returning_Visitor,False,False
Mar,2,2,7,2,Returning_Visitor,False,False
Nov,3,2,1,13,Returning_Visitor,False,False
May,2,2,3,2,Returning_Visitor,False,False
Nov,2,4,3,2,New_Visitor,False,True
Dec,2,2,8,3,Returning_Visitor,False,False
Jul,1,1,6,2,Returning_Visitor,False,False
Oct,1,1,4,2,New_Visitor,False,False
Mar,1,1,1,3,Returning_Visitor,True,False
Dec,2,2,1,2,Returning_Visitor,False,False
May,3,2,3,6,Returning_Visitor,False,False
Nov,1,1,3,3,Returning_Visitor,True,True
Nov,2,2,4,10,Returning_Visitor,False,False
May,2,2,1,3,Returning_Visitor,False,False
Nov,2,2,3,2,New_Visitor,True,True
May,1,1,1,3,Returning_Visitor,False,False
Dec,2,2,1,2,Returning_Visitor,False,False
Mar,2,5,1,1,Returning_Visitor,False,False
Nov,3,2,1,2,Returning_Visitor,False,False
Aug,1,1,1,4,Returning_Visitor,True,False
Dec,2,2,1,2,Returning_Visitor,False,False
Nov,2,4,1,1,Returning_Visitor,False,False
Mar,2,2,4,1,Returning_Visitor,False,False
Nov,1,1,1,3,Returning_Visitor,False,False
June,8,13,9,5,Other,False,False
Dec,1,1,3,10,Returning_Visitor,False,False
Oct,2,2,1,4,Returning_Visitor,True,True
Nov,1,1,1,2,New_Visitor,True,False
Oct,2,2,3,2,Returning_Visitor,False,False
Nov,2,6,1,2,Returning_Visitor,False,False
Mar,1,1,1,3,Returning_Visitor,True,False
Mar,2,6,7,2,Returning_Visitor,True,False
May,2,2,6,4,Returning_Visitor,False,False
May,3,2,3,13,Returning_Visitor,False,False
Nov,2,2,1,1,Returning_Visitor,False,False
May,2,2,4,1,Returning_Visitor,False,False
Aug,2,2,1,5,Returning_Visitor,False,False
Dec,2,2,3,1,New_Visitor,False,False
May,2,2,5,13,Returning_Visitor,False,False
Mar,2,2,2,10,Returning_Visitor,False,False
May,3,2,3,3,Returning_Visitor,False,False
May,3,2,1,13,Returning_Visitor,False,False
Oct,2,2,1,3,Returning_Visitor,False,False
Dec,1,1,3,1,Returning_Visitor,True,False
Oct,4,5,3,11,Returning_Visitor,False,False
May,4,2,1,6,Returning_Visitor,False,False
Mar,2,2,1,3,Returning_Visitor,False,False
Dec,1,1,3,2,Returning_Visitor,True,False
Oct,1,1,3,4,Returning_Visitor,True,False
Dec,2,2,3,2,Returning_Visitor,False,True
Mar,1,1,1,10,Returning_Visitor,False,False
Mar,2,6,7,1,Returning_Visitor,False,False
Nov,1,1,3,10,Returning_Visitor,False,True
Dec,1,1,1,1,Returning_Visitor,False,False
Mar,2,6,1,1,Returning_Visitor,False,False
Dec,2,5,1,8,New_Visitor,True,False
Oct,1,1,1,2,Returning_Visitor,False,False
May,2,5,2,1,Returning_Visitor,False,False
May,2,2,2,19,Returning_Visitor,False,False
Oct,1,1,3,2,Returning_Visitor,True,False
Nov,2,2,3,2,New_Visitor,False,True
Dec,4,5,3,3,Returning_Visitor,False,False
Jul,2,2,1,2,Returning_Visitor,False,False
Nov,3,2,4,11,Returning_Visitor,True,False
May,2,2,7,1,Returning_Visitor,False,False
Nov,2,2,1,13,Returning_Visitor,False,True
Dec,3,2,4,3,Returning_Visitor,False,False
Nov,2,2,1,2,Returning_Visitor,True,False
Mar,3,2,1,10,Returning_Visitor,False,False
Nov,2,2,2,4,New_Visitor,False,False
May,2,2,3,2,Returning_Visitor,False,True
Dec,3,2,2,3,Returning_Visitor,False,False
Dec,3,2,6,10,Returning_Visitor,False,False
Dec,2,2,4,10,Returning_Visitor,True,False
May,1,1,1,2,Returning_Visitor,True,False
Mar,2,2,4,3,Returning_Visitor,False,False
Oct,1,1,1,5,Returning_Visitor,False,True
Mar,2,2,4,2,Returning_Visitor,False,False
Dec,3,2,1,3,Returning_Visitor,False,False
May,1,1,3,3,Returning_Visitor,True,False
Sep,2,2,1,2,New_Visitor,False,False
Oct,4,2,9,2,Returning_Visitor,False,False
Mar,2,2,1,2,Returning_Visitor,True,False
Dec,2,2,6,2,New_Visitor,False,False
Dec,1,2,9,3,Returning_Visitor,True,True
Dec,2,2,7,2,Returning_Visitor,False,False
Aug,1,1,2,2,Returning_Visitor,False,False
May,2,4,3,2,Returning_Visitor,False,True
June,2,2,1,4,Returning_Visitor,False,False
June,2,4,6,3,Returning_Visitor,False,False
Dec,8,13,9,20,Other,False,False
Jul,3,2,1,3,Returning_Visitor,False,False
Sep,2,2,3,3,New_Visitor,False,False
Mar,2,2,6,1,Returning_Visitor,False,False
Jul,2,2,1,1,Returning_Visitor,False,True
Nov,3,2,1,1,Returning_Visitor,False,False
Dec,1,1,4,2,Returning_Visitor,False,False
Oct,2,2,1,2,Returning_Visitor,False,False
Mar,1,2,9,2,Returning_Visitor,False,False
Dec,2,2,4,1,Returning_Visitor,False,False
Nov,1,1,8,3,Returning_Visitor,False,False
Dec,3,2,6,2,Returning_Visitor,True,False
Dec,2,4,6,2,New_Visitor,False,True
Dec,2,2,2,2,Returning_Visitor,True,False
Nov,3,2,3,3,Returning_Visitor,False,False
May,3,2,1,13,Returning_Visitor,False,False
Dec,4,5,5,10,Returning_Visitor,False,True
Nov,2,2,6,1,Returning_Visitor,True,False
Nov,2,2,3,2,New_Visitor,False,False
May,3,2,3,1,Returning_Visitor,True,False
Nov,2,2,1,2,Returning_Visitor,False,False
May,3,2,6,3,Returning_Visitor,False,False
Mar,3,2,3,3,Returning_Visitor,False,False
June,2,2,8,4,Returning_Visitor,False,False
May,2,2,1,6,Returning_Visitor,False,False
Nov,3,2,6,13,Returning_Visitor,False,False
Mar,3,2,1,9,New_Visitor,True,False
Nov,2,2,1,2,Returning_Visitor,False,True
Mar,2,2,3,1,Returning_Visitor,False,False
Mar,1,1,1,1,Returning_Visitor,True,False
Oct,2,2,1,1,Returning_Visitor,False,False
May,1,1,1,3,Returning_Visitor,False,False
May,3,2,8,3,Returning_Visitor,False,False
Mar,2,2,5,2,New_Visitor,False,False
Nov,2,2,1,2,New_Visitor,False,False
Nov,3,2,3,3,Returning_Visitor,False,False
May,2,2,1,4,Returning_Visitor,True,False
Nov,2,4,1,3,Returning_Visitor,False,False
Dec,2,2,5,1,Returning_Visitor,False,False
May,2,2,7,13,Returning_Visitor,False,False
May,2,2,2,6,Returning_Visitor,False,False
Nov,3,2,4,13,Returning_Visitor,True,False
May,2,2,1,2,Returning_Visitor,False,False
May,3,2,3,4,New_Visitor,True,False
Mar,2,2,3,13,Returning_Visitor,True,False
May,2,2,3,1,Returning_Visitor,False,False
Nov,1,1,5,3,Returning_Visitor,False,False
Nov,1,1,1,8,New_Visitor,False,False
Dec,1,1,9,3,Returning_Visitor,False,False
Mar,2,4,1,1,Returning_Visitor,False,False
Oct,4,2,3,2,Returning_Visitor,False,False
Mar,2,2,7,1,Returning_Visitor,False,False
Dec,2,10,1,2,Returning_Visitor,False,True
Mar,2,2,1,1,Returning_Visitor,False,False
Sep,2,5,2,1,Returning_Visitor,False,False
Nov,3,2,1,1,Returning_Visitor,True,False
Nov,3,2,1,3,Returning_Visitor,False,True
Oct,2,2,1,4,Returning_Visitor,False,False
Nov,2,4,1,2,Returning_Visitor,False,False
Nov,3,2,8,10,Returning_Visitor,True,False
Nov,2,5,5,8,New_Visitor,False,True
May,3,3,7,11,New_Visitor,False,False
Oct,1,1,1,2,New_Visitor,True,False
Oct,2,2,2,13,Returning_Visitor,False,False
Jul,3,2,7,13,Returning_Visitor,True,False
May,2,2,4,4,Returning_Visitor,False,False
May,2,2,1,4,New_Visitor,False,True
Jul,3,2,2,4,Returning_Visitor,False,True
May,3,2,4,3,Returning_Visitor,False,False
Sep,2,5,4,5,Returning_Visitor,True,False
Sep,1,2,6,2,Returning_Visitor,True,True
May,1,1,3,4,Returning_Visitor,False,True
May,2,2,3,11,Returning_Visitor,False,False
Mar,3,2,3,1,Returning_Visitor,False,False
Nov,3,2,5,2,Returning_Visitor,False,False
Nov,1,1,1,10,Returning_Visitor,False,True
Nov,2,2,3,2,Returning_Visitor,False,False
Jul,1,1,1,5,Returning_Visitor,False,True
Dec,3,2,1,8,Returning_Visitor,True,False
Jul,2,2,7,1,Returning_Visitor,True,False
Nov,2,2,2,13,Returning_Visitor,False,False
May,1,1,1,2,New_Visitor,False,False
Nov,2,2,5,2,Returning_Visitor,False,False
Mar,3,2,8,2,New_Visitor,True,False
May,2,2,7,13,Returning_Visitor,False,False
May,2,2,4,2,Returning_Visitor,False,False
Nov,4,2,3,2,Returning_Visitor,False,True
Mar,3,2,4,14,Returning_Visitor,True,False
Mar,3,2,1,1,Returning_Visitor,True,False
May,2,5,2,2,Returning_Visitor,False,False
Mar,2,2,6,1,Returning_Visitor,False,False
May,2,4,1,3,Returning_Visitor,False,False
May,2,2,8,13,Returning_Visitor,False,False
Dec,3,2,1,2,Returning_Visitor,True,False
May,1,1,1,2,Returning_Visitor,False,False
May,2,2,6,6,Returning_Visitor,False,False
Oct,2,4,5,4,Returning_Visitor,False,False
Jul,2,5,1,3,Returning_Visitor,False,False
Mar,2,2,2,1,Returning_Visitor,False,False
May,2,2,3,4,Returning_Visitor,False,False
Nov,3,2,3,1,Returning_Visitor,False,False
Dec,8,13,9,20,Other,False,True
Nov,3,2,8,13,Returning_Visitor,False,False
Mar,1,1,3,2,New_Visitor,False,False
Oct,3,2,1,3,Returning_Visitor,True,False
Nov,4,2,6,8,New_Visitor,False,False
Nov,2,2,3,3,Returning_Visitor,False,False
May,1,1,2,6,Returning_Visitor,False,False
Mar,2,2,3,8,Returning_Visitor,False,False
Dec,2,4,1,2,New_Visitor,False,False
June,4,1,2,4,Returning_Visitor,False,False
Oct,2,2,7,2,Returning_Visitor,True,True
Nov,2,2,1,2,Returning_Visitor,False,False
May,2,2,5,3,Returning_Visitor,False,False
Nov,2,2,1,1,Returning_Visitor,False,False
Nov,1,1,3,2,Returning_Visitor,True,False
Nov,2,2,1,1,Returning_Visitor,True,False
Nov,2,2,1,13,Returning_Visitor,False,False
Dec,2,2,7,1,Returning_Visitor,False,False
May,3,2,2,13,Returning_Visitor,False,False
Jul,2,2,2,2,New_Visitor,False,False
May,2,4,4,2,Returning_Visitor,False,False
Mar,2,5,3,1,Returning_Visitor,True,True
Dec,2,2,7,1,Returning_Visitor,False,True
Nov,2,2,1,2,Returning_Visitor,False,True
Nov,3,2,6,1,Returning_Visitor,False,False
Nov,2,2,1,2,New_Visitor,False,True
May,4,1,1,3,Returning_Visitor,False,False
Nov,3,2,4,2,Returning_Visitor,False,False
Nov,2,2,9,1,Returning_Visitor,False,False
Sep,3,2,1,2,Returning_Visitor,True,False
Mar,2,2,3,1,Returning_Visitor,False,False
Mar,3,2,3,1,Returning_Visitor,False,False
May,2,2,1,4,Returning_Visitor,False,False
Mar,2,2,2,1,Returning_Visitor,False,False
Oct,2,2,1,13,Returning_Visitor,False,False
Mar,4,1,1,2,Returning_Visitor,False,True
May,2,2,2,4,Returning_Visitor,False,False
May,3,2,2,1,Returning_Visitor,False,False
Mar,1,1,4,1,Returning_Visitor,False,False
Nov,2,4,5,2,Returning_Visitor,False,False
May,2,2,1,2,Returning_Visitor,False,False
Nov,2,2,8,2,Returning_Visitor,True,False
Mar,2,2,4,1,Returning_Visitor,False,False
Jul,2,4,1,5,New_Visitor,False,False
May,2,2,1,6,Returning_Visitor,False,False
May,2,2,4,2,Returning_Visitor,False,False
June,2,4,3,2,Returning_Visitor,False,False
Mar,1,1,1,1,Returning_Visitor,False,True
Nov,1,1,1,2,Returning_Visitor,False,False
June,3,2,1,1,Returning_Visitor,False,False
Mar,2,2,1,8,New_Visitor,True,False
Nov,2,2,1,3,Returning_Visitor,False,False
Dec,1,1,1,2,New_Visitor,False,False
Mar,1,1,9,3,Returning_Visitor,False,False
Mar,3,2,3,1,Returning_Visitor,False,False
Nov,2,2,1,2,Returning_Visitor,False,True
May,1,1,1,4,Returning_Visitor,False,False
Mar,1,1,1,2,New_Visitor,True,True
Mar,3,2,7,1,Returning_Visitor,False,False
Sep,2,2,9,2,New_Visitor,True,False
Mar,4,1,1,10,Returning_Visitor,False,False
Dec,2,2,1,1,Returning_Visitor,True,False
May,1,1,3,4,Returning_Visitor,False,False
Dec,1,1,7,2,Returning_Visitor,False,False
Nov,2,2,5,7,Returning_Visitor,False,False
May,3,2,3,2,Returning_Visitor,False,False
May,3,2,1,3,Returning_Visitor,True,False
Aug,2,2,4,2,New_Visitor,False,False
Nov,2,2,1,2,Returning_Visitor,False,True
Oct,1,1,7,1,Returning_Visitor,True,False
Dec,4,2,1,8,Returning_Visitor,False,False
June,1,1,7,3,Returning_Visitor,False,False
June,1,1,3,3,Returning_Visitor,False,False
Nov,4,2,4,2,Returning_Visitor,False,False
Mar,3,2,4,2,Returning_Visitor,False,False
Mar,3,2,3,1,Returning_Visitor,False,False
May,2,2,1,3,Returning_Visitor,False,False
May,2,2,4,14,Returning_Visitor,True,False
Mar,4,1,1,3,Returning_Visitor,True,False
May,2,2,2,2,Returning_Visitor,False,False
Dec,2,2,1,2,Returning_Visitor,False,False
Nov,2,2,4,2,Returning_Visitor,True,True
Aug,2,4,4,1,Returning_Visitor,True,True
May,3,2,6,11,New_Visitor,True,False
Dec,1,1,1,2,Returning_Visitor,False,False
Dec,1,1,1,2,New_Visitor,True,False
Nov,2,2,1,2,Returning_Visitor,False,False
Nov,1,1,8,1,Returning_Visitor,False,False
May,3,2,1,3,Returning_Visitor,False,False
Nov,2,2,3,1,Returning_Visitor,False,False
June,2,5,1,2,Returning_Visitor,True,False
May,2,4,1,3,Returning_Visitor,False,False
Mar,2,10,1,1,Returning_Visitor,True,False
May,2,2,4,4,Returning_Visitor,True,False
Mar,3,2,1,11,Returning_Visitor,False,True
Dec,2,4,1,2,Returning_Visitor,False,False
Sep,4,6,4,13,Returning_Visitor,False,False
May,1,1,4,2,New_Visitor,True,True
May,2,2,8,18,Returning_Visitor,False,False
May,2,2,3,3,Returning_Visitor,False,False
Nov,1,1,4,10,Returning_Visitor,True,False
Nov,3,2,4,10,Returning_Visitor,True,False
May,2,4,4,3,Returning_Visitor,False,False
Nov,2,2,1,8,New_Visitor,False,False
May,3,2,1,3,Returning_Visitor,False,False
Sep,2,2,3,2,Returning_Visitor,True,False
Dec,2,2,3,2,Returning_Visitor,False,False
Dec,1,1,1,2,Returning_Visitor,False,False
Nov,2,2,3,1,Returning_Visitor,False,True
Jul,1,1,4,4,Returning_Visitor,True,False
Nov,2,2,3,2,Returning_Visitor,True,True
May,2,4,9,2,Returning_Visitor,False,False
May,3,2,5,6,Returning_Visitor,False,False
Nov,2,2,9,2,Returning_Visitor,True,True
May,2,6,1,2,Returning_Visitor,False,True
May,2,4,9,3,Returning_Visitor,False,False
Feb,3,2,2,1,Returning_Visitor,True,False
Oct,1,1,1,4,Returning_Visitor,False,False
Nov,1,1,1,8,New_Visitor,True,False
Nov,2,5,1,5,Returning_Visitor,False,False
Sep,1,8,1,1,Returning_Visitor,False,False
May,2,2,1,6,Returning_Visitor,False,False
Mar,2,2,3,1,Returning_Visitor,False,False
Oct,4,1,1,7,Returning_Visitor,True,True
May,1,1,1,2,Returning_Visitor,False,False
May,2,5,4,4,Returning_Visitor,False,False
May,2,4,1,1,Returning_Visitor,False,True
Nov,1,1,4,2,Returning_Visitor,False,False
Aug,1,1,1,3,Returning_Visitor,False,False
Nov,3,2,1,2,Returning_Visitor,True,False
May,2,2,1,3,Returning_Visitor,False,False
Nov,3,2,1,3,Returning_Visitor,False,False
Nov,2,2,1,2,Returning_Visitor,False,True
Mar,2,2,1,3,Returning_Visitor,True,False
May,2,2,1,2,Returning_Visitor,False,False
Feb,2,2,4,3,Returning_Visitor,False,False
May,2,2,2,6,Returning_Visitor,True,False
June,2,2,1,5,Returning_Visitor,False,False
Dec,2,2,1,2,Returning_Visitor,False,False
Mar,1,1,1,2,Returning_Visitor,False,False
Dec,3,2,1,2,Returning_Visitor,True,False
Aug,3,2,3,13,Returning_Visitor,False,False
Nov,3,2,4,13,Returning_Visitor,False,False
Nov,2,4,4,2,Returning_Visitor,False,True
May,1,5,1,4,Returning_Visitor,False,False
Mar,2,2,1,2,Returning_Visitor,False,False
May,1,1,3,3,Returning_Visitor,False,False
Oct,2,2,4,2,New_Visitor,False,False
May,1,8,1,19,Returning_Visitor,True,False
Dec,3,2,3,2,Returning_Visitor,False,False
Nov,2,2,1,2,Returning_Visitor,False,False
Nov,2,2,1,3,Returning_Visitor,False,False
Mar,2,2,3,2,Returning_Visitor,False,True
Mar,2,4,4,2,Returning_Visitor,True,False
May,1,1,1,2,Returning_Visitor,False,False
Mar,2,2,1,1,Returning_Visitor,False,False
May,1,1,1,2,Returning_Visitor,False,False
Mar,4,2,1,7,New_Visitor,False,False
Nov,1,1,9,4,Returning_Visitor,False,False
Mar,2,5,1,1,Returning_Visitor,False,False
Nov,2,2,2,11,Returning_Visitor,True,True
Mar,2,2,1,3,Returning_Visitor,False,False
Dec,2,4,6,1,Returning_Visitor,True,False
Feb,1,1,1,3,Returning_Visitor,False,False
Feb,2,5,1,6,Returning_Visitor,False,False
May,2,2,6,5,New_Visitor,True,False
Dec,2,10,1,2,Returning_Visitor,False,False
May,2,2,1,3,Returning_Visitor,False,False
Jul,2,10,1,2,Returning_Visitor,False,False
Oct,3,2,9,13,Returning_Visitor,False,False
Aug,3,2,3,2,Returning_Visitor,True,False
Feb,2,4,3,1,Returning_Visitor,False,False
Nov,1,1,1,3,Returning_Visitor,False,False
May,4,2,1,4,Returning_Visitor,True,False
May,3,2,3,4,Returning_Visitor,True,False
May,2,2,9,5,New_Visitor,False,False
Dec,2,2,1,2,Returning_Visitor,False,True
May,2,2,8,4,Returning_Visitor,False,False
Aug,2,5,8,5,Returning_Visitor,False,True
Feb,1,1,1,3,Returning_Visitor,True,False
May,2,2,1,1,Returning_Visitor,False,False
Nov,1,1,1,2,Returning_Visitor,False,True
May,3,2,4,11,New_Visitor,False,False
May,2,2,1,1,Returning_Visitor,False,False
Oct,2,2,1,2,Returning_Visitor,False,False
Sep,3,2,1,3,Returning_Visitor,True,False
Nov,2,2,7,3,Returning_Visitor,False,False
May,2,2,3,11,Returning_Visitor,False,False
Nov,1,1,4,2,Returning_Visitor,False,False
Feb,3,2,6,2,Returning_Visitor,True,False
May,3,2,8,2,Returning_Visitor,False,False
May,3,2,2,3,New_Visitor,False,False
Dec,2,2,2,2,Returning_Visitor,False,False
Mar,2,2,3,3,Returning_Visitor,True,False
Sep,3,2,1,6,Returning_Visitor,False,False
Nov,2,2,7,1,Returning_Visitor,False,False
May,2,2,1,14,Returning_Visitor,False,True
Dec,1,1,8,20,Returning_Visitor,False,False
Aug,1,8,7,3,Returning_Visitor,False,False
Dec,2,2,4,10,Returning_Visitor,False,False
Aug,2,2,3,4,Returning_Visitor,False,False
Nov,1,2,1,2,Returning_Visitor,False,False
Mar,1,1,1,3,Returning_Visitor,False,False
Aug,2,4,4,2,Returning_Visitor,False,False
Mar,2,2,4,3,Returning_Visitor,False,False
Dec,2,2,3,7,Returning_Visitor,True,False
Oct,1,1,4,2,New_Visitor,False,False
Aug,2,2,7,3,Returning_Visitor,False,False
Oct,1,1,6,2,Returning_Visitor,True,False
May,2,10,7,4,Returning_Visitor,False,False
Aug,2,2,8,4,Returning_Visitor,False,True
Nov,1,1,3,2,Returning_Visitor,False,False
Mar,3,2,1,10,Returning_Visitor,False,False
Nov,2,2,1,2,Returning_Visitor,False,False
Feb,2,2,1,1,Returning_Visitor,False,False
Dec,2,2,7,2,Returning_Visitor,False,False
Nov,2,2,3,2,Returning_Visitor,True,False
Mar,4,1,1,2,Returning_Visitor,False,False
May,3,2,8,2,Returning_Visitor,True,False
Mar,2,2,3,10,Returning_Visitor,False,False
Dec,2,2,1,10,Returning_Visitor,False,False
Dec,2,2,1,2,Returning_Visitor,False,False
Aug,3,2,3,2,New_Visitor,True,False
May,2,7,2,11,Returning_Visitor,False,False
Nov,2,2,3,2,Returning_Visitor,False,True
May,2,2,3,1,Returning_Visitor,False,False
Nov,2,2,3,1,Returning_Visitor,False,False
Dec,2,13,9,20,Returning_Visitor,False,True
June,2,2,1,2,Returning_Visitor,False,False
Nov,2,6,5,1,Returning_Visitor,False,False
Dec,2,2,7,2,New_Visitor,False,True
Dec,1,1,2,2,Returning_Visitor,False,True
Nov,2,2,1,2,Returning_Visitor,True,True
May,2,2,1,4,Returning_Visitor,False,False
Nov,2,2,2,2,Returning_Visitor,False,False
Dec,2,2,1,2,Returning_Visitor,True,False
Nov,2,2,4,11,Returning_Visitor,True,False
Nov,2,4,3,2,Returning_Visitor,False,False
Dec,3,2,4,1,Returning_Visitor,False,False
Jul,1,1,4,4,Returning_Visitor,False,False
May,2,10,1,4,Returning_Visitor,False,False
Dec,2,2,1,1,Returning_Visitor,False,False
Aug,1,1,8,3,New_Visitor,False,True
Dec,2,2,2,6,Returning_Visitor,False,False
May,2,2,3,6,Returning_Visitor,False,False
Aug,1,1,5,2,Returning_Visitor,True,False
Dec,3,5,3,8,Returning_Visitor,False,False
Dec,4,1,4,8,New_Visitor,False,False
Nov,1,1,1,8,New_Visitor,False,False
Nov,2,2,4,2,Returning_Visitor,True,True
May,2,2,2,4,Returning_Visitor,False,False
June,2,2,1,4,Returning_Visitor,False,False
May,2,2,1,7,Returning_Visitor,False,False
Oct,1,1,3,2,Returning_Visitor,True,True
Mar,3,2,2,1,Returning_Visitor,False,False
May,2,2,1,6,Returning_Visitor,False,False
Nov,1,1,2,2,New_Visitor,False,True
May,2,1,1,4,Returning_Visitor,True,False
Sep,3,2,1,13,Returning_Visitor,False,False
Mar,1,1,1,3,Returning_Visitor,False,False
May,2,2,5,3,Returning_Visitor,True,True
Nov,2,2,7,1,Returning_Visitor,True,False
Dec,2,2,3,3,Returning_Visitor,False,True
Jul,2,2,5,2,New_Visitor,False,True
Sep,2,2,1,5,New_Visitor,False,False
Jul,2,2,6,13,Returning_Visitor,False,False
Oct,2,2,2,3,Returning_Visitor,False,False
May,2,2,5,4,Returning_Visitor,False,False
Nov,2,2,1,10,Returning_Visitor,False,False
Dec,2,4,1,3,Other,False,False
Dec,3,3,2,8,New_Visitor,False,False
May,1,1,1,1,Returning_Visitor,False,False
Mar,3,2,8,1,Returning_Visitor,False,False
Oct,3,2,1,13,Returning_Visitor,False,True
May,1,1,3,15,Returning_Visitor,True,False
Dec,2,2,3,2,Returning_Visitor,False,False
Dec,2,2,1,2,New_Visitor,False,False
May,3,2,6,1,Returning_Visitor,False,False
Mar,2,2,1,6,Returning_Visitor,False,True
Nov,1,1,2,3,Returning_Visitor,False,False
Mar,2,2,2,3,Returning_Visitor,False,False
Aug,2,2,7,2,New_Visitor,False,False
May,1,1,3,6,Returning_Visitor,False,False
Nov,2,2,1,1,Returning_Visitor,False,False
Nov,3,2,3,13,Returning_Visitor,False,False
May,3,2,6,13,Returning_Visitor,False,False
Dec,3,2,3,6,Returning_Visitor,False,False
May,2,2,1,3,Returning_Visitor,True,True
Nov,2,2,1,13,Returning_Visitor,False,False
June,2,2,3,3,Returning_Visitor,True,False
Dec,2,2,6,13,Returning_Visitor,False,False
Nov,4,1,4,3,Returning_Visitor,False,False
Nov,3,2,1,2,New_Visitor,False,False
Sep,2,2,5,4,New_Visitor,True,False
Nov,3,2,1,3,Returning_Visitor,True,False
Dec,2,5,4,1,Returning_Visitor,True,True
Mar,1,1,1,1,Returning_Visitor,False,False
Jul,2,2,1,3,Returning_Visitor,False,False
Mar,2,2,6,1,Returning_Visitor,False,False
Nov,2,2,2,1,Returning_Visitor,True,False
Nov,3,2,3,6,New_Visitor,False,False
Mar,2,2,1,2,Returning_Visitor,False,True
Oct,2,2,1,1,Returning_Visitor,False,False
May,1,1,4,1,Returning_Visitor,True,False
May,3,2,1,13,Returning_Visitor,False,False
Mar,4,1,1,10,Returning_Visitor,False,False
May,3,2,2,11,New_Visitor,False,False
May,2,6,4,3,Returning_Visitor,False,False
Nov,4,1,3,3,Returning_Visitor,False,False
Mar,1,1,1,2,Returning_Visitor,True,True
Mar,2,2,3,10,Returning_Visitor,False,False
Nov,1,1,5,2,Returning_Visitor,False,False
Nov,3,2,1,8,Returning_Visitor,False,True
May,2,2,5,4,Returning_Visitor,False,False
May,1,1,1,4,Returning_Visitor,True,False
May,3,2,4,1,Returning_Visitor,False,False
May,2,2,2,2,Returning_Visitor,False,False
Mar,2,5,2,1,Returning_Visitor,False,False
Mar,3,2,5,1,Returning_Visitor,False,False
Aug,2,2,3,4,Returning_Visitor,False,False
May,1,1,1,1,Returning_Visitor,False,False
May,2,6,1,3,Returning_Visitor,False,False
Mar,3,2,1,3,Returning_Visitor,False,False
Nov,3,3,9,2,Returning_Visitor,False,False
Mar,2,5,5,1,Returning_Visitor,False,False
Mar,2,2,6,2,New_Visitor,False,False
Feb,1,1,1,3,Returning_Visitor,False,False
Mar,2,2,6,2,Returning_Visitor,True,False
Nov,3,2,3,10,Returning_Visitor,False,True
Nov,3,2,2,13,Returning_Visitor,False,False
May,1,2,1,6,Returning_Visitor,True,False
Mar,3,2,3,1,Returning_Visitor,False,False
Dec,2,2,8,2,Returning_Visitor,False,False
May,3,2,5,4,Returning_Visitor,False,False
Nov,2,2,3,2,Returning_Visitor,False,True
May,1,1,3,4,Returning_Visitor,True,False
May,2,6,3,4,Returning_Visitor,True,False
Mar,2,5,1,2,Returning_Visitor,False,False
Mar,1,1,2,2,Returning_Visitor,False,False
Oct,2,2,1,2,Returning_Visitor,False,True
May,2,2,1,4,Returning_Visitor,True,False
Nov,2,2,4,2,New_Visitor,False,True
Mar,3,2,1,3,Returning_Visitor,True,False
Nov,3,2,1,1,Returning_Visitor,False,False
Mar,2,2,1,1,Returning_Visitor,False,False
Sep,2,2,5,5,Returning_Visitor,True,True
May,2,2,1,4,Returning_Visitor,True,True
Mar,1,2,1,1,Returning_Visitor,False,False
Mar,3,2,1,10,Returning_Visitor,False,False
Mar,3,2,3,3,Returning_Visitor,False,False
May,1,1,3,2,Returning_Visitor,False,False
Mar,3,2,1,8,Returning_Visitor,False,False
Nov,3,2,2,13,Returning_Visitor,False,False
Mar,2,2,1,13,Returning_Visitor,False,False
Oct,2,2,1,5,Returning_Visitor,False,False
Nov,4,1,6,8,Returning_Visitor,False,False
May,2,2,4,2,New_Visitor,False,True
Nov,2,2,1,2,Returning_Visitor,True,False
Nov,1,2,3,2,Returning_Visitor,True,False
Mar,3,3,1,1,Returning_Visitor,False,False
May,2,4,3,4,Returning_Visitor,False,False
Nov,3,2,1,1,Returning_Visitor,False,False
Sep,3,2,3,3,New_Visitor,False,False
Dec,3,2,2,2,New_Visitor,False,False
May,3,3,3,1,Returning_Visitor,True,False
Dec,2,2,2,10,Returning_Visitor,True,False
Nov,4,2,6,2,New_Visitor,True,True
Mar,2,2,6,1,Returning_Visitor,True,False
Mar,2,4,4,1,Returning_Visitor,False,True
Dec,3,2,1,3,Returning_Visitor,False,True
Nov,3,2,1,2,Returning_Visitor,True,True
Nov,3,2,3,6,Returning_Visitor,True,False
May,2,2,7,4,Returning_Visitor,True,False
Mar,2,4,9,10,New_Visitor,False,True
Dec,1,2,7,3,Returning_Visitor,True,False
Dec,2,2,9,1,Returning_Visitor,False,False
May,4,1,1,4,Returning_Visitor,False,False
Nov,2,2,4,3,Returning_Visitor,False,False
Feb,2,2,1,1,Returning_Visitor,False,False
Nov,1,2,1,8,Returning_Visitor,False,True
Nov,2,2,1,8,New_Visitor,False,True
May,3,2,1,13,Returning_Visitor,False,False
Nov,2,2,1,2,New_Visitor,False,True
Mar,1,8,3,3,Returning_Visitor,False,False
Feb,1,1,1,2,Returning_Visitor,True,False
Nov,2,2,2,1,Returning_Visitor,False,False
Dec,1,1,3,2,Returning_Visitor,False,False
Sep,3,2,1,2,Returning_Visitor,True,False
Nov,1,1,6,2,Returning_Visitor,False,False
Dec,2,2,1,2,Returning_Visitor,False,True
Nov,1,1,1,1,New_Visitor,False,False
Nov,2,2,8,1,New_Visitor,False,False
Nov,2,2,1,3,Returning_Visitor,False,False
Nov,3,2,1,2,Returning_Visitor,False,False
Nov,1,1,1,2,New_Visitor,False,False
Oct,1,1,1,2,Returning_Visitor,False,True
Oct,1,2,7,4,New_Visitor,False,False
Sep,2,2,8,7,Returning_Visitor,False,False
May,2,2,3,2,New_Visitor,False,False
Jul,2,2,1,4,Returning_Visitor,False,False
Mar,2,2,3,2,New_Visitor,False,False
May,3,2,1,4,Returning_Visitor,False,False
Nov,3,2,2,20,Returning_Visitor,True,False
May,3,2,8,4,Returning_Visitor,True,False
Dec,2,2,2,1,Returning_Visitor,True,False
Dec,3,2,3,6,Returning_Visitor,True,False
May,2,2,1,13,Returning_Visitor,False,False
Nov,2,2,1,1,Returning_Visitor,False,False
May,3,2,1,3,Returning_Visitor,False,False
Oct,3,2,1,2,Returning_Visitor,False,False
Nov,3,6,1,2,Returning_Visitor,True,False
Jul,1,8,9,4,New_Visitor,False,False
May,4,1,1,4,Returning_Visitor,True,False
Nov,2,2,7,10,Returning_Visitor,False,False
Sep,2,2,9,1,Returning_Visitor,False,False
Nov,2,2,3,2,New_Visitor,False,False
Nov,1,2,1,1,Returning_Visitor,False,True
Mar,2,2,1,10,Returning_Visitor,False,False
May,2,4,2,2,Returning_Visitor,False,False
Dec,2,2,7,2,Returning_Visitor,False,False
Dec,2,2,1,10,Returning_Visitor,False,False
Mar,3,2,3,3,Returning_Visitor,False,False
May,1,1,4,3,Returning_Visitor,False,False
Nov,3,2,1,10,Returning_Visitor,True,False
May,2,2,6,2,Returning_Visitor,True,False
May,2,2,1,5,Returning_Visitor,False,False
May,2,2,3,2,Returning_Visitor,False,False
May,2,2,7,2,New_Visitor,False,False
Mar,2,2,2,2,Returning_Visitor,False,False
Sep,2,2,7,2,New_Visitor,False,True
Mar,3,2,1,10,Returning_Visitor,False,False
May,3,2,2,1,Returning_Visitor,True,False
Nov,4,2,9,3,Returning_Visitor,False,False
May,2,5,1,11,Returning_Visitor,True,False
Nov,2,2,7,2,Returning_Visitor,True,True
May,3,2,1,13,Returning_Visitor,False,False
Nov,3,2,1,13,Returning_Visitor,True,False
May,1,1,1,20,Returning_Visitor,False,False
Mar,1,1,3,2,Returning_Visitor,False,False
Nov,1,1,1,10,Returning_Visitor,True,True
Feb,2,2,2,1,Returning_Visitor,False,False
Aug,3,2,1,13,Returning_Visitor,False,False
June,3,2,1,1,Returning_Visitor,False,False
Mar,2,2,2,2,New_Visitor,False,False
Nov,2,2,3,1,Returning_Visitor,False,True
Dec,2,2,1,7,Returning_Visitor,False,False
Nov,1,1,1,1,Returning_Visitor,False,False
May,1,1,6,2,Returning_Visitor,False,True
May,2,5,6,3,Returning_Visitor,False,False
Mar,2,2,7,1,Returning_Visitor,False,False
Mar,2,4,3,1,Returning_Visitor,False,False
May,2,2,7,6,Returning_Visitor,False,False
Nov,2,2,1,8,New_Visitor,False,False
May,1,2,2,2,Returning_Visitor,False,False
Oct,1,1,1,1,Returning_Visitor,False,False
Mar,1,1,1,1,Returning_Visitor,False,False
Dec,2,2,9,2,New_Visitor,False,False
Dec,2,2,3,2,Returning_Visitor,False,False
Oct,2,2,1,1,Returning_Visitor,False,False
May,2,2,6,4,Returning_Visitor,False,False
Mar,2,5,8,1,Returning_Visitor,True,False
May,3,2,8,1,Returning_Visitor,False,False
May,2,2,1,4,Returning_Visitor,False,False
Sep,3,2,4,13,Returning_Visitor,True,False
May,2,2,7,2,Returning_Visitor,False,False
Dec,2,4,1,1,Returning_Visitor,False,False
Mar,2,2,4,1,Returning_Visitor,False,False
Dec,2,4,3,2,Returning_Visitor,False,True
May,2,4,2,2,New_Visitor,False,False
Nov,1,1,6,3,Returning_Visitor,False,True
Nov,1,1,4,1,Returning_Visitor,False,False
June,2,2,1,1,Returning_Visitor,False,False
Nov,2,2,3,2,Returning_Visitor,False,True
Mar,2,4,2,2,Returning_Visitor,False,False
Nov,2,2,1,1,Returning_Visitor,False,False
May,2,2,3,2,Returning_Visitor,False,False
Nov,1,2,1,2,Returning_Visitor,False,False
Nov,3,2,1,13,Returning_Visitor,False,False
May,2,2,1,13,Returning_Visitor,True,False
Nov,2,5,3,3,Returning_Visitor,True,False
Sep,2,5,3,2,Returning_Visitor,False,False
Mar,2,6,2,3,Returning_Visitor,False,False
Nov,2,2,3,1,Returning_Visitor,False,False
Aug,2,2,1,4,Returning_Visitor,True,False
May,2,2,6,3,New_Visitor,False,False
Dec,3,2,3,3,Returning_Visitor,True,False
Mar,2,4,1,3,Returning_Visitor,True,False
Mar,3,2,5,1,Returning_Visitor,False,False
May,2,2,7,6,Returning_Visitor,False,False
Oct,2,2,1,3,New_Visitor,True,True
Jul,4,2,3,13,Returning_Visitor,False,False
May,4,1,2,4,Returning_Visitor,False,False
May,2,2,1,4,Returning_Visitor,False,False
Nov,2,2,1,11,Returning_Visitor,False,False
May,2,2,9,4,Returning_Visitor,True,False
May,2,2,9,2,Returning_Visitor,False,True
May,1,2,3,2,Returning_Visitor,True,False
May,3,2,7,3,Returning_Visitor,False,False
Nov,2,2,4,10,Returning_Visitor,False,False
Nov,2,2,1,2,Returning_Visitor,False,False
Mar,2,2,3,1,Returning_Visitor,False,False
Nov,3,2,2,3,Returning_Visitor,False,False
May,1,1,1,5,New_Visitor,True,True
Nov,4,1,1,8,New_Visitor,False,False
May,3,2,7,5,Returning_Visitor,False,False
Nov,3,2,4,2,Returning_Visitor,True,False
Nov,2,2,3,1,Returning_Visitor,True,True
Dec,2,2,3,2,Returning_Visitor,False,False
Oct,2,2,1,13,Returning_Visitor,False,False
May,1,1,1,3,Returning_Visitor,False,False
May,2,2,1,4,Returning_Visitor,False,False
Nov,3,2,1,10,Returning_Visitor,False,False
Nov,3,2,1,10,Returning_Visitor,True,False
May,2,2,6,13,Returning_Visitor,False,False
Sep,2,5,6,2,Returning_Visitor,False,False
May,1,1,5,4,Returning_Visitor,False,False
May,1,1,7,2,Returning_Visitor,True,False
Sep,2,2,1,5,New_Visitor,False,False
Nov,1,1,3,2,Returning_Visitor,False,False
Mar,2,2,1,1,Returning_Visitor,False,False
Nov,3,2,1,10,Returning_Visitor,False,False
Aug,2,2,8,1,Returning_Visitor,False,False
Nov,1,1,1,3,Returning_Visitor,False,False
Mar,4,1,6,1,Returning_Visitor,False,False
May,2,2,1,4,Returning_Visitor,False,False
Nov,3,2,3,8,Returning_Visitor,True,False
May,1,1,1,5,New_Visitor,False,True
May,3,2,1,3,New_Visitor,False,False
Nov,3,2,4,3,Returning_Visitor,True,False
Nov,3,3,5,11,Returning_Visitor,True,False
Feb,2,2,2,1,Returning_Visitor,False,False
Sep,1,1,7,2,Returning_Visitor,False,True
Nov,3,2,1,2,Returning_Visitor,False,True
Nov,1,1,1,8,New_Visitor,True,False
Nov,2,2,1,2,Returning_Visitor,True,False
Nov,2,2,3,1,Returning_Visitor,False,False
Mar,2,4,5,1,Returning_Visitor,False,False
Mar,2,2,1,1,Returning_Visitor,False,False
Nov,1,1,3,2,New_Visitor,True,False
Dec,2,2,3,8,New_Visitor,False,False
Mar,2,2,3,3,Returning_Visitor,True,True
May,2,6,1,3,Returning_Visitor,False,False
Dec,2,2,1,2,New_Visitor,False,False
Nov,2,2,1,6,New_Visitor,True,False
May,2,2,4,2,Returning_Visitor,False,False
Nov,2,2,2,2,Returning_Visitor,False,False
Mar,1,1,3,3,Returning_Visitor,True,False
Nov,1,2,3,10,Returning_Visitor,False,False
Mar,2,2,6,2,Returning_Visitor,False,False
Nov,2,2,1,2,Returning_Visitor,False,True
Nov,1,1,1,2,Returning_Visitor,False,True
Aug,2,2,2,1,Returning_Visitor,False,True
Dec,1,1,4,2,Returning_Visitor,False,False
Nov,3,2,1,4,Returning_Visitor,False,False
Dec,3,2,6,2,New_Visitor,False,True
Nov,3,2,2,3,Returning_Visitor,True,False
Mar,2,4,7,1,Returning_Visitor,False,False
Dec,4,1,1,2,Returning_Visitor,True,False
May,2,4,1,2,Returning_Visitor,False,True
May,2,6,3,20,Returning_Visitor,False,False
Mar,2,2,6,13,Returning_Visitor,True,False
Nov,3,2,4,11,Returning_Visitor,False,False
Sep,2,2,3,2,New_Visitor,False,False
Oct,2,2,9,2,Returning_Visitor,False,False
May,8,5,1,2,Returning_Visitor,False,False
May,2,2,3,1,Returning_Visitor,False,False
Mar,3,2,3,3,Returning_Visitor,True,False
Nov,4,1,7,2,Returning_Visitor,False,False
Nov,1,1,3,2,New_Visitor,False,False
May,3,2,1,13,Returning_Visitor,False,False
May,2,2,4,4,New_Visitor,True,False
May,3,2,4,4,Returning_Visitor,False,False
Oct,2,2,1,4,Returning_Visitor,False,True
Jul,2,2,1,2,New_Visitor,False,False
Mar,2,2,3,1,Returning_Visitor,False,False
Dec,2,2,1,2,New_Visitor,False,False
Nov,2,2,1,2,Returning_Visitor,False,True
Nov,8,1,2,8,New_Visitor,False,False
May,2,2,1,5,New_Visitor,False,False
Nov,3,2,3,10,Returning_Visitor,False,False
Oct,2,2,1,2,Returning_Visitor,False,False
Nov,2,2,1,1,Returning_Visitor,False,False
May,2,5,2,3,Returning_Visitor,False,False
Mar,1,1,1,9,Returning_Visitor,True,False
May,3,2,1,4,Returning_Visitor,True,False
Oct,2,2,2,2,New_Visitor,True,False
Jul,3,2,8,4,Returning_Visitor,False,False
May,2,4,1,2,New_Visitor,False,True
Mar,2,4,1,3,Returning_Visitor,False,False
May,2,5,2,4,Returning_Visitor,True,False
Mar,2,2,7,1,Returning_Visitor,False,False
Nov,2,2,7,2,New_Visitor,False,True
Mar,1,1,3,1,Returning_Visitor,True,False
Nov,2,2,3,2,Returning_Visitor,True,False
Mar,1,1,1,3,Returning_Visitor,False,False
Nov,1,1,9,2,Returning_Visitor,False,False
Nov,2,2,1,1,Returning_Visitor,False,True
Mar,1,2,1,8,New_Visitor,False,False
May,2,2,8,6,Returning_Visitor,False,False
Feb,1,2,6,6,Returning_Visitor,True,False
May,2,5,1,4,Returning_Visitor,False,False
Nov,1,1,1,3,Returning_Visitor,True,False
Nov,2,2,1,2,Returning_Visitor,False,False
Nov,1,1,1,1,Returning_Visitor,False,True
Nov,1,1,1,13,Returning_Visitor,True,True
Nov,2,2,7,2,Returning_Visitor,False,True
May,3,2,3,4,Returning_Visitor,False,False
Dec,1,2,4,2,Returning_Visitor,False,False
Dec,3,2,3,1,Returning_Visitor,False,False
May,2,2,9,4,Returning_Visitor,False,False
Sep,1,1,3,4,Returning_Visitor,False,False
Dec,1,1,6,2,New_Visitor,False,False
May,1,1,1,1,Returning_Visitor,True,False
May,2,2,3,4,Returning_Visitor,False,False
May,2,4,3,3,Returning_Visitor,False,True
May,2,4,3,2,Returning_Visitor,False,True
May,2,2,1,2,Returning_Visitor,False,False
Nov,2,2,2,1,Returning_Visitor,False,False
June,2,2,1,3,Returning_Visitor,False,False
Dec,2,2,3,1,Returning_Visitor,False,False
Dec,2,2,8,1,Returning_Visitor,False,False
Nov,3,2,1,6,Returning_Visitor,True,False
Nov,1,1,1,2,Returning_Visitor,False,False
Nov,2,2,1,10,Returning_Visitor,False,True
May,1,1,4,6,Returning_Visitor,True,False
Nov,1,1,1,10,Returning_Visitor,True,False
Aug,2,5,6,1,Returning_Visitor,False,False
Mar,2,2,7,1,Returning_Visitor,False,False
Jul,2,2,9,4,Returning_Visitor,False,False
Oct,3,2,3,2,Returning_Visitor,False,False
Mar,3,2,3,1,Returning_Visitor,True,False
May,2,4,1,6,Returning_Visitor,False,False
Feb,1,1,1,3,Returning_Visitor,False,False
Nov,1,1,6,2,Returning_Visitor,False,False
Nov,1,1,1,3,Returning_Visitor,False,False
May,2,2,1,4,New_Visitor,False,True
Nov,3,2,9,5,New_Visitor,True,False
May,2,7,4,3,Returning_Visitor,False,False
Jul,1,1,1,3,Returning_Visitor,False,False
Dec,8,13,9,20,Other,False,True
June,2,2,1,13,Returning_Visitor,False,False
Mar,1,1,1,1,Returning_Visitor,True,False
May,3,2,3,11,Returning_Visitor,False,False
May,1,1,1,4,Returning_Visitor,False,False
Dec,2,2,1,2,New_Visitor,True,True
Nov,2,2,8,2,Returning_Visitor,False,False
Aug,2,2,5,2,New_Visitor,False,True
Nov,1,1,1,2,Returning_Visitor,True,False
Nov,2,2,3,8,Returning_Visitor,True,True
Nov,2,2,3,2,Returning_Visitor,False,False
Nov,2,2,1,2,Returning_Visitor,False,True
Mar,1,1,4,3,Returning_Visitor,True,False
Mar,2,2,4,2,New_Visitor,False,True
Oct,1,1,6,3,Returning_Visitor,False,False
Sep,4,1,5,1,Returning_Visitor,True,False
May,3,2,1,13,Returning_Visitor,False,False
May,2,5,4,2,Returning_Visitor,False,False
Nov,4,1,1,1,Returning_Visitor,False,False
Nov,3,2,1,10,Returning_Visitor,False,False
May,3,2,3,6,Returning_Visitor,False,False
Oct,2,4,2,1,Returning_Visitor,False,False
May,2,2,1,4,Returning_Visitor,False,False
Feb,1,1,1,3,Returning_Visitor,False,False
Nov,2,2,9,2,Returning_Visitor,False,False
Mar,2,2,1,2,Returning_Visitor,False,False
Mar,3,3,3,1,Returning_Visitor,False,False
May,2,2,6,3,Returning_Visitor,False,False
May,3,2,1,13,Returning_Visitor,False,False
Dec,2,2,2,2,New_Visitor,False,False
Aug,2,4,1,3,Returning_Visitor,False,False
Dec,4,2,3,1,Returning_Visitor,False,False
May,2,2,1,6,Returning_Visitor,False,False
May,3,2,4,13,Returning_Visitor,False,False
May,2,2,6,1,Returning_Visitor,False,False
Dec,1,1,6,1,Returning_Visitor,True,False
May,2,2,1,5,New_Visitor,True,False
May,2,2,2,2,Returning_Visitor,False,False
Nov,2,2,3,2,Returning_Visitor,False,False
May,2,5,3,6,Returning_Visitor,False,False
May,2,2,3,13,Returning_Visitor,False,False
May,1,1,3,3,Returning_Visitor,False,True
Sep,1,1,1,2,Returning_Visitor,True,False
June,3,2,4,2,Returning_Visitor,False,False
May,2,2,1,13,Returning_Visitor,False,False
Mar,2,4,3,1,Returning_Visitor,True,False
May,2,4,1,4,Returning_Visitor,False,False
Nov,2,2,9,1,Returning_Visitor,True,True
Dec,1,1,4,2,Returning_Visitor,False,False
Nov,3,2,1,2,Returning_Visitor,True,False
Jul,3,2,6,13,Returning_Visitor,False,False
May,3,2,1,3,Returning_Visitor,False,False
Sep,3,2,3,4,Returning_Visitor,False,False
Jul,1,1,4,4,Returning_Visitor,False,True
Aug,1,1,2,1,Returning_Visitor,False,False
Oct,2,2,3,1,Returning_Visitor,False,False
Mar,1,1,3,2,Returning_Visitor,False,False
Oct,1,1,2,20,Returning_Visitor,True,True
Nov,3,2,6,2,New_Visitor,False,False
May,1,2,3,4,Returning_Visitor,False,False
Mar,2,4,1,1,Returning_Visitor,False,False
Sep,2,2,3,5,Returning_Visitor,False,False
May,1,1,1,2,Returning_Visitor,True,False
Dec,2,2,3,3,Returning_Visitor,False,False
Nov,2,2,6,2,Returning_Visitor,False,False
Nov,2,2,7,2,New_Visitor,False,True
Aug,2,2,9,2,Returning_Visitor,False,False
Nov,2,2,1,2,Returning_Visitor,False,False
Mar,1,1,8,10,Returning_Visitor,False,False
Dec,1,1,5,2,Returning_Visitor,False,False
Dec,1,2,3,1,Returning_Visitor,True,False
Sep,3,2,1,2,Returning_Visitor,False,False
Nov,3,2,2,1,Returning_Visitor,False,False
Dec,2,2,6,2,Returning_Visitor,False,False
Dec,3,2,7,2,Returning_Visitor,False,False
Nov,2,4,1,2,Returning_Visitor,False,False
Aug,2,4,2,3,Returning_Visitor,False,True
May,2,2,1,1,Returning_Visitor,False,False
Dec,2,2,3,8,New_Visitor,False,False
May,1,1,3,3,Returning_Visitor,False,False
May,3,2,3,4,Returning_Visitor,False,False
Oct,2,2,3,2,Returning_Visitor,True,False
Dec,8,13,9,20,Other,False,True
Dec,8,13,9,20,Other,False,False
Nov,2,2,9,3,Returning_Visitor,False,False
May,2,2,4,13,Returning_Visitor,False,False
Nov,1,1,1,2,New_Visitor,False,True
Mar,2,2,7,2,Returning_Visitor,False,False
May,1,1,1,2,Returning_Visitor,False,False
Nov,3,2,2,13,Returning_Visitor,False,True
Nov,3,2,1,13,Returning_Visitor,True,False
Nov,1,1,2,2,New_Visitor,False,False
May,2,2,1,2,New_Visitor,False,False
May,2,2,3,4,Returning_Visitor,False,False
Nov,2,2,3,13,Returning_Visitor,False,True
Mar,1,1,2,3,Returning_Visitor,False,False
Aug,1,1,1,20,Returning_Visitor,False,False
Nov,1,2,1,2,Returning_Visitor,False,False
Nov,3,2,3,13,Returning_Visitor,False,False
Nov,2,2,2,3,Returning_Visitor,False,False
Nov,2,2,3,2,Returning_Visitor,False,True
Nov,1,1,2,2,Returning_Visitor,False,False
Dec,1,1,3,2,Returning_Visitor,False,False
June,2,6,1,1,Returning_Visitor,False,False
May,3,2,3,6,Returning_Visitor,False,False
Mar,2,2,1,1,Returning_Visitor,False,False
May,2,2,7,6,Returning_Visitor,False,False
Nov,1,1,3,1,Returning_Visitor,False,True
Nov,1,2,1,11,Returning_Visitor,True,False
May,2,2,2,1,Returning_Visitor,False,False
Nov,4,2,4,2,Returning_Visitor,False,False
Nov,3,2,3,2,Returning_Visitor,True,False
May,3,2,8,3,Returning_Visitor,False,False
Nov,3,2,3,13,Returning_Visitor,True,False
Nov,3,2,5,2,Returning_Visitor,False,False
Mar,2,2,4,3,Returning_Visitor,False,False
Dec,3,2,1,2,Returning_Visitor,False,False
Aug,2,2,6,1,Returning_Visitor,True,False
Oct,2,6,2,20,Returning_Visitor,True,True
Mar,3,2,1,6,Returning_Visitor,True,False
Dec,1,1,1,3,Returning_Visitor,False,False
Mar,2,2,3,11,Returning_Visitor,False,False
May,2,2,7,3,Returning_Visitor,False,False
Nov,2,2,7,20,Returning_Visitor,True,False
May,2,2,7,2,Returning_Visitor,False,False
Mar,2,2,1,2,Returning_Visitor,False,False
Nov,4,1,4,2,Returning_Visitor,False,False
Aug,2,2,1,1,Returning_Visitor,True,False
Nov,1,1,9,2,Returning_Visitor,True,False
Sep,2,2,1,1,Returning_Visitor,False,False
Mar,3,2,3,1,Returning_Visitor,False,False
Nov,2,2,6,2,New_Visitor,True,False
Nov,2,2,1,3,Returning_Visitor,False,False
Oct,3,2,6,3,Returning_Visitor,False,False
Nov,1,8,3,11,Returning_Visitor,False,False
May,3,3,8,4,Returning_Visitor,False,False
May,2,2,8,16,Returning_Visitor,False,False
Nov,3,2,3,1,Returning_Visitor,False,True
Mar,2,5,2,1,Returning_Visitor,False,False
Nov,1,1,1,2,New_Visitor,False,False
May,3,2,3,1,Returning_Visitor,False,False
Nov,1,1,1,2,Returning_Visitor,True,True
May,3,2,1,3,Returning_Visitor,False,False
Nov,2,2,1,13,Returning_Visitor,True,False
Sep,2,4,4,2,Returning_Visitor,True,False
Feb,1,1,3,2,Returning_Visitor,False,False
May,3,2,1,13,Returning_Visitor,False,False
Dec,2,2,1,8,Returning_Visitor,False,False
Jul,1,1,2,4,New_Visitor,False,False
Nov,2,2,2,2,Returning_Visitor,True,False
June,2,2,1,2,New_Visitor,False,False
May,2,2,1,11,Returning_Visitor,False,True
Mar,1,1,1,3,Returning_Visitor,True,False
Oct,2,7,7,20,Returning_Visitor,True,True
Mar,4,2,1,2,Returning_Visitor,False,False
May,2,2,4,4,Returning_Visitor,False,True
Jul,2,2,3,2,Returning_Visitor,False,True
Nov,3,2,1,8,Returning_Visitor,False,True
Aug,2,10,4,1,Returning_Visitor,False,True
May,2,4,3,4,Returning_Visitor,False,False
May,1,1,1,2,Returning_Visitor,True,False
May,1,1,1,4,Returning_Visitor,False,False
May,1,8,2,6,Returning_Visitor,False,False
Sep,2,2,3,4,Returning_Visitor,True,False
Mar,2,2,6,2,New_Visitor,False,False
Mar,2,5,4,2,Returning_Visitor,True,False
May,6,2,4,5,Returning_Visitor,False,False
Dec,1,1,8,2,Returning_Visitor,False,False
Nov,2,4,4,2,Returning_Visitor,False,False
May,2,2,7,3,Returning_Visitor,False,False
Dec,3,2,7,10,New_Visitor,False,False
Mar,4,2,4,8,Returning_Visitor,False,False
Nov,1,1,1,2,New_Visitor,False,False
May,2,2,2,2,Returning_Visitor,False,True
Mar,2,2,1,1,Returning_Visitor,False,False
Mar,3,2,3,6,Returning_Visitor,True,False
May,2,4,9,2,New_Visitor,False,False
Nov,1,1,1,2,New_Visitor,True,True
May,3,2,3,13,Returning_Visitor,False,False
June,2,2,1,2,Returning_Visitor,False,True
Sep,2,2,1,1,Returning_Visitor,True,False
Mar,3,2,3,1,Returning_Visitor,False,False
Nov,4,1,7,3,Returning_Visitor,False,False
Jul,2,12,6,3,Returning_Visitor,False,False
Mar,2,2,1,1,Returning_Visitor,False,False
May,2,2,1,3,Returning_Visitor,False,True
May,2,2,3,1,Returning_Visitor,False,False
May,2,2,4,4,Returning_Visitor,False,True
Mar,3,2,1,2,Returning_Visitor,False,False
Nov,4,2,3,13,Returning_Visitor,False,False
Aug,1,1,2,3,Returning_Visitor,False,False
Mar,2,2,1,2,Returning_Visitor,True,True
Sep,3,2,3,6,Returning_Visitor,False,True
Mar,2,2,3,2,Returning_Visitor,False,False
May,3,2,3,2,Returning_Visitor,False,False
Nov,3,2,1,13,New_Visitor,True,False
May,1,2,1,2,Returning_Visitor,False,False
Nov,8,1,1,3,Returning_Visitor,False,False
Dec,3,2,1,2,Returning_Visitor,False,False
Mar,1,6,1,1,Returning_Visitor,False,False
May,2,5,3,4,Returning_Visitor,False,False
Dec,3,2,1,2,Returning_Visitor,True,False
Dec,2,2,9,3,Returning_Visitor,False,False
Nov,3,2,1,2,New_Visitor,False,False
Feb,2,4,6,1,Returning_Visitor,False,False
May,3,2,4,2,Returning_Visitor,False,False
Nov,1,1,9,2,Returning_Visitor,False,False
May,2,5,3,6,Returning_Visitor,True,True
Nov,2,5,7,2,Returning_Visitor,False,False
Nov,1,1,1,2,Returning_Visitor,True,False
May,3,2,3,4,Returning_Visitor,False,False
Nov,1,1,1,2,Returning_Visitor,True,False
May,2,2,1,2,Returning_Visitor,True,False
Dec,3,2,3,2,Returning_Visitor,True,False
May,1,1,6,3,Returning_Visitor,False,True
Dec,1,1,1,2,New_Visitor,False,False
Nov,2,2,1,1,Returning_Visitor,False,False
Jul,1,1,3,1,Returning_Visitor,False,False
Dec,4,1,1,1,Returning_Visitor,False,False
May,3,2,1,11,New_Visitor,False,False
May,1,1,3,4,Returning_Visitor,True,True
May,1,1,3,3,Returning_Visitor,True,False
Mar,2,2,1,2,New_Visitor,False,False
Dec,2,2,7,3,Returning_Visitor,False,False
Nov,2,2,7,2,Returning_Visitor,False,False
May,3,2,2,3,Returning_Visitor,False,False
Nov,1,1,3,10,Returning_Visitor,False,False
May,2,2,1,2,Returning_Visitor,False,False
Jul,2,2,5,2,Returning_Visitor,True,True
Oct,1,1,1,3,Returning_Visitor,False,False
Aug,1,1,1,3,Returning_Visitor,False,False
May,2,5,4,11,Returning_Visitor,False,False
Mar,1,1,1,3,Returning_Visitor,False,False
Nov,4,1,7,6,Returning_Visitor,False,False
Nov,2,2,1,6,Returning_Visitor,False,True
May,3,2,4,3,Returning_Visitor,False,False
Dec,2,2,2,1,Returning_Visitor,False,False
Nov,1,1,1,4,Returning_Visitor,True,False
Dec,2,2,7,2,New_Visitor,False,False
May,2,2,7,6,Returning_Visitor,False,False
Dec,2,2,4,2,New_Visitor,False,False
May,2,2,1,13,Returning_Visitor,False,False
May,2,2,4,6,Returning_Visitor,False,False
May,2,2,3,6,Returning_Visitor,False,False
May,3,2,8,1,Returning_Visitor,False,False
Nov,2,2,3,3,Returning_Visitor,True,False
Feb,4,1,3,3,Returning_Visitor,False,False
Feb,2,2,1,5,New_Visitor,False,False
May,1,2,1,3,New_Visitor,False,False
May,2,6,2,11,New_Visitor,False,False
Mar,1,1,2,10,Returning_Visitor,False,False
Mar,2,6,1,1,Returning_Visitor,False,False
May,1,2,3,2,New_Visitor,False,False
Dec,3,12,3,1,New_Visitor,False,False
Aug,1,1,1,3,Returning_Visitor,False,False
May,1,1,2,2,Returning_Visitor,True,False
May,2,2,2,4,Returning_Visitor,False,False
Mar,1,1,1,2,Returning_Visitor,False,True
May,2,2,8,3,Returning_Visitor,False,False
Mar,3,2,1,2,Returning_Visitor,True,True
Nov,1,1,4,8,Returning_Visitor,False,False
May,2,2,8,3,Returning_Visitor,False,False
Mar,2,2,3,6,Returning_Visitor,False,False
Nov,3,2,1,2,Returning_Visitor,True,False
May,1,1,1,3,Returning_Visitor,False,False
May,1,2,8,3,Returning_Visitor,False,True
Mar,2,2,8,1,Returning_Visitor,False,False
Mar,3,2,7,6,Returning_Visitor,False,False
Nov,1,1,4,3,Returning_Visitor,False,False
Nov,2,2,6,1,Returning_Visitor,True,False
Dec,1,1,3,2,New_Visitor,False,False
Sep,2,2,9,2,Returning_Visitor,False,True
Feb,1,1,1,2,Returning_Visitor,True,False
Nov,2,2,4,1,Returning_Visitor,False,False
Nov,3,2,3,6,Returning_Visitor,True,False
May,2,5,1,3,Returning_Visitor,False,False
Nov,1,1,4,2,New_Visitor,False,True
Nov,2,2,4,2,Returning_Visitor,False,True
June,3,2,3,13,Returning_Visitor,False,False
Nov,1,8,6,11,Returning_Visitor,False,False
Oct,3,2,1,1,Returning_Visitor,True,True
Nov,2,2,1,2,New_Visitor,False,False
Nov,2,2,7,1,Returning_Visitor,False,False
Feb,1,1,2,4,Returning_Visitor,True,False
May,1,1,4,3,Returning_Visitor,False,False
Mar,1,1,3,2,Returning_Visitor,False,False
Nov,2,2,3,1,Returning_Visitor,False,False
Nov,2,7,1,1,Returning_Visitor,False,False
May,2,2,1,13,Returning_Visitor,False,False
Nov,2,2,1,6,Returning_Visitor,False,False
Nov,2,2,1,1,Returning_Visitor,False,False
May,2,4,1,2,Returning_Visitor,False,True
Mar,2,2,8,1,Returning_Visitor,False,False
May,2,2,2,2,New_Visitor,False,True
Dec,1,1,3,3,Returning_Visitor,False,False
Mar,2,2,2,3,Returning_Visitor,True,False
Dec,2,2,6,11,New_Visitor,False,False
May,2,2,6,4,New_Visitor,False,True
Mar,2,4,1,1,Returning_Visitor,True,False
May,2,2,1,13,Returning_Visitor,False,False
May,3,3,3,4,Returning_Visitor,True,False
Mar,1,1,2,1,Returning_Visitor,False,False
May,2,5,3,4,Returning_Visitor,False,False
Dec,2,2,1,6,Returning_Visitor,False,False
Oct,2,4,9,2,Returning_Visitor,False,False
June,3,2,6,11,New_Visitor,False,False
Dec,1,1,2,2,New_Visitor,False,False
May,1,1,2,2,New_Visitor,True,False
May,2,2,4,13,Returning_Visitor,False,False
June,2,5,7,11,New_Visitor,False,False
Aug,3,2,6,13,Returning_Visitor,True,False
Mar,2,4,7,3,Returning_Visitor,True,True
Mar,2,2,4,10,Returning_Visitor,False,False
Nov,1,8,1,11,Returning_Visitor,True,False
Nov,2,10,7,3,Returning_Visitor,True,True
May,2,2,4,1,Returning_Visitor,False,False
Mar,2,4,1,1,Returning_Visitor,True,False
Nov,3,2,1,2,Returning_Visitor,False,True
June,2,2,1,5,New_Visitor,False,True
Oct,2,2,3,1,Returning_Visitor,False,False
Mar,2,2,7,1,Returning_Visitor,False,False
Aug,2,2,7,1,Returning_Visitor,False,False
Dec,1,1,3,1,Returning_Visitor,False,False
Nov,2,2,1,2,Returning_Visitor,False,False
May,2,2,2,3,Returning_Visitor,True,False
Sep,1,2,6,4,Returning_Visitor,False,True
May,2,2,1,4,Returning_Visitor,False,False
Sep,2,2,2,1,Returning_Visitor,True,True
May,1,1,3,2,Returning_Visitor,False,False
Oct,1,1,1,2,Returning_Visitor,True,False
Mar,3,2,1,1,Returning_Visitor,True,False
Dec,4,1,3,2,Returning_Visitor,True,False
Aug,2,2,1,6,Returning_Visitor,False,False
Nov,2,5,7,2,Returning_Visitor,True,True
Aug,3,3,4,4,Returning_Visitor,False,False
Jul,3,2,4,3,Returning_Visitor,False,False
Nov,2,2,2,3,Returning_Visitor,False,False
Dec,1,1,5,1,Returning_Visitor,True,False
May,1,1,3,3,Returning_Visitor,False,False
Mar,2,2,1,2,Returning_Visitor,False,False
Nov,2,2,3,6,Returning_Visitor,False,False
Nov,2,2,3,20,Returning_Visitor,False,False
May,2,2,1,4,Returning_Visitor,True,False
Dec,2,2,1,2,Returning_Visitor,False,False
May,2,2,5,6,Returning_Visitor,False,False
Nov,2,4,3,1,Returning_Visitor,False,True
Dec,2,2,1,8,Returning_Visitor,False,False
Dec,2,10,1,1,Returning_Visitor,True,True
Nov,2,2,3,1,Returning_Visitor,True,False
May,4,2,3,4,Returning_Visitor,False,False
Aug,3,2,1,13,Returning_Visitor,False,False
May,1,2,2,4,New_Visitor,False,False
May,1,1,3,3,Returning_Visitor,False,False
May,2,2,3,6,Returning_Visitor,False,False
Aug,2,2,6,5,New_Visitor,False,True
June,3,2,6,13,Returning_Visitor,False,False
Mar,2,2,3,1,Returning_Visitor,False,False
Nov,2,2,6,11,Returning_Visitor,False,False
Mar,2,2,4,1,Returning_Visitor,False,False
Nov,1,1,3,3,Returning_Visitor,False,False
Mar,1,1,2,10,Returning_Visitor,False,False
Nov,2,5,3,2,New_Visitor,True,True
Nov,2,2,1,8,New_Visitor,False,False
Dec,3,2,1,1,Returning_Visitor,True,False
May,2,5,6,1,Returning_Visitor,True,False
May,1,1,3,2,Returning_Visitor,True,False
Nov,2,2,1,2,Returning_Visitor,False,True
May,2,2,1,3,Returning_Visitor,False,True
Nov,2,2,1,11,Returning_Visitor,True,True
May,2,2,1,2,Returning_Visitor,False,False
May,2,2,4,2,Returning_Visitor,False,False
Nov,2,5,1,5,New_Visitor,False,True
Nov,1,1,1,2,Returning_Visitor,True,True
Sep,3,2,3,13,Returning_Visitor,False,False
Oct,2,2,7,1,Returning_Visitor,False,False
Nov,2,2,1,2,Returning_Visitor,False,True
Dec,1,1,9,2,Returning_Visitor,False,False
Nov,2,2,1,10,Returning_Visitor,True,True
Mar,3,2,8,8,New_Visitor,False,False
Dec,4,2,1,2,Returning_Visitor,False,False
Mar,1,1,6,1,Returning_Visitor,False,False
May,2,2,7,1,Returning_Visitor,True,False
May,2,2,1,1,Returning_Visitor,False,False
Sep,2,2,2,3,Returning_Visitor,False,False
May,3,2,1,1,Returning_Visitor,False,False
Nov,2,2,3,3,Returning_Visitor,False,False
Mar,2,2,1,13,Returning_Visitor,False,False
Nov,2,2,3,3,Returning_Visitor,True,False
May,2,2,4,2,Returning_Visitor,False,False
Dec,2,2,2,2,Returning_Visitor,False,False
Jul,1,2,3,2,Returning_Visitor,False,False
Nov,1,1,1,5,New_Visitor,True,False
May,2,2,8,4,Returning_Visitor,False,True
Nov,7,1,1,3,Returning_Visitor,False,False
Nov,2,2,1,2,Returning_Visitor,False,False
Dec,2,2,2,1,Returning_Visitor,False,False
Nov,4,2,4,1,Returning_Visitor,False,False
Oct,2,2,3,20,Returning_Visitor,False,False
May,3,3,2,11,Returning_Visitor,False,False
Nov,2,2,9,2,Returning_Visitor,False,False
Dec,4,2,4,3,Returning_Visitor,False,False
Mar,3,3,1,3,Returning_Visitor,False,False
Mar,2,2,9,2,Returning_Visitor,False,False
Nov,1,8,2,11,Returning_Visitor,False,False
Mar,3,2,3,10,Returning_Visitor,False,False
May,1,1,3,2,Returning_Visitor,False,False
Dec,3,2,4,10,Returning_Visitor,False,True
Nov,2,2,3,2,New_Visitor,False,False
May,1,1,7,4,Returning_Visitor,True,False
Nov,1,1,3,8,Returning_Visitor,False,True
Dec,2,10,1,2,New_Visitor,False,True
Aug,1,8,1,2,Returning_Visitor,False,False
Oct,3,2,6,20,New_Visitor,False,False
Aug,2,2,1,1,Returning_Visitor,False,False
May,3,2,6,2,Returning_Visitor,False,False
May,2,2,4,4,New_Visitor,True,True
Dec,2,2,6,2,Returning_Visitor,False,False
Sep,2,2,2,2,Returning_Visitor,True,True
May,3,5,1,3,Returning_Visitor,False,False
Mar,1,1,1,1,Returning_Visitor,False,False
May,2,4,7,2,Returning_Visitor,False,False
Feb,1,1,3,2,Returning_Visitor,False,False
May,1,8,4,6,Returning_Visitor,True,False
Jul,2,2,1,1,Returning_Visitor,False,False
Sep,2,2,1,13,Returning_Visitor,False,False
May,2,2,1,13,Returning_Visitor,False,False
Aug,3,2,1,2,Returning_Visitor,True,False
Oct,3,2,1,4,Returning_Visitor,False,False
Aug,3,2,4,5,Returning_Visitor,False,True
May,2,5,2,4,Returning_Visitor,True,True
May,2,2,4,1,Returning_Visitor,True,False
Nov,8,5,3,3,Returning_Visitor,True,False
Mar,1,1,3,2,Returning_Visitor,True,False
Nov,2,4,1,3,Returning_Visitor,False,False
Mar,2,4,2,2,Returning_Visitor,False,False
Nov,2,5,3,1,Returning_Visitor,True,True
Dec,1,8,3,11,New_Visitor,False,False
May,1,1,1,2,Returning_Visitor,False,False
Nov,1,1,4,2,Returning_Visitor,False,False
Mar,2,2,2,3,Returning_Visitor,False,False
Dec,3,2,3,2,Returning_Visitor,False,False
May,4,2,3,3,Returning_Visitor,False,True
Mar,2,2,3,1,Returning_Visitor,False,False
May,2,2,1,2,Returning_Visitor,False,False
Nov,3,2,1,2,Returning_Visitor,False,False
Nov,1,1,3,2,Returning_Visitor,False,False
May,2,2,1,4,Returning_Visitor,True,False
Dec,3,2,1,20,Returning_Visitor,False,False
May,1,1,1,4,New_Visitor,True,True
May,4,1,1,1,Returning_Visitor,False,False
Nov,2,5,2,3,Returning_Visitor,False,False
Mar,2,2,2,1,Returning_Visitor,False,False
May,1,1,7,2,Returning_Visitor,True,False
Sep,2,5,1,1,Returning_Visitor,False,False
May,2,2,4,3,New_Visitor,False,False
Mar,1,8,1,11,New_Visitor,False,False
Mar,1,2,7,3,Returning_Visitor,False,False
Dec,3,2,6,2,Returning_Visitor,False,False
Mar,2,2,1,2,New_Visitor,False,False
May,2,2,1,4,Returning_Visitor,True,False
Oct,1,1,3,2,Returning_Visitor,False,False
May,3,2,4,4,Returning_Visitor,False,False
Dec,2,2,7,2,New_Visitor,True,False
Nov,3,2,3,3,Returning_Visitor,False,False
Sep,2,2,5,1,New_Visitor,False,False
Mar,3,3,2,10,Returning_Visitor,False,True
Nov,2,2,3,2,Returning_Visitor,True,False
June,3,2,3,6,Returning_Visitor,False,False
Sep,2,2,2,2,New_Visitor,False,False
May,2,2,2,2,Returning_Visitor,False,False
Nov,1,1,2,8,Returning_Visitor,False,True
Aug,2,4,3,4,Returning_Visitor,False,False
Mar,1,1,1,2,Returning_Visitor,False,False
May,2,5,3,6,Returning_Visitor,False,False
Nov,2,2,4,10,Returning_Visitor,False,True
Mar,1,1,6,1,Returning_Visitor,True,False
Dec,2,2,3,2,New_Visitor,False,False
Nov,3,2,7,6,New_Visitor,True,False
May,2,4,1,6,Returning_Visitor,False,False
Nov,1,1,1,4,Returning_Visitor,False,False
Nov,2,2,1,2,Returning_Visitor,False,False
Nov,2,2,3,2,Returning_Visitor,False,True
May,3,2,2,3,Returning_Visitor,False,False
June,2,5,2,2,Returning_Visitor,True,False
Nov,3,2,2,2,Returning_Visitor,False,True
Nov,2,4,3,3,Returning_Visitor,False,False
Dec,3,2,1,13,Returning_Visitor,False,False
Dec,1,2,3,1,Returning_Visitor,False,False
Oct,2,2,1,3,New_Visitor,False,True
Mar,2,2,4,1,Returning_Visitor,False,False
Oct,3,2,2,2,New_Visitor,False,True
Mar,2,2,1,3,Returning_Visitor,False,False
Dec,1,1,4,2,Returning_Visitor,False,False
Dec,1,1,3,1,Returning_Visitor,True,False
Sep,2,2,1,2,Returning_Visitor,False,False
June,1,1,6,4,Returning_Visitor,False,False
May,3,2,1,3,Returning_Visitor,False,False
June,2,2,3,4,Returning_Visitor,False,False
May,2,5,1,1,Returning_Visitor,False,False
Sep,1,1,1,5,New_Visitor,False,False
May,4,2,3,11,Returning_Visitor,False,False
May,2,2,4,4,Returning_Visitor,True,False
Dec,2,2,1,2,Returning_Visitor,False,False
Dec,3,2,4,2,New_Visitor,True,True
Jul,3,2,1,1,Returning_Visitor,False,False
Nov,2,2,1,1,Returning_Visitor,False,True
May,2,2,1,6,Returning_Visitor,False,False
May,3,2,3,1,Returning_Visitor,False,False
Nov,3,2,1,13,Returning_Visitor,True,False
Mar,3,2,1,1,Returning_Visitor,True,False
Nov,1,1,1,2,Returning_Visitor,False,False
Nov,4,1,2,1,Returning_Visitor,True,False
Dec,2,2,3,1,Returning_Visitor,False,False
Nov,2,5,1,2,Returning_Visitor,False,False
Mar,2,2,1,3,Returning_Visitor,False,False
Dec,1,1,4,1,Returning_Visitor,True,False
Aug,2,2,1,1,Returning_Visitor,False,False
May,3,2,3,3,Returning_Visitor,True,False
May,2,2,1,1,Returning_Visitor,True,False
Jul,1,8,7,1,Returning_Visitor,False,False
Mar,4,2,3,1,Returning_Visitor,True,False
May,1,8,8,3,Returning_Visitor,False,False
May,2,2,3,4,Returning_Visitor,False,False
May,2,4,7,6,Returning_Visitor,False,False
May,3,2,6,13,Returning_Visitor,False,False
Nov,2,2,1,2,New_Visitor,False,False
Nov,3,3,1,3,New_Visitor,False,False
Nov,2,2,1,10,Returning_Visitor,True,False
Nov,2,2,1,3,Returning_Visitor,False,False
Dec,2,2,3,2,New_Visitor,False,False
Dec,3,2,3,2,Returning_Visitor,True,False
Dec,2,2,1,3,New_Visitor,False,False
Nov,2,2,9,2,New_Visitor,False,False
May,3,2,1,13,Returning_Visitor,False,False
June,2,2,1,4,Returning_Visitor,True,False
Mar,2,2,1,3,Returning_Visitor,False,False
Jul,2,2,1,3,Returning_Visitor,True,False
Dec,3,2,7,20,Returning_Visitor,False,False
Mar,2,2,9,1,Returning_Visitor,False,False
Feb,2,6,1,2,Returning_Visitor,True,False
Mar,4,1,1,1,Returning_Visitor,False,False
Nov,2,4,3,10,Returning_Visitor,True,False
Mar,2,4,6,3,Returning_Visitor,True,False
Aug,1,1,1,5,Returning_Visitor,True,False
Oct,2,2,1,2,Returning_Visitor,False,True
Mar,3,2,1,1,Returning_Visitor,False,False
Aug,1,1,4,3,Returning_Visitor,True,False
Mar,3,2,4,2,New_Visitor,False,False
Jul,3,2,4,1,Returning_Visitor,False,False
Nov,2,2,3,2,Returning_Visitor,True,True
Nov,2,4,7,2,Returning_Visitor,False,False
Dec,2,2,9,2,Returning_Visitor,False,True
Sep,1,1,3,2,New_Visitor,False,False
Dec,2,2,7,2,Returning_Visitor,True,False
Nov,3,2,1,13,Returning_Visitor,True,True
Nov,2,2,3,2,Returning_Visitor,True,False
Dec,2,2,1,2,New_Visitor,False,False
Nov,1,2,1,2,Returning_Visitor,False,True
May,3,2,3,13,Returning_Visitor,False,False
May,2,2,1,11,Returning_Visitor,False,False
Aug,2,2,6,2,New_Visitor,False,True
Mar,1,1,7,8,Returning_Visitor,False,True
Jul,2,2,7,4,Returning_Visitor,False,False
Nov,2,2,3,2,Returning_Visitor,False,False
Nov,1,1,1,1,Returning_Visitor,False,False
Nov,2,2,8,2,New_Visitor,False,False
Aug,2,2,3,1,Returning_Visitor,True,False
Mar,2,2,1,1,Returning_Visitor,False,False
Mar,2,2,5,1,Returning_Visitor,True,False
Oct,3,2,4,4,New_Visitor,True,False
May,2,4,2,4,Returning_Visitor,False,False
May,2,2,4,6,Returning_Visitor,False,False
May,2,4,3,2,Returning_Visitor,False,False
Nov,3,2,8,1,Returning_Visitor,False,False
May,2,2,7,3,Returning_Visitor,False,False
Mar,2,2,1,2,Returning_Visitor,False,False
Oct,2,2,3,2,Returning_Visitor,False,False
May,2,4,3,3,Returning_Visitor,False,False
Jul,2,2,1,1,Returning_Visitor,False,True
June,2,2,7,1,Returning_Visitor,False,False
Jul,2,4,2,5,New_Visitor,False,True
Nov,8,13,9,20,Other,False,True
May,2,2,3,6,Returning_Visitor,False,False
May,2,2,1,3,Returning_Visitor,False,False
June,2,2,6,1,New_Visitor,False,True
Mar,2,4,7,2,Returning_Visitor,False,False
Mar,1,1,7,1,Returning_Visitor,False,False
Dec,2,2,1,2,New_Visitor,False,False
May,2,2,1,2,Returning_Visitor,False,False
Nov,1,1,6,10,New_Visitor,False,False
May,3,2,3,13,Returning_Visitor,False,False
Nov,1,1,4,2,Returning_Visitor,False,False
May,2,5,6,4,Returning_Visitor,False,False
Mar,1,1,1,3,Returning_Visitor,True,False
Jul,2,2,6,4,Returning_Visitor,False,False
Mar,2,2,3,2,New_Visitor,False,False
Sep,2,2,1,4,Returning_Visitor,False,False
May,2,2,1,4,Returning_Visitor,False,False
Nov,1,1,1,2,New_Visitor,False,False
Mar,1,1,1,10,Returning_Visitor,False,False
May,2,2,1,2,Returning_Visitor,False,False
Mar,2,2,2,10,Returning_Visitor,False,False
Dec,2,2,1,2,Returning_Visitor,False,True
Dec,2,2,4,2,Returning_Visitor,False,False
Dec,2,2,1,2,New_Visitor,False,False
Oct,2,2,5,7,Returning_Visitor,True,False
May,2,5,7,4,Returning_Visitor,False,False
Dec,2,2,9,2,Returning_Visitor,False,False
Jul,2,4,4,1,Returning_Visitor,False,False
Dec,3,2,3,3,Returning_Visitor,False,False
May,3,2,1,13,Returning_Visitor,False,False
May,4,1,1,4,Returning_Visitor,False,False
May,4,1,7,1,Returning_Visitor,False,False
May,2,2,4,1,Returning_Visitor,False,False
Mar,2,2,1,1,Returning_Visitor,False,True
Mar,2,4,1,1,Returning_Visitor,False,False
Mar,2,2,6,3,Returning_Visitor,False,False
May,3,2,8,2,Returning_Visitor,False,False
Sep,3,2,4,2,Returning_Visitor,True,False
May,2,4,1,3,Returning_Visitor,False,False
Sep,2,6,2,1,Returning_Visitor,False,False
Nov,3,2,6,1,Returning_Visitor,False,True
Oct,3,2,1,2,New_Visitor,False,False
Mar,2,2,1,8,Returning_Visitor,False,False
Dec,2,2,7,8,New_Visitor,False,False
Nov,2,4,1,2,Returning_Visitor,False,False
May,1,1,4,3,Returning_Visitor,True,False
June,2,2,2,1,Returning_Visitor,False,False
Aug,3,2,7,6,Returning_Visitor,False,False
May,2,4,2,2,New_Visitor,False,False
Aug,3,2,7,1,Returning_Visitor,False,False
May,1,2,8,6,Returning_Visitor,False,False
Jul,3,2,4,1,Returning_Visitor,False,False
May,1,1,1,3,Returning_Visitor,False,False
Dec,1,1,8,1,Returning_Visitor,True,False
Jul,1,1,3,4,New_Visitor,False,False
Jul,3,2,6,4,Returning_Visitor,False,True
May,2,2,2,2,Returning_Visitor,False,False
Dec,1,1,1,3,Returning_Visitor,False,False
Dec,2,2,5,2,Returning_Visitor,True,False
Dec,2,2,1,1,Returning_Visitor,False,False
May,2,2,1,3,Returning_Visitor,False,False
May,2,5,2,2,New_Visitor,False,True
Mar,3,2,3,3,Returning_Visitor,True,False
Dec,2,2,3,1,Returning_Visitor,False,False
Mar,2,2,7,11,Returning_Visitor,False,False
Oct,2,6,2,1,Returning_Visitor,False,False
Dec,3,2,1,20,Returning_Visitor,False,False
Dec,1,1,3,8,Returning_Visitor,True,False
May,1,1,1,1,Returning_Visitor,False,False
Mar,2,2,1,2,New_Visitor,False,False
Dec,2,2,3,2,Returning_Visitor,False,False
Dec,2,2,3,2,Returning_Visitor,False,True
Jul,2,2,7,1,Returning_Visitor,False,False
Oct,2,2,3,2,Returning_Visitor,False,False
Sep,1,1,3,2,Returning_Visitor,False,False
Feb,2,2,5,1,Returning_Visitor,True,False
Dec,2,2,7,2,Returning_Visitor,True,False
Dec,2,2,1,2,New_Visitor,False,False
Mar,2,2,7,2,Returning_Visitor,False,False
Mar,1,1,4,2,Returning_Visitor,True,False
Nov,2,2,1,3,Returning_Visitor,False,False
June,2,2,1,2,Returning_Visitor,False,True
May,2,2,4,6,Returning_Visitor,False,False
Sep,2,2,5,2,Returning_Visitor,False,False
May,1,1,3,1,Returning_Visitor,False,False
May,3,2,3,11,New_Visitor,False,False
Nov,1,1,2,1,Returning_Visitor,False,False
Nov,3,2,1,3,Returning_Visitor,False,False
Nov,2,2,4,13,Returning_Visitor,False,False
Aug,2,2,6,1,Returning_Visitor,True,False
May,2,5,1,4,Returning_Visitor,False,False
Nov,1,2,1,2,Returning_Visitor,False,True
May,2,2,3,2,Returning_Visitor,False,False
Mar,3,2,6,11,New_Visitor,True,False
May,3,2,1,11,Returning_Visitor,False,False
Aug,1,2,3,2,New_Visitor,True,False
Mar,3,2,1,2,New_Visitor,True,False
Nov,2,2,3,2,Returning_Visitor,False,True
Oct,3,2,3,7,Returning_Visitor,False,False
June,3,2,6,2,Returning_Visitor,False,False
Dec,2,2,1,2,Returning_Visitor,False,False
Dec,2,2,1,10,Returning_Visitor,False,False
Oct,2,2,1,2,New_Visitor,True,False
May,2,4,3,2,Returning_Visitor,False,False
Nov,1,1,1,2,New_Visitor,True,False
Dec,2,2,7,2,Returning_Visitor,False,True
Nov,2,2,1,3,Returning_Visitor,False,False
Dec,2,2,1,2,Returning_Visitor,False,False
Mar,1,1,1,2,Returning_Visitor,True,False
May,4,1,1,5,Returning_Visitor,False,False
May,2,2,1,13,Returning_Visitor,False,False
Nov,3,2,4,2,Returning_Visitor,True,False
Nov,2,2,3,2,Returning_Visitor,False,False
Mar,2,2,1,3,Returning_Visitor,False,False
Nov,2,2,4,2,Returning_Visitor,False,False
May,2,2,1,1,Returning_Visitor,False,False
May,3,2,4,6,New_Visitor,False,False
Sep,2,2,4,1,Returning_Visitor,False,False
Mar,1,1,1,10,Returning_Visitor,False,False
Nov,2,6,5,2,Returning_Visitor,False,False
Nov,3,2,8,2,New_Visitor,True,False
Oct,2,2,8,2,Returning_Visitor,True,False
May,1,1,5,2,New_Visitor,False,True
May,2,2,2,4,Returning_Visitor,False,False
Dec,4,2,1,2,New_Visitor,False,False
Dec,4,2,3,10,Returning_Visitor,True,False
May,3,2,8,1,Returning_Visitor,False,False
Oct,2,2,3,3,New_Visitor,False,False
Jul,2,2,4,13,Returning_Visitor,False,False
May,2,6,2,6,Returning_Visitor,False,False
May,2,2,1,4,Returning_Visitor,False,False
Nov,1,2,2,10,Returning_Visitor,True,False
Aug,3,2,1,2,New_Visitor,False,True
Nov,1,8,3,11,Returning_Visitor,True,True
Dec,1,1,6,2,Returning_Visitor,True,False
Mar,3,2,1,3,New_Visitor,False,False
Nov,2,2,1,2,New_Visitor,True,False
Mar,2,2,1,2,New_Visitor,False,False
Feb,1,1,1,3,Returning_Visitor,False,False
Dec,1,1,1,2,Returning_Visitor,False,False
May,2,2,1,2,Returning_Visitor,True,False
May,3,3,4,2,Returning_Visitor,False,False
Nov,1,1,1,4,New_Visitor,True,False
Feb,1,1,3,2,Returning_Visitor,False,False
Jul,1,1,1,3,Returning_Visitor,False,False
May,2,4,1,3,New_Visitor,False,False
May,1,1,1,4,Returning_Visitor,False,False
Dec,1,2,1,1,Returning_Visitor,False,False
Dec,1,1,3,2,Returning_Visitor,True,False
Dec,2,2,7,2,New_Visitor,False,False
Mar,3,2,4,1,Returning_Visitor,False,False
Nov,2,2,9,2,New_Visitor,False,True
Oct,2,2,1,1,Returning_Visitor,False,False
Dec,3,2,4,2,Returning_Visitor,False,False
Sep,3,2,1,13,Returning_Visitor,True,True
Nov,2,2,1,13,Returning_Visitor,False,False
Mar,2,10,3,3,Returning_Visitor,False,False
May,2,2,9,2,New_Visitor,False,False
Dec,3,2,1,2,Returning_Visitor,False,False
Dec,3,2,7,2,New_Visitor,False,True
Sep,3,7,3,4,Returning_Visitor,False,False
Mar,2,2,1,10,Returning_Visitor,False,False
May,3,2,1,6,Returning_Visitor,False,False
Dec,3,2,1,2,Returning_Visitor,True,False
Nov,2,2,7,11,Returning_Visitor,True,True
Nov,2,2,5,1,Returning_Visitor,False,False
Mar,2,2,1,1,Returning_Visitor,False,False
Nov,3,2,3,2,Returning_Visitor,False,False
Dec,2,2,4,13,Returning_Visitor,False,False
Dec,2,2,1,2,Returning_Visitor,True,False
Dec,3,2,2,3,Returning_Visitor,False,False
May,2,2,1,13,Returning_Visitor,False,False
May,1,1,3,4,Returning_Visitor,False,False
May,2,4,1,1,Returning_Visitor,False,False
May,1,1,1,2,Returning_Visitor,False,False
Mar,3,2,6,1,Returning_Visitor,False,False
Dec,1,1,1,3,New_Visitor,False,False
Nov,2,2,3,2,Returning_Visitor,False,False
Nov,2,2,3,6,Returning_Visitor,False,False
Jul,2,2,9,1,Returning_Visitor,False,False
Oct,2,2,2,2,New_Visitor,False,False
May,2,2,2,2,Returning_Visitor,True,False
Mar,2,2,1,1,Returning_Visitor,False,False
Oct,2,2,2,2,New_Visitor,True,False
Aug,2,2,5,13,Returning_Visitor,False,False
Nov,2,2,1,2,Returning_Visitor,False,False
Oct,1,1,1,2,Returning_Visitor,True,False
Nov,2,4,9,2,Returning_Visitor,False,False
Dec,2,6,4,1,Returning_Visitor,False,False
Feb,2,2,5,4,Returning_Visitor,True,False
May,1,8,3,2,Returning_Visitor,False,False
May,3,2,6,3,Returning_Visitor,False,False
Jul,1,1,1,4,Returning_Visitor,False,False
Dec,2,2,3,13,Returning_Visitor,False,False
May,2,4,4,4,New_Visitor,False,True
May,1,1,2,20,Returning_Visitor,False,False
May,2,10,2,2,Returning_Visitor,False,False
Jul,2,2,9,2,New_Visitor,False,False
June,3,2,1,1,Returning_Visitor,False,False
May,3,2,3,4,Returning_Visitor,True,False
May,2,2,1,2,New_Visitor,False,False
Dec,2,2,2,1,Returning_Visitor,False,False
May,1,1,4,1,Returning_Visitor,False,False
May,2,4,3,2,Returning_Visitor,False,False
Nov,2,5,7,3,Returning_Visitor,True,False
Dec,1,1,3,1,Returning_Visitor,False,False
May,2,4,1,3,Returning_Visitor,False,False
Aug,2,5,3,6,Returning_Visitor,False,False
Nov,2,2,2,1,Returning_Visitor,False,False
May,2,2,1,3,Returning_Visitor,False,False
Jul,2,2,1,2,New_Visitor,False,True
May,2,2,2,6,Returning_Visitor,False,False
Mar,2,2,4,1,Returning_Visitor,False,False
Nov,1,1,1,2,New_Visitor,False,False
Nov,2,2,4,13,Returning_Visitor,False,False
May,2,2,1,3,Returning_Visitor,False,False
May,2,2,7,3,Returning_Visitor,False,False
May,2,6,1,4,Returning_Visitor,False,False
May,3,2,4,1,Returning_Visitor,True,False
Mar,1,1,3,1,Returning_Visitor,False,False
Feb,3,3,3,2,Returning_Visitor,True,False
May,2,2,6,13,Returning_Visitor,False,False
Mar,1,1,8,1,Returning_Visitor,False,False
Sep,3,2,1,4,Returning_Visitor,False,False
May,2,2,2,1,Returning_Visitor,False,False
Dec,2,10,1,3,New_Visitor,False,False
May,2,2,1,4,Returning_Visitor,False,False
Mar,2,2,1,2,Returning_Visitor,False,False
Nov,3,2,3,1,Returning_Visitor,False,False
May,2,2,1,6,Returning_Visitor,True,False
Sep,2,4,3,1,Returning_Visitor,False,False
May,2,2,2,13,Returning_Visitor,False,False
Jul,3,2,8,1,Returning_Visitor,False,False
Dec,2,2,8,2,Returning_Visitor,False,False
Mar,3,2,3,1,Returning_Visitor,False,False
Mar,3,2,4,2,Returning_Visitor,True,False
Nov,2,4,9,2,New_Visitor,False,False
Jul,1,1,1,2,Returning_Visitor,True,True
June,2,2,9,1,Returning_Visitor,False,False
May,4,1,1,3,Returning_Visitor,False,False
Mar,2,2,2,10,Returning_Visitor,False,False
Dec,1,1,4,2,Returning_Visitor,True,False
Mar,3,2,9,3,Returning_Visitor,False,False
Dec,2,4,1,2,Returning_Visitor,False,False
Nov,3,2,1,1,Returning_Visitor,False,False
Jul,3,2,3,13,Returning_Visitor,False,False
Mar,1,1,4,2,New_Visitor,True,False
May,2,2,3,2,Returning_Visitor,False,False
Nov,3,2,3,2,Returning_Visitor,True,True
Nov,3,2,1,13,Returning_Visitor,False,False
Aug,2,7,3,1,Returning_Visitor,False,False
Oct,2,2,1,20,New_Visitor,False,False
Dec,2,2,1,1,Returning_Visitor,False,False
Nov,2,2,1,3,Returning_Visitor,False,False
Aug,2,2,7,13,Returning_Visitor,False,True
May,3,2,1,3,Returning_Visitor,False,False
Oct,2,2,1,3,Returning_Visitor,False,True
Nov,2,2,3,2,Returning_Visitor,True,False
May,1,1,4,4,Returning_Visitor,True,False
May,3,2,4,2,Returning_Visitor,False,False
Nov,3,2,4,3,Returning_Visitor,False,False
Jul,5,11,1,1,Returning_Visitor,False,True
Nov,2,2,1,20,Returning_Visitor,True,True
May,2,2,3,1,Returning_Visitor,False,False
Nov,2,2,1,2,Returning_Visitor,False,False
Aug,2,2,5,1,Returning_Visitor,False,False
Mar,3,2,4,1,Returning_Visitor,False,False
May,1,1,1,6,Returning_Visitor,False,False
May,1,1,1,2,Returning_Visitor,False,False
May,2,2,4,2,Returning_Visitor,False,False
May,2,2,3,3,Returning_Visitor,False,False
Mar,2,2,7,9,Returning_Visitor,True,False
May,3,6,4,6,Returning_Visitor,False,True
Mar,3,2,8,2,Returning_Visitor,False,False
Jul,2,5,3,3,Returning_Visitor,False,False
Mar,1,1,1,3,New_Visitor,True,False
Nov,2,2,7,11,Returning_Visitor,False,True
Sep,2,2,6,3,New_Visitor,False,False
Mar,2,2,1,2,Returning_Visitor,False,False
Mar,2,2,1,2,New_Visitor,False,False
Nov,1,1,1,2,Returning_Visitor,True,False
Dec,2,2,1,2,New_Visitor,False,False
Nov,1,1,1,2,Returning_Visitor,True,False
Jul,2,2,7,1,Returning_Visitor,False,False
Mar,3,2,2,3,Returning_Visitor,False,False
Nov,2,2,1,2,Returning_Visitor,False,False
Mar,3,2,6,1,Returning_Visitor,True,False
May,1,1,4,3,Returning_Visitor,False,False
Mar,2,2,1,1,Returning_Visitor,False,False
Jul,3,2,3,13,Returning_Visitor,False,False
Nov,1,1,3,2,Returning_Visitor,False,False
May,2,2,3,6,Returning_Visitor,False,False
Nov,1,2,1,8,New_Visitor,True,True
Nov,4,2,1,1,Returning_Visitor,False,False
Dec,4,5,1,1,Returning_Visitor,False,True
May,2,2,1,2,Returning_Visitor,False,True
Nov,1,1,4,1,Returning_Visitor,True,False
Mar,3,2,6,1,Returning_Visitor,False,False
Oct,3,2,3,2,New_Visitor,False,False
Dec,2,2,7,2,New_Visitor,False,False
Mar,2,2,7,10,Returning_Visitor,False,False
Dec,2,2,1,2,New_Visitor,False,True
Dec,1,1,1,3,Returning_Visitor,False,False
Dec,3,2,3,1,Returning_Visitor,True,False
May,2,2,6,4,Returning_Visitor,False,False
Mar,2,4,2,2,New_Visitor,False,True
May,2,7,7,4,Returning_Visitor,True,False
May,1,1,8,3,Returning_Visitor,True,False
May,2,5,7,4,Returning_Visitor,True,True
Nov,1,1,1,2,Returning_Visitor,False,False
Mar,2,2,2,1,Returning_Visitor,False,False
Dec,2,2,1,2,New_Visitor,False,False
Nov,1,1,1,2,Returning_Visitor,False,True
Mar,2,4,7,2,Returning_Visitor,False,False
May,2,2,1,4,Returning_Visitor,True,True
Nov,2,2,4,1,Returning_Visitor,False,False
May,1,2,3,2,Returning_Visitor,False,True
Oct,2,2,3,2,Returning_Visitor,False,False
Nov,2,2,1,3,Returning_Visitor,False,True
Dec,2,2,1,2,New_Visitor,False,False
Mar,4,1,2,3,Returning_Visitor,True,False
Dec,3,2,8,2,Returning_Visitor,False,False
Sep,3,2,1,6,Returning_Visitor,False,False
May,1,2,4,2,Returning_Visitor,False,False
Mar,2,5,1,3,Returning_Visitor,True,False
Jul,4,2,7,2,New_Visitor,True,False
Nov,2,2,3,1,Returning_Visitor,False,True
Nov,2,2,1,8,New_Visitor,True,True
Mar,1,1,1,3,Returning_Visitor,False,False
Nov,2,2,5,2,Returning_Visitor,False,False
Nov,3,2,3,2,Returning_Visitor,True,True
Nov,4,1,4,2,Returning_Visitor,False,False
Aug,3,2,1,2,Returning_Visitor,True,False
Oct,1,8,3,3,Returning_Visitor,False,True
Oct,1,1,3,3,Returning_Visitor,False,False
May,3,3,2,2,New_Visitor,False,False
Dec,2,4,4,1,Returning_Visitor,False,False
Nov,3,12,1,1,Returning_Visitor,False,True
Mar,2,5,1,3,Returning_Visitor,False,False
Mar,2,2,2,2,Returning_Visitor,True,False
May,2,2,3,4,Returning_Visitor,False,False
Mar,1,1,6,1,Returning_Visitor,False,False
May,2,2,3,1,Returning_Visitor,False,False
May,2,2,4,4,Returning_Visitor,False,False
Nov,2,2,7,2,Returning_Visitor,False,False
Nov,1,1,3,1,Returning_Visitor,False,False
Sep,3,2,3,4,Returning_Visitor,False,False
Aug,3,2,3,2,New_Visitor,False,True
Nov,4,1,4,3,Returning_Visitor,False,False
May,2,2,4,3,Returning_Visitor,False,False
May,3,2,3,4,Returning_Visitor,True,False
Nov,4,2,4,1,Returning_Visitor,False,False
June,3,2,2,3,Returning_Visitor,False,False
May,1,1,1,4,Returning_Visitor,False,False
Mar,2,2,9,2,New_Visitor,False,False
May,1,1,3,4,Returning_Visitor,False,True
Dec,2,2,3,10,Returning_Visitor,False,False
Nov,2,4,4,2,Returning_Visitor,False,False
May,4,1,3,2,Returning_Visitor,False,False
Jul,2,5,4,1,Returning_Visitor,True,True
Nov,2,4,1,3,Returning_Visitor,False,True
Nov,2,2,1,2,Returning_Visitor,False,False
May,3,2,4,5,Returning_Visitor,False,False
Nov,3,2,1,10,Returning_Visitor,False,False
May,2,2,1,2,Returning_Visitor,False,True
May,2,2,8,2,New_Visitor,False,True
Dec,1,1,1,2,New_Visitor,False,False
Dec,4,2,1,2,Returning_Visitor,False,False
Mar,3,2,1,1,Returning_Visitor,True,False
Mar,3,2,6,3,Returning_Visitor,False,False
Oct,1,1,1,2,Returning_Visitor,False,False
May,2,2,3,1,Returning_Visitor,False,False
Mar,4,2,1,3,Returning_Visitor,False,False
Jul,3,2,1,1,Returning_Visitor,False,False
Dec,1,1,2,1,Returning_Visitor,False,False
Nov,2,2,3,10,Returning_Visitor,False,False
Feb,2,2,2,1,Returning_Visitor,True,False
Mar,2,2,1,3,Returning_Visitor,True,False
Mar,2,2,1,2,Returning_Visitor,True,False
Nov,1,1,3,2,Returning_Visitor,False,False
Nov,3,2,2,3,Returning_Visitor,False,True
June,2,5,1,4,Returning_Visitor,False,False
Jul,2,4,2,2,Returning_Visitor,True,False
May,6,2,2,3,Returning_Visitor,False,False
Dec,2,2,3,2,Returning_Visitor,False,False
Nov,2,2,2,11,Returning_Visitor,True,True
Dec,1,1,1,3,Returning_Visitor,False,False
Jul,2,2,7,13,Returning_Visitor,False,False
Dec,1,2,1,3,Returning_Visitor,False,False
Dec,1,13,9,20,Returning_Visitor,False,False
Nov,1,8,3,11,Returning_Visitor,False,False
Jul,2,2,1,3,New_Visitor,False,False
Aug,3,2,4,4,Returning_Visitor,False,False
Dec,1,1,3,1,Returning_Visitor,False,False
Mar,3,2,7,3,Returning_Visitor,True,False
Sep,3,2,6,13,Returning_Visitor,False,False
Oct,3,2,8,20,Returning_Visitor,False,False
May,2,2,1,4,Returning_Visitor,False,False
Aug,1,1,1,2,Returning_Visitor,False,False
Sep,2,2,1,2,Returning_Visitor,False,False
Mar,2,6,1,3,Returning_Visitor,False,False
May,2,2,3,2,Returning_Visitor,False,False
Nov,2,2,1,2,Returning_Visitor,False,False
Dec,2,2,3,2,Returning_Visitor,False,False
Nov,1,8,1,11,Returning_Visitor,True,True
May,1,1,3,3,Returning_Visitor,False,False
Mar,2,2,3,1,Returning_Visitor,False,False
Mar,3,2,1,3,Returning_Visitor,True,False
Nov,1,1,1,2,Returning_Visitor,False,True
Mar,4,2,2,11,Returning_Visitor,True,True
Mar,2,2,7,1,Returning_Visitor,True,False
Dec,2,2,3,2,Returning_Visitor,False,False
May,2,5,4,6,Returning_Visitor,False,False
Mar,2,4,3,8,Returning_Visitor,True,True
May,2,2,2,3,Returning_Visitor,False,False
May,2,2,3,3,Returning_Visitor,False,False
Dec,3,2,3,6,Returning_Visitor,False,False
Dec,1,1,1,3,Returning_Visitor,False,False
May,1,1,3,3,Returning_Visitor,False,False
Nov,3,1,1,2,Returning_Visitor,True,True
Mar,1,1,4,2,Returning_Visitor,False,False
Dec,2,2,5,2,Returning_Visitor,True,False
May,3,2,4,1,Returning_Visitor,True,False
Nov,2,2,1,2,New_Visitor,False,False
May,3,2,4,1,Returning_Visitor,False,False
Nov,2,4,1,2,Returning_Visitor,False,True
Sep,1,1,6,5,New_Visitor,True,True
Sep,2,2,8,4,Returning_Visitor,False,True
Mar,2,2,7,2,Returning_Visitor,False,False
Mar,1,1,6,1,Returning_Visitor,True,False
Oct,3,2,1,1,Returning_Visitor,False,False
Nov,2,5,4,2,Returning_Visitor,False,True
Nov,2,2,6,2,Returning_Visitor,False,True
Nov,2,2,3,10,Returning_Visitor,False,False
Dec,2,2,4,3,Returning_Visitor,False,False
May,3,2,1,13,Returning_Visitor,False,False
Dec,2,2,1,2,Returning_Visitor,True,False
Nov,2,2,1,2,Returning_Visitor,False,False
Mar,2,4,3,2,Returning_Visitor,True,False
May,3,2,1,2,New_Visitor,False,False
May,2,2,1,4,Returning_Visitor,False,False
Nov,1,1,1,8,New_Visitor,True,True
Mar,2,2,5,2,Returning_Visitor,False,False
Nov,1,1,1,2,New_Visitor,False,False
Nov,3,2,8,13,Other,False,False
Oct,2,4,1,2,Returning_Visitor,True,False
May,3,2,6,13,Returning_Visitor,False,False
Nov,1,1,3,5,New_Visitor,False,True
Dec,1,1,3,2,Returning_Visitor,True,False
Aug,1,8,4,1,Returning_Visitor,False,True
May,2,10,3,4,Returning_Visitor,True,False
Mar,2,4,5,1,Returning_Visitor,False,False
Nov,3,2,1,2,Returning_Visitor,False,False
Dec,2,2,1,2,New_Visitor,False,False
June,3,2,5,4,Returning_Visitor,False,False
May,2,2,3,2,Returning_Visitor,True,False
Oct,1,1,7,5,New_Visitor,False,False
Mar,2,2,1,1,Returning_Visitor,False,False
Dec,2,6,1,3,Returning_Visitor,True,False
Sep,2,2,7,1,Returning_Visitor,False,False
Oct,2,2,1,2,Returning_Visitor,False,False
Nov,3,2,7,3,Returning_Visitor,False,False
Nov,2,2,3,10,Returning_Visitor,True,True
Dec,2,2,3,2,New_Visitor,False,False
Oct,2,2,9,2,Returning_Visitor,True,False
Dec,1,1,4,2,Returning_Visitor,True,False
Nov,1,1,1,2,New_Visitor,False,False
Mar,2,2,3,8,Returning_Visitor,False,False
Nov,2,2,1,2,New_Visitor,False,False
Aug,2,2,1,1,Returning_Visitor,False,False
Mar,3,2,3,1,Returning_Visitor,False,False
Dec,3,2,1,2,Returning_Visitor,False,False
May,2,4,1,5,New_Visitor,False,False
May,1,1,8,2,Returning_Visitor,False,True
Dec,2,2,2,1,Returning_Visitor,False,False
May,2,2,3,4,Returning_Visitor,True,False
Nov,3,2,3,3,Returning_Visitor,False,False
Jul,3,2,1,1,Returning_Visitor,False,False
Mar,2,4,1,1,Returning_Visitor,False,False
Nov,2,2,1,2,Returning_Visitor,False,False
Nov,2,2,1,2,Returning_Visitor,False,True
Nov,2,2,3,3,Returning_Visitor,False,False
May,2,2,1,2,Returning_Visitor,False,False
May,3,2,6,1,Returning_Visitor,False,False
May,2,2,1,2,Returning_Visitor,False,True
May,2,4,3,3,Returning_Visitor,False,False
Nov,1,1,4,3,Returning_Visitor,False,False
May,2,2,4,6,Returning_Visitor,False,False
May,2,2,1,4,Returning_Visitor,False,False
Nov,2,4,1,2,Returning_Visitor,False,True
May,4,2,3,6,Returning_Visitor,False,False
Dec,2,2,3,2,Returning_Visitor,False,False
Dec,2,2,1,2,Returning_Visitor,False,True
May,2,2,1,3,Returning_Visitor,False,False
Mar,1,1,4,2,Returning_Visitor,False,True
Dec,2,4,3,1,Returning_Visitor,False,False
Nov,3,2,6,10,Returning_Visitor,True,False
Mar,1,1,8,3,Returning_Visitor,False,False
Oct,4,1,4,3,Returning_Visitor,True,False
May,1,1,1,3,Returning_Visitor,False,False
Nov,3,2,1,2,Returning_Visitor,True,True
May,1,1,1,6,Returning_Visitor,True,False
Nov,2,5,5,2,New_Visitor,False,False
Nov,2,2,2,2,New_Visitor,False,False
Nov,1,8,8,1,Returning_Visitor,False,True
Mar,2,2,1,1,Returning_Visitor,False,False
May,2,2,3,3,New_Visitor,True,False
Jul,3,2,3,13,Returning_Visitor,True,False
Nov,2,6,1,2,Returning_Visitor,True,False
May,2,4,9,20,Returning_Visitor,False,False
Mar,2,5,1,3,Returning_Visitor,False,False
May,2,4,3,3,Returning_Visitor,False,False
Sep,2,2,1,2,Returning_Visitor,False,True
Oct,2,2,4,4,Returning_Visitor,False,False
Mar,2,2,1,2,Returning_Visitor,False,False
Jul,2,4,8,2,Returning_Visitor,False,True
May,1,1,1,3,Returning_Visitor,False,False
May,2,6,3,3,Returning_Visitor,False,False
May,2,6,1,6,Returning_Visitor,True,False
Dec,2,2,1,2,Returning_Visitor,False,False
Feb,1,1,2,3,Returning_Visitor,False,False
May,3,2,1,3,New_Visitor,False,True
Feb,4,1,1,3,Returning_Visitor,False,False
Dec,2,2,4,3,Returning_Visitor,False,True
Mar,2,4,3,1,Returning_Visitor,False,False
Dec,2,2,1,2,Returning_Visitor,False,False
May,2,4,8,6,Returning_Visitor,False,False
Aug,2,2,1,2,Returning_Visitor,False,False
Mar,2,5,1,1,Returning_Visitor,False,False
May,2,2,1,4,Returning_Visitor,False,False
May,2,2,3,13,Returning_Visitor,False,False
Nov,2,2,1,1,Returning_Visitor,True,True
Jul,1,2,1,2,Returning_Visitor,True,False
Mar,2,4,3,2,Returning_Visitor,False,False
May,2,2,8,3,Returning_Visitor,False,False
May,2,2,9,2,Returning_Visitor,True,False
May,1,1,1,3,Returning_Visitor,False,False
May,2,2,1,1,Returning_Visitor,False,False
May,1,1,4,2,New_Visitor,False,False
June,1,1,1,2,Returning_Visitor,True,False
Mar,2,2,1,3,Returning_Visitor,False,False
Mar,2,4,6,3,Returning_Visitor,False,False
Nov,1,1,1,10,Returning_Visitor,True,True
May,2,2,1,3,Returning_Visitor,False,False
Nov,2,2,1,6,New_Visitor,False,False
Mar,2,2,1,1,Returning_Visitor,False,False
Dec,2,2,8,2,New_Visitor,False,False
May,2,2,2,1,Returning_Visitor,False,False
Mar,3,2,1,3,Returning_Visitor,False,False
Mar,2,2,1,1,Returning_Visitor,False,False
Nov,1,2,1,4,Returning_Visitor,False,False
Dec,2,2,4,13,Returning_Visitor,False,False
Mar,2,2,2,3,Returning_Visitor,False,False
Jul,3,3,3,4,Returning_Visitor,False,False
Aug,2,4,1,1,Returning_Visitor,True,False
Nov,2,2,4,2,Returning_Visitor,False,True
Jul,1,1,1,2,Returning_Visitor,False,False
Dec,3,2,1,2,New_Visitor,False,False
Nov,3,2,6,8,Returning_Visitor,True,False
Nov,3,2,4,2,Returning_Visitor,False,True
May,2,2,1,2,Returning_Visitor,False,True
Mar,2,2,6,1,Returning_Visitor,False,False
May,2,2,4,2,Returning_Visitor,False,False
Dec,1,2,3,10,Returning_Visitor,True,False
May,2,2,2,3,Returning_Visitor,True,False
Oct,2,2,2,2,New_Visitor,False,False
May,2,2,1,2,Returning_Visitor,False,False
May,2,2,2,3,Returning_Visitor,False,False
Oct,1,1,1,2,Returning_Visitor,True,True
May,1,1,1,1,Returning_Visitor,False,False
Dec,1,1,2,8,New_Visitor,True,False
May,3,2,3,2,Returning_Visitor,False,False
Nov,1,1,4,2,Returning_Visitor,False,False
Dec,2,2,9,3,Returning_Visitor,False,False
Nov,3,2,6,2,Returning_Visitor,True,False
Mar,3,2,1,10,Returning_Visitor,True,False
May,3,2,6,13,Returning_Visitor,False,False
Jul,2,4,3,4,Returning_Visitor,False,False
May,3,2,8,2,Returning_Visitor,True,False
Oct,2,4,8,2,New_Visitor,False,False
May,2,2,1,2,Returning_Visitor,True,False
Nov,4,2,3,3,Returning_Visitor,False,False
Dec,1,8,1,6,Returning_Visitor,False,False
Mar,3,2,1,1,Returning_Visitor,False,False
May,2,2,4,1,Returning_Visitor,True,False
May,2,2,1,4,Returning_Visitor,False,False
Sep,3,2,1,13,Returning_Visitor,False,False
May,2,2,3,4,Returning_Visitor,False,True
Nov,2,2,3,2,Returning_Visitor,False,False
Mar,2,4,3,2,Returning_Visitor,True,False
May,1,1,1,3,Returning_Visitor,False,False
June,2,2,1,3,Returning_Visitor,False,False
May,2,2,6,2,New_Visitor,True,True
Nov,1,1,2,4,Returning_Visitor,False,False
May,3,2,3,13,Returning_Visitor,True,False
Sep,2,2,4,13,Returning_Visitor,False,False
May,3,2,1,13,Returning_Visitor,False,False
Dec,2,2,1,2,New_Visitor,False,False
Jul,2,2,3,13,Returning_Visitor,False,False
May,3,2,4,3,Returning_Visitor,False,False
Nov,2,2,2,2,Returning_Visitor,False,True
Jul,2,2,8,6,New_Visitor,False,True
Nov,1,1,1,2,Returning_Visitor,False,False
Jul,2,2,3,3,Returning_Visitor,False,True
Aug,1,1,2,4,Returning_Visitor,False,True
June,1,1,1,3,Returning_Visitor,False,False
May,3,2,1,4,Returning_Visitor,True,False
Nov,2,2,9,8,Returning_Visitor,False,False
Mar,2,2,1,1,Returning_Visitor,False,False
Nov,3,2,1,2,Returning_Visitor,False,False
June,1,2,1,5,Returning_Visitor,False,False
Sep,2,4,1,1,Returning_Visitor,False,False
Nov,2,2,2,3,Returning_Visitor,False,False
May,4,1,8,4,Returning_Visitor,False,False
Mar,3,2,1,3,Returning_Visitor,False,False
Mar,1,1,1,1,Returning_Visitor,False,False
Dec,1,1,3,1,Returning_Visitor,False,False
Nov,2,2,1,3,Returning_Visitor,False,True
May,2,2,1,5,Returning_Visitor,True,False
Mar,2,4,1,3,Returning_Visitor,False,False
Mar,3,2,4,10,Returning_Visitor,False,False
Nov,2,2,5,1,Returning_Visitor,False,False
Dec,3,2,1,1,Returning_Visitor,False,False
May,3,2,1,13,Returning_Visitor,False,False
Dec,2,2,2,3,Returning_Visitor,False,False
Sep,4,1,9,3,Returning_Visitor,True,False
June,2,4,3,1,Returning_Visitor,False,True
Dec,1,1,1,2,Returning_Visitor,False,False
May,2,2,1,2,Returning_Visitor,False,False
Mar,2,5,1,1,Returning_Visitor,False,False
May,2,6,3,2,Returning_Visitor,False,False
Nov,2,5,3,13,Returning_Visitor,True,False
May,1,1,3,2,Returning_Visitor,False,False
May,2,2,5,2,New_Visitor,False,False
Dec,2,2,1,3,Returning_Visitor,False,False
May,1,1,2,3,Returning_Visitor,True,False
Dec,4,1,3,1,Returning_Visitor,True,True
Mar,3,2,2,1,Returning_Visitor,False,False
Mar,3,2,7,9,Returning_Visitor,True,False
May,3,2,4,2,Returning_Visitor,False,False
May,1,1,1,3,Returning_Visitor,False,False
Nov,1,1,7,2,Returning_Visitor,False,True
Sep,3,2,3,4,Returning_Visitor,False,False
Nov,2,2,2,2,Returning_Visitor,False,False
May,3,2,7,2,Returning_Visitor,False,False
Mar,1,1,2,1,Returning_Visitor,False,False
Jul,2,2,7,4,Returning_Visitor,False,False
June,3,2,5,1,Returning_Visitor,False,False
May,2,2,3,1,Returning_Visitor,False,False
Sep,2,2,5,1,Returning_Visitor,False,False
Mar,2,2,5,8,New_Visitor,False,False
Dec,3,2,1,3,Returning_Visitor,False,False
May,3,2,3,13,Returning_Visitor,False,False
Mar,2,2,1,1,Returning_Visitor,False,False
May,2,10,1,1,Returning_Visitor,False,False
Mar,2,2,7,10,Returning_Visitor,False,False
May,3,2,1,1,Returning_Visitor,False,False
Mar,3,2,2,3,Returning_Visitor,False,False
Nov,3,2,1,1,Returning_Visitor,False,False
May,2,4,3,1,Returning_Visitor,False,False
Sep,3,2,3,2,Returning_Visitor,True,True
Mar,1,8,1,1,Returning_Visitor,False,False
Nov,2,2,1,1,Returning_Visitor,True,False
May,2,2,2,4,Returning_Visitor,True,False
Dec,2,2,1,13,Returning_Visitor,False,False
June,2,2,5,2,Returning_Visitor,False,True
Nov,2,1,1,2,Returning_Visitor,False,True
May,2,2,1,19,Returning_Visitor,False,False
Mar,2,2,1,6,Returning_Visitor,True,False
May,2,2,1,2,Returning_Visitor,False,False
May,2,2,7,3,Returning_Visitor,False,False
Nov,2,2,1,2,Returning_Visitor,False,False
May,2,2,1,2,Returning_Visitor,True,False
May,1,1,4,2,New_Visitor,True,False
May,3,2,1,6,Returning_Visitor,False,False
Dec,3,2,2,2,Returning_Visitor,False,False
Nov,3,2,1,13,Returning_Visitor,False,False
May,1,1,3,2,Returning_Visitor,False,False
Mar,1,2,9,2,Returning_Visitor,True,True
May,2,2,1,4,Returning_Visitor,False,False
Dec,2,2,1,2,Returning_Visitor,False,False
May,2,2,4,4,Returning_Visitor,False,False
Nov,3,2,1,11,Returning_Visitor,True,False
May,2,2,5,2,Returning_Visitor,True,False
Nov,2,2,4,1,Returning_Visitor,False,False
Nov,2,2,7,1,Returning_Visitor,False,True
Nov,2,2,1,2,Returning_Visitor,True,False
May,2,4,3,3,Returning_Visitor,False,False
Sep,3,2,4,4,Returning_Visitor,True,False
Nov,2,2,2,10,Returning_Visitor,True,False
Dec,1,1,1,1,Returning_Visitor,True,False
Aug,2,2,1,2,Returning_Visitor,False,False
Dec,4,2,1,2,New_Visitor,True,False
Mar,2,2,2,1,Returning_Visitor,False,False
Mar,2,2,1,2,New_Visitor,True,False
Mar,1,1,3,1,Returning_Visitor,False,False
Mar,2,2,6,1,Returning_Visitor,False,False
Jul,2,2,1,3,Returning_Visitor,False,False
Nov,2,2,1,2,Returning_Visitor,False,False
Aug,2,2,2,1,Returning_Visitor,False,True
Jul,1,1,9,3,Returning_Visitor,False,False
May,3,2,7,13,Returning_Visitor,False,False
Nov,2,2,1,2,New_Visitor,False,False
Mar,3,2,4,1,Returning_Visitor,False,False
May,1,1,1,3,Returning_Visitor,False,False
May,3,2,3,5,Returning_Visitor,False,False
May,3,2,3,13,Returning_Visitor,False,False
Sep,2,2,1,5,New_Visitor,True,True
Sep,2,2,3,3,Returning_Visitor,False,False
Dec,2,2,7,2,Returning_Visitor,False,True
Feb,1,1,1,3,Returning_Visitor,False,False
May,4,1,1,1,Returning_Visitor,False,False
Nov,2,2,2,3,Returning_Visitor,False,False
Mar,2,2,3,1,Returning_Visitor,False,False
May,1,1,2,5,Returning_Visitor,True,False
May,2,4,6,5,New_Visitor,False,False
Mar,3,2,1,8,New_Visitor,True,False
Nov,2,6,1,2,Returning_Visitor,False,False
Mar,2,2,1,1,Returning_Visitor,False,False
May,3,2,2,3,Returning_Visitor,False,False
Mar,3,2,1,3,Returning_Visitor,False,False
Nov,2,2,3,2,Returning_Visitor,True,True
Sep,2,2,9,2,Returning_Visitor,False,True
Nov,3,2,3,2,Returning_Visitor,True,True
Nov,2,2,1,8,New_Visitor,True,True
Dec,2,5,1,1,Returning_Visitor,False,False
Dec,2,2,1,2,Returning_Visitor,False,False
Sep,1,1,1,3,Returning_Visitor,False,False
Jul,3,2,8,20,Returning_Visitor,False,False
Nov,2,2,9,1,Returning_Visitor,False,False
Nov,2,2,4,3,Returning_Visitor,False,False
Mar,2,10,4,3,Returning_Visitor,False,False
Nov,2,10,2,4,Returning_Visitor,True,False
Dec,1,1,2,10,Returning_Visitor,False,False
May,2,5,1,3,Returning_Visitor,False,False
May,1,1,3,1,Returning_Visitor,True,False
Dec,1,1,1,2,Returning_Visitor,False,False
Dec,2,2,6,2,Returning_Visitor,True,False
Dec,3,2,1,3,Returning_Visitor,False,False
May,3,2,1,20,Returning_Visitor,True,False
May,1,1,1,1,Returning_Visitor,False,True
Sep,2,2,3,2,Returning_Visitor,False,False
May,2,2,6,13,Returning_Visitor,False,False
Mar,3,2,2,1,Returning_Visitor,False,False
May,1,1,6,1,Returning_Visitor,False,False
Aug,2,2,2,2,Returning_Visitor,False,False
May,1,1,3,15,Returning_Visitor,False,False
May,2,2,2,2,Returning_Visitor,True,False
Nov,1,1,3,7,Returning_Visitor,False,False
Oct,2,2,2,20,Returning_Visitor,False,True
May,2,2,2,4,Returning_Visitor,False,False
Dec,2,4,7,2,New_Visitor,False,True
May,1,1,1,3,Returning_Visitor,False,False
Dec,2,4,3,8,Returning_Visitor,False,True
May,3,2,2,4,Returning_Visitor,False,False
Nov,2,2,1,2,Returning_Visitor,False,False
Dec,3,2,3,2,Returning_Visitor,False,False
May,3,2,6,11,Returning_Visitor,False,False
May,2,2,2,2,New_Visitor,False,False
Nov,1,1,4,2,New_Visitor,False,False
Dec,3,3,1,3,Returning_Visitor,False,False
Nov,1,1,4,2,Returning_Visitor,True,True
May,2,2,3,1,Returning_Visitor,False,False
Oct,2,2,6,2,Returning_Visitor,False,True
Jul,1,1,4,4,Returning_Visitor,False,False
Oct,1,1,1,3,Returning_Visitor,False,False
Nov,1,8,4,11,Returning_Visitor,False,False
May,1,1,1,2,Returning_Visitor,False,True
May,2,2,1,4,Returning_Visitor,False,False
May,2,5,1,5,New_Visitor,False,False
Mar,2,2,3,2,Returning_Visitor,False,False
May,2,2,6,4,Returning_Visitor,False,False
Dec,2,2,4,3,Returning_Visitor,False,False
Nov,3,2,1,3,Returning_Visitor,False,False
Nov,1,1,1,3,Returning_Visitor,False,False
Aug,2,10,4,3,Returning_Visitor,False,True
May,2,5,3,1,Returning_Visitor,False,False
Nov,2,2,1,2,Returning_Visitor,False,False
Nov,1,1,1,10,Returning_Visitor,True,False
Nov,2,2,1,1,Returning_Visitor,False,False
Dec,1,1,7,2,Returning_Visitor,True,False
Nov,2,2,3,7,Returning_Visitor,False,True
Jul,1,1,1,1,Returning_Visitor,False,False
May,1,2,2,4,Returning_Visitor,False,False
Nov,3,2,2,1,Returning_Visitor,False,False
Nov,1,1,9,3,Returning_Visitor,False,False
May,1,1,5,1,Returning_Visitor,False,False
Nov,1,1,8,2,Returning_Visitor,False,False
Dec,2,4,8,2,Returning_Visitor,False,False
Nov,2,2,1,3,Returning_Visitor,False,True
May,3,2,5,6,Returning_Visitor,False,False
Jul,2,2,1,4,Returning_Visitor,False,True
May,2,2,1,4,Returning_Visitor,True,False
May,2,2,1,5,Returning_Visitor,False,False
June,2,2,6,2,Returning_Visitor,False,False
Mar,2,5,1,8,New_Visitor,False,True
May,3,2,4,4,Returning_Visitor,True,False
Dec,3,2,3,1,Returning_Visitor,True,False
Dec,2,2,6,2,Returning_Visitor,False,False
Dec,1,1,3,2,Returning_Visitor,True,False
Mar,2,2,8,1,Returning_Visitor,False,False
Mar,2,10,1,3,New_Visitor,False,False
May,4,1,2,4,Returning_Visitor,True,True
Nov,2,2,1,2,Returning_Visitor,False,False
Nov,2,2,1,1,Returning_Visitor,False,False
Nov,2,2,4,13,Returning_Visitor,False,False
May,2,2,1,18,Returning_Visitor,False,False
Nov,3,2,5,1,Returning_Visitor,False,False
May,2,2,1,5,New_Visitor,True,False
Nov,1,1,1,1,Returning_Visitor,False,False
May,2,2,1,3,Returning_Visitor,False,False
Nov,1,1,1,3,Returning_Visitor,False,False
Nov,2,2,4,2,New_Visitor,False,False
Nov,2,2,1,3,Returning_Visitor,False,False
Nov,1,1,4,3,Returning_Visitor,False,True
Oct,2,2,7,3,Returning_Visitor,True,False
Jul,2,2,1,1,Returning_Visitor,False,True
Mar,1,1,1,1,Returning_Visitor,True,False
May,1,1,1,3,Returning_Visitor,True,False
Nov,1,1,1,2,Returning_Visitor,False,True
Feb,2,2,8,4,Returning_Visitor,False,False
Sep,3,2,6,1,Returning_Visitor,False,False
Mar,4,1,2,3,Returning_Visitor,True,False
Jul,2,2,5,1,Returning_Visitor,False,False
May,2,4,5,4,Returning_Visitor,True,False
Aug,1,1,1,2,Returning_Visitor,False,False
May,3,2,3,4,Returning_Visitor,True,True
Sep,2,2,9,2,New_Visitor,False,False
Nov,2,2,4,1,Returning_Visitor,False,False
Nov,2,2,1,2,Returning_Visitor,False,False
Dec,1,1,6,1,Returning_Visitor,False,False
Dec,3,2,1,2,Returning_Visitor,True,False
May,3,2,3,18,Returning_Visitor,False,False
June,2,2,3,1,New_Visitor,False,False
Mar,2,2,8,3,Returning_Visitor,False,False
May,2,2,1,3,New_Visitor,False,False
Nov,1,1,4,2,New_Visitor,False,False
May,3,2,2,2,Returning_Visitor,False,False
Aug,1,1,1,3,Returning_Visitor,False,False
Nov,2,4,1,2,Returning_Visitor,False,False
May,2,2,6,2,Returning_Visitor,False,False
Aug,2,2,1,4,Returning_Visitor,True,True
Dec,1,1,8,2,Returning_Visitor,False,False
May,3,2,6,3,Returning_Visitor,False,False
Nov,2,2,4,8,Returning_Visitor,False,False
Nov,3,2,2,2,New_Visitor,True,False
May,3,2,6,13,Returning_Visitor,False,False
May,2,2,4,2,New_Visitor,True,True
June,1,1,6,2,Returning_Visitor,False,False
Nov,3,2,1,1,Other,True,False
May,2,5,4,1,Returning_Visitor,False,False
Mar,2,2,2,1,Returning_Visitor,False,False
May,2,6,8,3,Returning_Visitor,False,False
Dec,2,2,4,10,Returning_Visitor,False,True
Mar,2,4,8,2,Returning_Visitor,False,True
Dec,2,2,4,2,Returning_Visitor,False,False
Mar,2,2,1,1,Returning_Visitor,False,False
May,3,2,3,3,Returning_Visitor,False,False
May,3,3,3,4,Returning_Visitor,False,False
Jul,2,2,7,1,Returning_Visitor,True,False
Nov,1,1,4,2,Returning_Visitor,False,False
Oct,2,2,6,2,New_Visitor,True,True
May,2,2,2,2,Returning_Visitor,False,False
Nov,2,6,1,1,Returning_Visitor,False,False
Dec,2,5,3,6,Returning_Visitor,False,False
Mar,2,2,1,2,Returning_Visitor,False,False
Aug,2,2,3,2,New_Visitor,False,False
Sep,1,1,1,2,Returning_Visitor,True,False
Mar,2,2,1,1,Returning_Visitor,False,True
May,3,2,2,13,Returning_Visitor,False,False
Sep,2,4,3,5,New_Visitor,False,False
Nov,2,2,1,1,Returning_Visitor,False,False
Mar,3,2,4,3,Returning_Visitor,True,False
May,2,6,2,3,Returning_Visitor,False,False
Oct,1,1,1,3,New_Visitor,False,False
May,2,2,3,4,Returning_Visitor,False,False
Mar,2,10,3,1,Returning_Visitor,False,True
Dec,4,1,1,8,New_Visitor,False,False
Nov,2,2,3,20,Returning_Visitor,True,False
May,2,2,1,1,Returning_Visitor,False,False
Nov,1,2,1,8,New_Visitor,True,False
Nov,3,2,3,2,Returning_Visitor,False,False
Nov,1,1,8,8,New_Visitor,False,False
Oct,2,7,3,5,New_Visitor,True,False
Dec,3,2,8,10,Returning_Visitor,True,True
May,2,2,3,13,Returning_Visitor,False,False
Nov,4,2,9,2,Returning_Visitor,False,False
Nov,2,2,2,1,Returning_Visitor,True,False
May,2,2,1,4,New_Visitor,False,False
Nov,3,2,1,2,New_Visitor,True,False
May,2,2,1,13,Returning_Visitor,False,False
Aug,2,2,3,1,Returning_Visitor,False,False
Oct,3,3,6,1,Returning_Visitor,True,False
Nov,2,5,3,20,Returning_Visitor,False,False
May,2,4,1,3,Returning_Visitor,False,False
Jul,2,2,7,1,Returning_Visitor,True,False
Dec,2,2,1,2,Returning_Visitor,True,False
Dec,1,8,3,11,Returning_Visitor,True,False
May,3,2,4,6,Returning_Visitor,False,False
May,1,2,1,1,Returning_Visitor,False,False
May,2,2,1,4,Returning_Visitor,False,True
Sep,2,2,4,13,Returning_Visitor,False,False
Nov,3,2,3,10,Returning_Visitor,False,False
Dec,2,2,3,2,New_Visitor,False,False
Oct,1,8,2,6,New_Visitor,False,False
Mar,2,6,7,1,Returning_Visitor,False,False
May,2,5,3,2,New_Visitor,False,False
May,3,2,3,13,Returning_Visitor,False,False
Sep,3,2,4,1,Returning_Visitor,False,True
May,2,2,3,1,Returning_Visitor,True,False
Dec,2,4,1,10,Returning_Visitor,False,False
Dec,3,2,6,3,Returning_Visitor,False,False
May,2,2,3,1,Returning_Visitor,False,False
Nov,2,2,1,2,Returning_Visitor,True,False
Jul,1,1,2,4,Returning_Visitor,True,False
Mar,2,2,1,10,Returning_Visitor,False,False
Dec,1,1,1,10,Returning_Visitor,True,False
Mar,3,7,1,2,Returning_Visitor,False,True
Dec,1,1,1,1,Returning_Visitor,True,False
May,1,1,1,3,Returning_Visitor,False,False
May,2,2,8,3,Returning_Visitor,False,False
Mar,1,1,4,2,Returning_Visitor,False,False
June,2,4,3,4,New_Visitor,False,False
May,3,2,1,6,New_Visitor,True,False
Dec,3,2,3,2,Returning_Visitor,False,False
Nov,2,2,1,2,Returning_Visitor,False,True
Nov,2,2,4,1,Returning_Visitor,True,False
Dec,2,2,5,1,Returning_Visitor,False,False
Jul,1,1,1,5,New_Visitor,False,False
Mar,2,2,1,1,Returning_Visitor,False,False
May,2,2,6,4,Returning_Visitor,True,False
May,2,2,8,3,Returning_Visitor,False,False
Jul,2,2,3,1,Returning_Visitor,True,True
Sep,1,1,1,5,New_Visitor,False,True
Nov,2,2,6,1,Returning_Visitor,False,False
Oct,2,2,3,2,Returning_Visitor,True,False
Mar,1,1,4,3,Returning_Visitor,False,False
Nov,1,8,1,11,Returning_Visitor,False,True
Mar,1,1,1,3,Returning_Visitor,False,False
Aug,2,2,3,2,Returning_Visitor,False,False
Nov,2,2,1,11,Returning_Visitor,True,False
Dec,1,1,7,2,New_Visitor,True,False
Sep,2,2,2,4,New_Visitor,False,True
Nov,2,4,1,3,Returning_Visitor,False,False
Mar,2,2,3,2,Returning_Visitor,False,False
Nov,1,1,9,3,Returning_Visitor,False,False
Dec,2,2,1,8,New_Visitor,True,False
Dec,2,2,4,1,Returning_Visitor,False,False
Nov,2,2,7,2,Returning_Visitor,False,False
May,2,2,3,2,Returning_Visitor,True,False
Mar,2,2,1,1,Returning_Visitor,False,False
May,1,1,1,1,Returning_Visitor,False,False
Dec,2,2,3,11,Returning_Visitor,False,False
May,2,2,1,4,Returning_Visitor,False,False
Aug,2,2,4,13,Returning_Visitor,False,False
Sep,2,2,1,1,Returning_Visitor,True,True
Aug,2,2,1,2,New_Visitor,True,False
Nov,1,1,3,2,Returning_Visitor,False,False
Dec,2,2,3,2,Returning_Visitor,False,True
Sep,3,2,1,1,Returning_Visitor,False,False
Feb,1,1,1,3,Returning_Visitor,False,False
Mar,2,2,3,2,Returning_Visitor,False,False
May,2,2,3,4,Returning_Visitor,False,False
May,3,2,1,13,Returning_Visitor,False,False
May,2,2,2,6,Returning_Visitor,True,True
Nov,1,1,8,3,Returning_Visitor,False,False
May,1,1,1,11,Returning_Visitor,False,False
May,2,4,2,3,Returning_Visitor,True,False
Mar,3,2,6,1,Returning_Visitor,False,False
Jul,4,1,3,1,Returning_Visitor,False,False
Nov,2,2,1,1,Returning_Visitor,False,False
Nov,2,2,4,10,Returning_Visitor,False,False
Nov,2,2,2,1,Returning_Visitor,False,False
Mar,2,2,1,3,Returning_Visitor,False,False
May,3,2,1,3,Returning_Visitor,False,False
Jul,2,2,1,1,Returning_Visitor,False,False
Nov,2,2,1,11,Returning_Visitor,False,False
Nov,2,2,1,1,Returning_Visitor,False,False
Nov,3,2,1,8,Returning_Visitor,False,True
Jul,1,1,1,3,Returning_Visitor,False,False
Dec,6,5,1,1,Returning_Visitor,False,False
Nov,2,2,1,2,Returning_Visitor,True,False
May,3,2,3,2,Returning_Visitor,False,False
Nov,3,2,4,2,Returning_Visitor,False,False
May,3,2,2,3,Returning_Visitor,False,False
May,2,5,2,1,Returning_Visitor,False,False
Dec,2,2,8,2,New_Visitor,True,False
Oct,3,2,1,1,Returning_Visitor,False,True
Mar,2,5,7,1,Returning_Visitor,False,False
Aug,2,2,3,13,Returning_Visitor,False,False
Dec,1,8,5,11,Returning_Visitor,False,False
Nov,2,2,3,3,Returning_Visitor,True,False
Mar,2,2,6,2,Returning_Visitor,False,False
Nov,2,2,4,8,Returning_Visitor,False,False
May,2,2,6,1,Returning_Visitor,False,False
Dec,3,2,3,2,New_Visitor,False,False
Dec,2,5,1,1,Returning_Visitor,False,False
Aug,2,2,3,3,Returning_Visitor,False,False
May,3,2,2,3,Returning_Visitor,False,False
Feb,3,2,7,4,Returning_Visitor,True,False
Sep,3,2,6,13,Returning_Visitor,False,False
Nov,2,2,1,2,Returning_Visitor,False,True
May,2,2,3,3,Returning_Visitor,False,False
Nov,2,2,4,2,Returning_Visitor,False,False
Sep,3,2,8,4,Returning_Visitor,True,False
May,2,2,7,13,Returning_Visitor,False,False
June,1,1,7,3,Returning_Visitor,False,False
Sep,2,2,1,1,Returning_Visitor,False,False
May,1,1,4,4,Returning_Visitor,False,False
Nov,1,1,6,3,New_Visitor,False,False
May,2,2,4,2,New_Visitor,True,False
May,2,2,2,11,Returning_Visitor,False,False
May,2,2,7,2,Returning_Visitor,False,False
Nov,2,2,1,2,Returning_Visitor,False,False
Nov,1,1,6,10,Returning_Visitor,True,True
May,2,2,4,3,Returning_Visitor,False,False
Aug,2,2,2,1,Returning_Visitor,True,False
May,2,2,1,6,Returning_Visitor,False,False
Nov,4,2,2,10,Returning_Visitor,False,False
May,2,4,1,2,Returning_Visitor,False,False
Nov,1,1,1,3,Returning_Visitor,False,False
Dec,8,2,7,2,Returning_Visitor,False,False
May,2,2,3,1,Returning_Visitor,False,False
Mar,1,1,3,1,Returning_Visitor,False,False
June,2,2,8,1,Returning_Visitor,False,False
Aug,1,1,1,6,Returning_Visitor,False,False
Dec,4,5,1,8,New_Visitor,True,True
Nov,1,1,4,1,Returning_Visitor,True,False
May,2,2,1,2,Returning_Visitor,False,False
Nov,2,2,9,8,Returning_Visitor,False,True
Oct,2,2,3,20,Returning_Visitor,False,False
Mar,2,5,1,3,Returning_Visitor,True,False
Sep,5,11,4,1,Returning_Visitor,False,False
Nov,2,4,1,6,Returning_Visitor,False,False
Mar,2,2,9,8,Returning_Visitor,False,False
Nov,3,2,1,2,Returning_Visitor,False,True
Dec,2,4,7,20,Returning_Visitor,False,False
May,2,5,2,2,Returning_Visitor,False,False
Mar,3,2,1,2,Returning_Visitor,False,False
Nov,2,2,9,2,New_Visitor,False,False
May,2,5,3,3,Returning_Visitor,False,False
Nov,1,1,4,15,Returning_Visitor,False,False
May,1,1,4,3,Returning_Visitor,False,False
May,2,2,1,2,Returning_Visitor,False,False
Aug,2,10,1,1,Returning_Visitor,False,False
Nov,2,2,1,2,Returning_Visitor,True,False
Mar,2,2,6,3,Returning_Visitor,False,False
May,2,2,1,4,Returning_Visitor,False,False
Nov,2,2,9,8,New_Visitor,True,False
Nov,2,5,4,2,Returning_Visitor,False,False
June,4,1,1,3,Returning_Visitor,False,False
Dec,3,2,7,2,Returning_Visitor,False,False
Mar,1,2,1,8,Returning_Visitor,False,False
Nov,3,2,1,2,Returning_Visitor,False,False
Dec,3,2,3,10,New_Visitor,False,False
Nov,1,1,4,2,New_Visitor,False,True
Mar,3,2,1,1,Returning_Visitor,False,False
Mar,3,2,1,3,Returning_Visitor,False,False
Sep,2,2,6,2,Returning_Visitor,False,False
June,3,2,2,13,Returning_Visitor,True,False
Jul,2,10,3,3,Returning_Visitor,False,False
May,2,2,1,4,Returning_Visitor,False,False
Dec,1,1,8,10,Returning_Visitor,False,False
Nov,3,2,2,11,Returning_Visitor,True,False
Mar,1,2,3,8,New_Visitor,True,False
Sep,2,4,7,1,Returning_Visitor,False,False
May,3,2,1,2,Returning_Visitor,True,False
May,2,2,1,4,Returning_Visitor,False,False
Dec,2,2,4,2,Returning_Visitor,False,False
Nov,1,1,1,10,Returning_Visitor,False,True
Nov,2,10,7,2,Returning_Visitor,False,True
May,3,2,6,13,Returning_Visitor,False,False
Dec,2,4,1,2,Returning_Visitor,False,False
Nov,2,2,1,13,Returning_Visitor,False,False
May,2,2,1,13,Returning_Visitor,False,False
Nov,4,2,3,20,Returning_Visitor,False,False
May,3,3,1,4,Returning_Visitor,False,False
Mar,2,2,3,2,Returning_Visitor,False,False
Mar,2,2,2,3,Returning_Visitor,False,False
Sep,2,2,2,1,Returning_Visitor,False,False
Feb,2,5,1,3,Returning_Visitor,False,False
May,2,2,1,3,Returning_Visitor,False,False
Nov,4,1,6,2,Returning_Visitor,False,False
May,2,2,1,6,Returning_Visitor,False,True
May,1,1,3,7,Returning_Visitor,True,False
Mar,3,2,2,2,Returning_Visitor,False,False
Dec,3,2,9,1,Returning_Visitor,False,False
May,2,2,3,4,Returning_Visitor,False,False
Nov,2,2,1,1,Returning_Visitor,False,False
May,3,2,3,13,Returning_Visitor,True,False
Mar,2,2,3,1,Returning_Visitor,False,False
Mar,3,2,1,8,New_Visitor,True,False
Feb,3,2,3,4,Returning_Visitor,False,False
Aug,3,2,9,5,Returning_Visitor,False,False
Nov,2,6,2,11,Returning_Visitor,True,False
Nov,2,2,6,1,Returning_Visitor,False,True
May,3,2,4,4,Returning_Visitor,False,False
May,4,1,3,4,Returning_Visitor,True,False
Nov,2,2,1,10,Returning_Visitor,False,False
May,3,3,8,4,Returning_Visitor,True,False
Mar,3,2,6,1,Returning_Visitor,False,False
Nov,1,2,5,2,Returning_Visitor,False,False
May,2,2,3,2,Returning_Visitor,True,False
Mar,3,2,3,8,New_Visitor,True,False
Jul,2,4,1,2,Returning_Visitor,False,False
May,3,3,1,2,Returning_Visitor,False,False
Nov,3,2,1,10,Returning_Visitor,False,False
May,2,2,3,13,New_Visitor,False,False
Mar,2,5,1,1,Returning_Visitor,False,False
Nov,2,2,2,2,Returning_Visitor,True,True
May,3,2,4,3,Returning_Visitor,False,False
Mar,1,1,3,1,Returning_Visitor,False,True
May,2,2,2,4,Returning_Visitor,False,False
Nov,2,2,1,8,Returning_Visitor,False,False
Mar,3,2,3,2,Returning_Visitor,False,False
May,1,1,3,4,New_Visitor,True,False
May,3,2,2,11,Returning_Visitor,True,False
Mar,3,2,5,2,Returning_Visitor,False,False
Sep,1,1,3,2,Returning_Visitor,False,True
Nov,4,5,9,11,New_Visitor,False,False
May,2,6,1,2,Returning_Visitor,False,False
Nov,2,4,1,3,Returning_Visitor,False,False
May,2,2,3,1,Returning_Visitor,False,True
Dec,2,2,4,1,Returning_Visitor,False,False
Nov,3,2,1,1,Returning_Visitor,False,True
May,3,2,6,13,Returning_Visitor,False,False
Dec,2,7,9,10,Returning_Visitor,True,False
May,3,2,3,4,Returning_Visitor,True,False
Nov,3,2,1,13,Returning_Visitor,True,False
May,6,2,2,2,Returning_Visitor,False,False
Nov,2,2,1,2,Returning_Visitor,True,False
May,3,3,5,2,Returning_Visitor,False,False
Nov,3,2,5,20,Returning_Visitor,False,False
May,2,2,6,2,Returning_Visitor,False,False
Oct,2,2,7,1,Returning_Visitor,False,False
May,2,10,3,1,Returning_Visitor,False,False
May,2,2,3,11,Returning_Visitor,True,False
Dec,3,2,1,1,Returning_Visitor,True,False
May,2,2,1,1,Returning_Visitor,False,False
Mar,2,2,3,2,Returning_Visitor,True,False
Nov,2,2,7,13,Returning_Visitor,False,False
Aug,2,2,7,1,Returning_Visitor,False,False
Nov,1,1,4,2,Returning_Visitor,False,True
May,2,2,2,4,Returning_Visitor,False,False
Aug,2,4,9,4,Returning_Visitor,False,False
Mar,2,2,8,2,Returning_Visitor,False,False
May,3,2,4,13,Returning_Visitor,False,False
Nov,1,1,1,3,Returning_Visitor,False,False
Nov,2,2,2,11,Returning_Visitor,False,False
Dec,8,13,9,20,Other,False,True
Dec,2,5,6,3,Returning_Visitor,False,False
Oct,2,2,1,2,Returning_Visitor,False,False
Nov,3,2,3,13,Returning_Visitor,False,False
May,2,2,7,3,Returning_Visitor,False,False
Dec,3,2,9,1,Returning_Visitor,True,False
Mar,2,5,5,1,Returning_Visitor,False,False
Dec,2,2,1,1,Returning_Visitor,False,False
Mar,2,2,7,2,Returning_Visitor,False,True
Aug,2,2,1,3,Returning_Visitor,False,False
May,1,1,8,2,Returning_Visitor,False,False
Aug,2,2,1,4,Returning_Visitor,False,True
Jul,2,4,1,4,Returning_Visitor,True,False
Nov,2,2,6,2,New_Visitor,True,True
Sep,2,2,4,1,Returning_Visitor,False,False
Nov,2,2,7,2,Returning_Visitor,False,False
Nov,2,2,3,2,New_Visitor,False,True
Dec,2,2,2,10,Returning_Visitor,False,False
Mar,3,2,1,1,Returning_Visitor,False,False
May,3,2,1,1,Returning_Visitor,False,False
Nov,2,2,1,2,Returning_Visitor,True,True
Mar,2,2,7,2,Returning_Visitor,False,True
Nov,2,2,1,2,New_Visitor,False,False
May,2,2,1,1,Returning_Visitor,False,False
Dec,1,5,1,2,New_Visitor,False,False
May,2,2,8,3,Returning_Visitor,False,False
Jul,3,2,1,1,Returning_Visitor,False,True
Nov,1,1,4,2,Returning_Visitor,True,False
May,2,2,4,3,Returning_Visitor,False,False
May,2,2,2,13,Returning_Visitor,False,False
Mar,3,2,1,1,Returning_Visitor,False,False
Dec,2,4,9,1,Returning_Visitor,True,False
Nov,1,1,1,10,Returning_Visitor,True,False
Nov,1,1,7,5,New_Visitor,False,True
Oct,3,2,1,3,Returning_Visitor,False,False
May,1,1,1,2,Returning_Visitor,True,False
Nov,2,2,1,3,Returning_Visitor,False,False
Mar,2,2,2,1,Returning_Visitor,False,False
Nov,2,2,1,3,Returning_Visitor,False,True
Nov,2,2,1,1,Returning_Visitor,False,True
Jul,2,2,3,3,Returning_Visitor,False,False
Dec,2,2,4,2,Returning_Visitor,False,False
May,1,1,3,3,New_Visitor,False,False
Nov,3,2,2,13,Returning_Visitor,False,False
Mar,1,1,1,2,New_Visitor,False,False
Dec,3,2,6,8,New_Visitor,False,False
Aug,2,6,3,5,New_Visitor,False,False
Nov,2,5,9,10,Returning_Visitor,True,False
Mar,2,2,1,8,Returning_Visitor,True,False
Mar,2,2,3,2,Returning_Visitor,False,True
Mar,2,2,3,10,Returning_Visitor,False,False
Dec,3,3,4,8,New_Visitor,False,False
Mar,2,2,3,2,New_Visitor,False,False
May,3,2,1,3,Returning_Visitor,False,False
Dec,2,5,4,2,Returning_Visitor,False,False
Nov,2,2,4,2,Returning_Visitor,True,False
Dec,4,1,7,1,Returning_Visitor,True,False
Oct,1,1,3,2,Returning_Visitor,True,False
May,2,2,6,3,Returning_Visitor,False,False
May,2,2,4,3,New_Visitor,False,False
Mar,2,6,1,2,Returning_Visitor,False,False
Mar,2,2,2,13,Returning_Visitor,True,False
Nov,3,2,6,13,Returning_Visitor,False,False
May,2,2,1,6,Returning_Visitor,False,False
Nov,3,2,3,3,Returning_Visitor,False,True
May,2,2,2,4,Returning_Visitor,True,False
Sep,2,5,3,2,New_Visitor,True,False
May,3,2,3,3,Returning_Visitor,False,False
Mar,2,4,1,3,Returning_Visitor,False,False
May,1,1,8,2,Returning_Visitor,True,True
Dec,2,2,1,1,Returning_Visitor,False,False
Nov,2,2,1,3,Returning_Visitor,False,True
May,3,2,5,6,Returning_Visitor,False,False
May,2,2,3,2,Returning_Visitor,False,False
May,3,2,6,4,Returning_Visitor,True,False
May,3,2,1,3,Returning_Visitor,True,True
Nov,2,2,7,20,Returning_Visitor,False,False
Nov,2,2,1,3,Returning_Visitor,False,False
Mar,2,2,1,8,New_Visitor,False,False
May,3,3,3,2,Returning_Visitor,False,False
Nov,2,2,4,1,Returning_Visitor,False,True
Mar,3,2,1,1,Returning_Visitor,False,False
Dec,2,5,3,1,Returning_Visitor,False,False
Nov,2,2,1,2,Returning_Visitor,False,False
Oct,2,2,1,3,Returning_Visitor,True,False
Jul,1,1,8,1,Returning_Visitor,True,False
Jul,3,2,3,13,Returning_Visitor,False,False
Dec,2,2,3,1,Returning_Visitor,False,False
Feb,3,2,3,3,Returning_Visitor,False,False
Aug,2,2,1,1,Returning_Visitor,False,True
June,1,1,1,5,New_Visitor,True,False
Dec,2,2,3,3,Returning_Visitor,False,False
May,6,2,9,2,New_Visitor,False,True
Nov,2,2,7,2,Returning_Visitor,False,True
May,1,1,1,4,New_Visitor,False,False
Feb,2,4,1,5,Returning_Visitor,False,False
Mar,3,2,7,1,Returning_Visitor,False,False
Dec,2,2,1,1,Returning_Visitor,False,False
Mar,1,1,1,3,Returning_Visitor,False,False
Dec,2,2,1,1,Returning_Visitor,False,False
Mar,4,1,3,1,Returning_Visitor,False,False
Jul,1,2,2,1,Returning_Visitor,False,False
Feb,3,2,1,3,Returning_Visitor,False,False
May,3,2,2,6,Returning_Visitor,False,True
Dec,2,2,1,1,Returning_Visitor,True,False
May,2,5,2,2,Returning_Visitor,False,False
May,4,2,4,2,Returning_Visitor,False,True
May,2,4,9,3,Returning_Visitor,False,False
May,2,2,2,1,Returning_Visitor,False,False
Nov,1,2,8,2,Returning_Visitor,False,False
Mar,3,2,1,9,Returning_Visitor,True,False
Oct,2,2,1,20,Returning_Visitor,False,True
Oct,1,1,1,1,Returning_Visitor,False,False
Mar,2,2,3,1,Returning_Visitor,False,False
Jul,2,2,1,1,Returning_Visitor,False,False
Nov,2,2,2,2,Returning_Visitor,False,True
Mar,2,2,3,1,Returning_Visitor,False,False
May,3,2,8,13,Returning_Visitor,False,False
Mar,1,1,3,1,Returning_Visitor,False,False
Oct,2,2,6,2,New_Visitor,True,False
May,2,2,2,6,Returning_Visitor,False,False
May,3,2,1,3,Returning_Visitor,False,False
Feb,2,2,1,1,Returning_Visitor,False,False
Dec,2,2,6,1,Returning_Visitor,True,False
May,3,2,3,15,Returning_Visitor,False,False
Mar,1,1,1,1,Returning_Visitor,False,False
June,3,2,1,13,Returning_Visitor,False,False
Dec,2,5,4,2,New_Visitor,True,False
Dec,1,2,3,2,New_Visitor,True,False
Sep,2,6,1,3,Returning_Visitor,False,False
Mar,2,2,1,1,Returning_Visitor,False,False
Nov,4,1,9,8,Returning_Visitor,True,True
May,1,1,1,4,Returning_Visitor,True,False
Nov,2,2,7,3,Returning_Visitor,False,True
Nov,1,1,3,3,Returning_Visitor,False,False
Nov,1,1,2,8,New_Visitor,True,True
Nov,2,2,1,2,Returning_Visitor,False,False
Dec,3,2,3,2,Returning_Visitor,False,False
Nov,3,2,1,2,Returning_Visitor,False,True
May,2,2,1,2,Returning_Visitor,True,False
Nov,1,1,2,4,Returning_Visitor,True,False
Oct,2,2,3,4,Returning_Visitor,False,False
Oct,1,1,3,1,Returning_Visitor,False,False
Aug,4,2,1,2,Returning_Visitor,False,True
May,4,2,1,6,Returning_Visitor,False,False
Mar,2,2,9,1,Returning_Visitor,False,False
Oct,2,5,9,13,Returning_Visitor,True,False
Dec,3,2,3,1,Returning_Visitor,False,False
Dec,1,1,3,1,Returning_Visitor,False,False
Sep,2,2,4,13,Returning_Visitor,False,True
Dec,1,1,4,2,New_Visitor,False,True
Dec,2,2,1,2,Returning_Visitor,True,False
Oct,2,2,1,13,Returning_Visitor,False,False
June,4,2,1,13,Returning_Visitor,False,False
Sep,3,2,1,13,Returning_Visitor,True,False
Dec,2,2,1,1,Returning_Visitor,False,False
Dec,2,5,1,2,New_Visitor,True,True
May,2,2,3,2,Returning_Visitor,False,False
Dec,8,1,3,2,Returning_Visitor,True,False
Mar,2,5,1,3,Returning_Visitor,False,False
Nov,2,2,1,11,Returning_Visitor,False,False
Dec,2,2,2,1,Returning_Visitor,False,True
Nov,3,2,1,2,Returning_Visitor,True,False
Jul,2,6,2,7,Returning_Visitor,False,False
Dec,2,2,1,2,Returning_Visitor,False,False
Nov,3,2,3,11,Returning_Visitor,False,False
May,2,2,3,2,Returning_Visitor,False,False
Dec,1,1,7,2,Returning_Visitor,False,False
Nov,2,2,1,1,Returning_Visitor,False,False
Mar,2,2,1,10,Returning_Visitor,False,False
Mar,2,5,2,1,Returning_Visitor,False,False
Nov,2,2,2,6,Returning_Visitor,True,False
Nov,2,2,1,2,Returning_Visitor,False,False
Jul,2,2,1,3,Returning_Visitor,False,False
May,2,2,1,1,Returning_Visitor,False,False
Nov,3,2,3,2,New_Visitor,True,True
Nov,2,2,2,6,Returning_Visitor,False,True
Dec,6,2,4,1,Returning_Visitor,False,False
May,3,2,1,3,Returning_Visitor,False,False
Nov,1,1,3,10,Returning_Visitor,True,False
Oct,1,2,3,2,New_Visitor,False,False
Mar,1,1,1,1,Returning_Visitor,False,False
June,1,1,4,4,Returning_Visitor,False,False
May,3,2,1,4,Returning_Visitor,False,True
Nov,1,1,1,1,Returning_Visitor,False,False
Mar,2,4,1,1,Returning_Visitor,True,False
Dec,3,2,3,2,New_Visitor,False,True
May,2,2,1,4,New_Visitor,False,False
Dec,3,2,3,2,New_Visitor,False,False
Nov,2,2,5,2,New_Visitor,True,False
Nov,4,2,2,4,Returning_Visitor,False,False
Oct,2,2,9,4,Returning_Visitor,False,False
May,1,1,3,4,Returning_Visitor,True,False
Aug,3,2,3,4,Returning_Visitor,True,False
May,2,2,1,2,New_Visitor,True,True
May,2,2,1,1,Returning_Visitor,False,False
Mar,3,2,1,3,Returning_Visitor,True,False
Mar,2,2,7,2,New_Visitor,False,False
Dec,3,2,1,2,Returning_Visitor,False,False
May,2,2,1,4,Returning_Visitor,False,False
Oct,2,5,1,2,New_Visitor,False,True
Nov,1,1,1,20,Returning_Visitor,False,False
Oct,2,10,1,3,Returning_Visitor,False,False
June,2,2,2,3,Returning_Visitor,False,False
May,3,2,2,13,Returning_Visitor,False,False
Nov,3,3,1,10,Returning_Visitor,False,False
May,3,2,3,11,Returning_Visitor,True,False
May,3,2,4,2,New_Visitor,False,True
May,2,2,6,2,New_Visitor,True,True
Aug,2,5,1,3,Returning_Visitor,False,False
Dec,2,2,1,6,Returning_Visitor,False,False
Dec,2,2,4,2,Returning_Visitor,False,False
Nov,4,1,1,3,Returning_Visitor,False,False
Dec,2,2,1,13,Returning_Visitor,False,False
May,3,2,1,2,Returning_Visitor,True,False
Nov,2,2,4,2,Returning_Visitor,False,False
Aug,2,2,1,4,New_Visitor,False,False
May,1,1,5,3,Returning_Visitor,False,False
Nov,2,2,1,1,Returning_Visitor,True,True
May,2,4,1,2,Returning_Visitor,False,False
Dec,1,1,4,3,Returning_Visitor,False,False
Nov,3,2,8,2,New_Visitor,False,False
Nov,2,2,2,10,Returning_Visitor,False,True
Mar,2,5,4,2,Returning_Visitor,True,False
Oct,2,2,9,3,Returning_Visitor,False,True
Dec,2,2,4,8,New_Visitor,False,False
Nov,1,1,3,2,Returning_Visitor,False,False
Mar,2,2,3,2,Returning_Visitor,False,False
Nov,3,2,1,10,Returning_Visitor,False,False
Jul,2,2,1,3,Returning_Visitor,False,False
June,2,2,1,1,Returning_Visitor,False,False
May,2,2,3,1,Returning_Visitor,False,False
Feb,2,2,1,2,Returning_Visitor,False,False
May,2,2,2,4,Returning_Visitor,True,False
May,3,2,2,13,Returning_Visitor,False,False
Mar,3,2,1,1,Returning_Visitor,False,False
Nov,2,2,3,1,Returning_Visitor,True,False
Nov,1,1,1,15,Returning_Visitor,False,False
Dec,2,2,3,1,Returning_Visitor,False,False
Mar,2,2,7,2,Returning_Visitor,False,True
Nov,2,6,6,13,Returning_Visitor,True,False
Nov,2,4,1,3,New_Visitor,False,True
Dec,4,2,3,2,Returning_Visitor,False,False
May,2,2,1,3,Returning_Visitor,False,False
Mar,1,1,1,2,Returning_Visitor,False,False
Nov,4,1,1,3,Returning_Visitor,False,False
May,1,8,1,4,Returning_Visitor,False,False
May,2,4,8,4,New_Visitor,False,True
Sep,2,4,1,2,Returning_Visitor,False,False
Nov,3,2,2,13,Returning_Visitor,False,False
Oct,2,2,2,13,Returning_Visitor,False,False
Nov,1,1,1,2,New_Visitor,True,False
Nov,3,2,1,13,Returning_Visitor,False,False
Mar,1,1,3,3,Returning_Visitor,False,False
Nov,3,2,3,2,Returning_Visitor,False,True
Dec,3,2,3,1,Returning_Visitor,True,False
Mar,2,2,2,3,Returning_Visitor,False,False
Feb,2,5,1,3,Returning_Visitor,False,False
May,1,1,1,4,Returning_Visitor,True,False
Mar,2,2,7,2,New_Visitor,False,False
Nov,3,2,1,2,Returning_Visitor,False,True
Oct,1,1,1,4,Returning_Visitor,False,True
Dec,4,1,6,2,Returning_Visitor,False,False
Nov,2,2,7,2,Returning_Visitor,False,False
May,2,2,3,2,Returning_Visitor,False,False
May,3,2,6,4,Returning_Visitor,True,False
May,2,5,1,1,Returning_Visitor,False,False
Nov,1,1,1,8,New_Visitor,False,False
Nov,3,2,6,1,Returning_Visitor,False,False
Mar,2,2,7,2,Returning_Visitor,True,True
May,2,5,8,4,Returning_Visitor,False,False
Nov,2,2,3,2,Returning_Visitor,False,False
May,2,2,7,1,Returning_Visitor,False,False
Jul,2,2,2,1,Returning_Visitor,True,True
Nov,2,4,8,2,Returning_Visitor,False,False
May,1,1,6,2,Returning_Visitor,True,False
Nov,3,2,1,13,Returning_Visitor,False,False
Oct,3,2,2,2,Returning_Visitor,False,True
Mar,3,2,3,3,Returning_Visitor,False,False
May,2,4,3,4,Returning_Visitor,False,False
May,3,2,4,2,Returning_Visitor,False,False
Jul,2,5,6,1,Returning_Visitor,False,False
Nov,2,2,9,2,Returning_Visitor,False,False
Oct,1,1,1,2,Returning_Visitor,False,False
Mar,3,2,1,2,Returning_Visitor,False,False
Nov,2,2,7,11,Returning_Visitor,False,False
May,3,2,3,3,Returning_Visitor,False,False
Jul,3,2,3,1,Returning_Visitor,False,False
Nov,2,2,1,4,Returning_Visitor,False,False
Nov,3,2,1,13,Returning_Visitor,False,False
May,3,2,1,4,Returning_Visitor,True,True
Mar,1,1,2,1,Returning_Visitor,False,False
Sep,2,2,4,1,Returning_Visitor,False,False
Mar,1,1,4,2,Returning_Visitor,False,True
Nov,2,2,2,13,Returning_Visitor,False,True
May,2,2,1,5,Returning_Visitor,True,False
Nov,2,2,6,1,Returning_Visitor,False,False
May,3,2,8,4,Returning_Visitor,True,False
Nov,1,2,1,2,Returning_Visitor,False,True
Jul,2,2,7,1,Returning_Visitor,False,False
Mar,3,2,8,3,Returning_Visitor,True,False
Nov,1,8,4,11,Returning_Visitor,True,False
May,3,2,8,2,Returning_Visitor,False,False
May,2,2,8,4,Returning_Visitor,False,False
May,1,1,1,2,Returning_Visitor,False,False
Nov,2,4,1,8,New_Visitor,False,True
Nov,1,2,2,2,Returning_Visitor,False,False
Feb,2,4,9,3,Returning_Visitor,False,False
Dec,2,10,4,2,Returning_Visitor,False,False
Mar,1,2,4,2,Returning_Visitor,False,False
May,2,2,7,4,Returning_Visitor,False,False
Dec,8,2,1,2,New_Visitor,True,False
Nov,2,2,1,8,New_Visitor,False,False
May,2,2,1,3,Returning_Visitor,True,True
Dec,2,2,2,1,Returning_Visitor,False,False
May,1,1,3,3,Returning_Visitor,True,False
Dec,3,2,1,6,Returning_Visitor,False,False
Dec,1,1,1,10,Returning_Visitor,False,False
Nov,2,10,1,1,Returning_Visitor,True,False
Jul,2,2,6,1,Returning_Visitor,False,False
Sep,2,2,4,2,Returning_Visitor,False,False
Nov,1,1,1,8,Returning_Visitor,True,False
Nov,2,4,8,2,New_Visitor,False,False
May,1,1,1,3,Returning_Visitor,False,False
Dec,2,2,3,2,Returning_Visitor,False,True
Mar,3,2,7,8,New_Visitor,True,False
Oct,1,1,3,3,Returning_Visitor,False,False
June,4,2,2,3,Returning_Visitor,False,False
May,3,2,3,3,Returning_Visitor,False,False
Nov,2,2,1,10,Returning_Visitor,False,True
May,1,1,1,2,Returning_Visitor,False,False
Dec,3,2,1,2,Returning_Visitor,False,False
Mar,2,2,1,2,Returning_Visitor,True,False
Nov,1,8,7,6,Returning_Visitor,False,False
Nov,3,2,4,2,Returning_Visitor,False,False
Mar,2,2,5,1,Returning_Visitor,False,True
Nov,2,2,4,20,New_Visitor,False,False
Nov,3,2,3,13,Returning_Visitor,False,False
Nov,2,2,9,1,Returning_Visitor,False,False
Nov,2,2,1,13,Returning_Visitor,False,False
Nov,2,2,4,2,Returning_Visitor,False,True
May,3,2,6,3,Returning_Visitor,False,False
Aug,2,10,2,1,Returning_Visitor,False,False
May,4,1,1,4,Returning_Visitor,False,False
Nov,2,2,1,1,Returning_Visitor,False,False
May,4,2,1,3,Returning_Visitor,False,False
Mar,1,1,4,2,Returning_Visitor,False,False
Jul,3,2,7,1,Returning_Visitor,False,False
Sep,2,2,4,1,Returning_Visitor,True,False
Oct,2,2,3,2,New_Visitor,False,False
May,3,2,1,2,Returning_Visitor,False,False
Feb,2,2,4,1,Returning_Visitor,True,False
Mar,1,2,3,2,New_Visitor,True,False
May,2,4,4,1,Returning_Visitor,True,False
Sep,3,2,3,1,Returning_Visitor,True,False
Mar,2,2,1,2,Returning_Visitor,False,False
Dec,1,1,6,2,New_Visitor,False,False
Mar,2,5,2,3,New_Visitor,False,True
Feb,3,2,3,3,Returning_Visitor,False,False
Mar,1,1,3,3,Returning_Visitor,False,False
May,2,2,1,1,Returning_Visitor,False,False
Aug,2,2,9,1,Returning_Visitor,False,False
Mar,4,1,3,3,Returning_Visitor,True,False
Nov,2,2,1,1,Returning_Visitor,False,True
Sep,4,1,1,2,New_Visitor,True,False
Oct,2,4,8,1,Returning_Visitor,False,False
Nov,4,2,1,10,Returning_Visitor,False,False
Nov,2,2,1,2,Returning_Visitor,False,False
Dec,3,2,1,2,Returning_Visitor,False,False
Nov,3,2,6,3,Returning_Visitor,False,False
May,3,2,9,3,Returning_Visitor,True,False
May,2,2,3,11,Returning_Visitor,False,True
Sep,2,4,2,1,Returning_Visitor,False,False
Nov,1,2,4,2,Returning_Visitor,False,False
May,2,2,1,2,Returning_Visitor,False,False
Dec,3,2,2,1,Returning_Visitor,True,False
Dec,8,13,9,20,Other,False,True
Sep,2,2,1,2,Returning_Visitor,True,False
May,2,2,4,13,Returning_Visitor,False,False
Feb,4,1,3,3,Returning_Visitor,False,False
Jul,2,2,2,13,Returning_Visitor,True,False
Nov,4,2,4,2,Returning_Visitor,False,False
May,3,2,6,3,Returning_Visitor,False,False
Mar,3,2,6,1,Returning_Visitor,False,False
Nov,1,1,3,2,Returning_Visitor,True,False
Feb,2,2,3,4,Returning_Visitor,False,False
May,3,2,6,15,Returning_Visitor,True,False
Oct,3,2,1,4,Returning_Visitor,True,False
Dec,2,4,1,2,New_Visitor,False,True
Nov,1,2,7,10,Returning_Visitor,False,False
Mar,3,2,1,11,New_Visitor,False,False
Aug,3,2,1,2,Returning_Visitor,True,False
Nov,3,2,2,6,New_Visitor,True,False
May,2,2,7,2,Returning_Visitor,False,False
May,2,2,2,13,Returning_Visitor,False,False
Oct,1,1,1,2,Returning_Visitor,False,True
Sep,1,1,1,2,Returning_Visitor,False,False
Nov,1,1,4,2,Returning_Visitor,True,True
Dec,2,2,9,3,Returning_Visitor,False,False
Nov,1,1,3,2,Returning_Visitor,True,False
Dec,2,2,1,8,Returning_Visitor,False,False
Sep,2,2,2,1,Returning_Visitor,False,False
Dec,2,2,6,1,Returning_Visitor,False,False
Jul,2,2,1,1,Returning_Visitor,False,False
Dec,1,1,1,8,Returning_Visitor,False,False
Nov,1,1,4,1,Returning_Visitor,False,True
Mar,1,2,2,1,Returning_Visitor,False,False
Dec,3,2,4,2,New_Visitor,True,False
Mar,2,2,7,1,Returning_Visitor,False,False
May,1,8,2,11,Returning_Visitor,False,False
May,1,2,1,3,Returning_Visitor,True,False
Nov,2,4,1,1,Returning_Visitor,True,False
Mar,3,2,4,11,Returning_Visitor,True,False
May,2,2,1,3,Returning_Visitor,False,True
June,3,2,4,13,Returning_Visitor,False,False
Oct,2,10,1,4,Returning_Visitor,False,False
Nov,2,2,1,1,Returning_Visitor,False,True
Mar,2,4,4,1,Returning_Visitor,False,False
Nov,4,2,1,3,Returning_Visitor,False,True
May,2,2,6,5,Returning_Visitor,True,False
Nov,3,2,1,10,Returning_Visitor,False,False
Nov,2,2,1,2,New_Visitor,False,False
Mar,2,2,5,2,Returning_Visitor,False,False
Mar,2,4,1,7,Returning_Visitor,False,False
Nov,3,2,1,10,Returning_Visitor,False,False
May,2,2,9,4,Returning_Visitor,False,False
June,1,2,4,2,Returning_Visitor,False,False
Dec,2,2,2,1,Returning_Visitor,False,True
Jul,3,2,1,4,Returning_Visitor,False,False
May,3,2,1,7,Returning_Visitor,False,False
Dec,2,4,4,2,Returning_Visitor,False,False
June,2,5,3,5,New_Visitor,False,False
May,2,4,3,2,Returning_Visitor,False,False
May,1,1,4,3,Returning_Visitor,False,False
Mar,3,2,1,8,Returning_Visitor,True,False
Nov,1,1,8,2,Returning_Visitor,True,True
Feb,4,1,3,3,Returning_Visitor,False,False
Dec,2,2,1,2,New_Visitor,False,False
Mar,1,1,1,2,Returning_Visitor,True,False
Aug,2,2,1,2,New_Visitor,True,False
Dec,3,2,9,2,New_Visitor,False,False
Dec,8,13,9,20,Other,False,False
May,2,6,3,3,Returning_Visitor,False,False
Nov,2,5,1,1,Returning_Visitor,False,True
May,2,2,8,3,Returning_Visitor,False,False
Nov,1,1,1,2,Returning_Visitor,False,False
Nov,2,10,3,2,Other,False,False
Sep,1,2,1,2,New_Visitor,True,False
Dec,1,1,3,2,New_Visitor,False,False
Feb,1,1,1,3,Returning_Visitor,False,False
Dec,8,13,9,20,Other,False,False
May,2,2,9,2,Returning_Visitor,True,True
Nov,3,2,1,13,Returning_Visitor,False,False
May,2,2,2,6,Returning_Visitor,True,False
May,1,1,2,4,Returning_Visitor,False,False
May,2,2,5,4,Returning_Visitor,False,True
Mar,1,1,1,10,Returning_Visitor,False,False
May,2,2,2,1,Returning_Visitor,False,False
Nov,1,2,3,2,Returning_Visitor,False,True
Aug,2,4,9,4,Returning_Visitor,False,False
May,3,2,9,13,Returning_Visitor,False,False
Mar,2,2,3,1,Returning_Visitor,False,True
Nov,2,4,1,10,Returning_Visitor,False,True
Feb,1,1,4,2,Returning_Visitor,False,False
Sep,3,2,8,13,Returning_Visitor,False,False
Mar,1,1,1,1,Returning_Visitor,True,False
May,2,2,2,3,Returning_Visitor,False,False
Nov,1,2,8,2,Returning_Visitor,True,False
Aug,2,2,9,5,New_Visitor,True,False
June,2,2,1,5,Returning_Visitor,True,False
Jul,2,2,1,13,Returning_Visitor,True,False
Dec,1,1,3,1,Returning_Visitor,False,False
Mar,1,1,1,2,Returning_Visitor,True,True
Sep,1,8,2,1,Returning_Visitor,False,False
May,3,2,1,6,Returning_Visitor,False,False
Nov,3,3,1,8,Returning_Visitor,True,False
Dec,2,5,6,2,New_Visitor,False,False
May,2,2,4,6,Returning_Visitor,False,False
Nov,1,1,1,1,Returning_Visitor,False,False
May,2,2,1,13,Returning_Visitor,False,False
Mar,2,2,2,6,Returning_Visitor,False,False
May,1,2,3,5,New_Visitor,True,False
Nov,1,1,1,10,Returning_Visitor,False,False
May,2,2,3,3,Returning_Visitor,False,False
Mar,4,1,3,3,Returning_Visitor,False,False
Mar,1,1,1,3,Returning_Visitor,True,False
May,1,1,3,3,Returning_Visitor,False,False
Dec,3,2,2,13,Returning_Visitor,False,False
May,3,2,2,13,Returning_Visitor,True,False
May,1,1,3,2,Returning_Visitor,True,False
Oct,3,2,1,2,Returning_Visitor,False,False
Mar,2,4,3,1,Returning_Visitor,False,False
Dec,4,1,1,2,Returning_Visitor,False,False
Sep,3,3,4,4,Returning_Visitor,True,False
May,2,4,1,1,Returning_Visitor,False,False
May,2,5,1,2,New_Visitor,False,True
May,3,2,3,3,Returning_Visitor,False,False
Oct,1,1,4,3,Returning_Visitor,False,True
Oct,2,2,9,2,New_Visitor,False,False
May,2,4,9,3,Returning_Visitor,False,False
June,2,2,3,3,Returning_Visitor,False,True
May,2,4,6,6,Returning_Visitor,False,False
Mar,4,1,3,1,Returning_Visitor,False,False
Nov,1,1,1,2,Returning_Visitor,True,False
Jul,2,2,3,2,Returning_Visitor,False,False
Nov,8,2,6,13,Returning_Visitor,False,False
May,1,1,1,15,Returning_Visitor,True,False
May,2,2,4,13,Returning_Visitor,False,False
May,2,2,4,1,Returning_Visitor,True,False
Nov,2,2,9,2,New_Visitor,False,True
May,4,1,1,4,Returning_Visitor,False,True
Mar,2,2,6,1,Returning_Visitor,False,False
Nov,2,2,9,2,New_Visitor,False,True
Nov,1,1,1,2,New_Visitor,False,False
Dec,2,2,1,2,New_Visitor,False,False
Mar,1,1,4,2,Returning_Visitor,True,False
June,2,2,7,3,Returning_Visitor,False,False
Nov,1,1,1,2,Returning_Visitor,False,False
Dec,4,1,3,3,Returning_Visitor,False,False
Nov,1,1,3,2,Returning_Visitor,True,False
Nov,2,2,6,2,Returning_Visitor,False,False
Jul,1,1,4,2,Returning_Visitor,False,False
Feb,3,2,1,3,Returning_Visitor,True,False
May,2,2,1,4,Returning_Visitor,False,False
Mar,2,2,7,8,Returning_Visitor,True,True
May,1,1,6,4,Returning_Visitor,True,False
Feb,2,4,1,1,Returning_Visitor,False,False
Dec,3,2,4,1,Returning_Visitor,False,False
Nov,4,1,3,3,Returning_Visitor,False,True
May,2,2,2,4,Returning_Visitor,False,True
Dec,2,2,8,2,New_Visitor,False,False
Nov,1,1,9,2,Returning_Visitor,False,False
Dec,2,2,1,11,New_Visitor,False,False
Oct,2,4,7,1,Returning_Visitor,False,False
Feb,1,1,3,3,Returning_Visitor,False,False
May,3,2,6,5,Returning_Visitor,False,False
May,1,1,2,3,Returning_Visitor,False,False
May,1,1,1,3,Returning_Visitor,False,True
May,1,1,3,4,Returning_Visitor,False,False
May,2,2,1,5,Returning_Visitor,True,True
Mar,2,4,2,1,Returning_Visitor,False,False
May,2,2,3,1,Returning_Visitor,True,False
Nov,2,10,7,1,Returning_Visitor,False,False
Mar,1,1,1,1,Returning_Visitor,True,False
Aug,4,1,1,3,Returning_Visitor,False,True
Sep,3,2,6,1,Returning_Visitor,False,False
Mar,3,2,8,13,Returning_Visitor,True,False
June,1,1,7,3,Returning_Visitor,False,False
Dec,1,1,4,3,Returning_Visitor,True,False
Feb,1,1,7,2,Returning_Visitor,False,False
Mar,1,1,8,1,Returning_Visitor,False,False
Nov,2,2,1,2,Returning_Visitor,False,False
Dec,2,4,3,1,Returning_Visitor,False,False
May,4,2,3,1,Returning_Visitor,False,False
Feb,3,3,1,4,Returning_Visitor,True,False
Mar,3,2,7,1,Returning_Visitor,False,False
Mar,2,2,9,6,Returning_Visitor,False,False
Mar,1,1,1,2,New_Visitor,True,False
Nov,2,2,1,2,Returning_Visitor,False,True
Nov,3,2,1,10,Returning_Visitor,True,False
May,2,2,5,6,Returning_Visitor,False,False
May,1,2,2,2,Returning_Visitor,True,False
May,2,2,3,4,Returning_Visitor,True,False
May,2,4,6,3,Returning_Visitor,False,False
Dec,1,1,4,2,New_Visitor,False,True
May,2,2,3,14,Returning_Visitor,True,False
Dec,2,5,3,1,Returning_Visitor,True,False
May,2,2,4,13,Returning_Visitor,False,False
Nov,2,2,5,2,Returning_Visitor,False,False
Mar,2,2,1,1,Returning_Visitor,False,True
Mar,1,2,7,2,Returning_Visitor,True,False
May,2,4,4,2,Returning_Visitor,False,False
Nov,2,2,7,2,Returning_Visitor,False,False
May,2,2,9,3,Returning_Visitor,False,False
Nov,1,1,1,2,New_Visitor,True,False
Dec,2,4,7,1,Returning_Visitor,False,False
May,4,1,3,4,Returning_Visitor,False,False
May,2,2,6,3,Returning_Visitor,False,False
Nov,2,10,3,1,Returning_Visitor,True,False
May,1,1,1,2,Returning_Visitor,False,False
Dec,4,1,1,2,Returning_Visitor,True,False
Nov,2,2,1,2,Returning_Visitor,False,False
Aug,2,4,1,3,Returning_Visitor,False,False
June,3,2,3,13,Returning_Visitor,False,False
Dec,2,2,3,2,Returning_Visitor,True,False
May,1,1,3,2,Returning_Visitor,True,False
May,2,2,1,3,Returning_Visitor,False,False
Dec,2,2,1,1,Returning_Visitor,False,False
May,1,8,3,2,Returning_Visitor,False,False
May,2,4,3,6,Returning_Visitor,False,False
Mar,3,9,9,2,Returning_Visitor,False,False
Nov,2,4,6,2,Returning_Visitor,False,False
Nov,2,4,3,10,Returning_Visitor,False,True
Dec,2,2,4,1,Returning_Visitor,True,False
Mar,2,4,1,8,New_Visitor,False,False
Dec,1,2,8,2,New_Visitor,False,True
Mar,3,2,3,1,Returning_Visitor,False,False
Nov,1,2,3,2,Returning_Visitor,False,True
Nov,3,2,2,1,Returning_Visitor,False,True
May,1,1,1,3,Returning_Visitor,False,False
Mar,1,1,1,3,Returning_Visitor,True,False
May,2,2,3,2,Returning_Visitor,False,False
Dec,4,1,1,1,Returning_Visitor,True,False
Nov,2,2,3,2,Returning_Visitor,True,True
Mar,2,5,9,2,Returning_Visitor,False,False
Dec,2,4,1,2,Returning_Visitor,False,False
Aug,2,2,8,2,Returning_Visitor,False,True
May,2,6,1,3,Returning_Visitor,True,False
May,2,2,1,1,Returning_Visitor,True,False
June,1,1,6,3,Returning_Visitor,False,True
May,3,2,7,13,Returning_Visitor,False,False
Nov,2,2,6,1,Returning_Visitor,True,False
Mar,2,2,2,2,Returning_Visitor,False,False
Nov,3,2,1,3,Returning_Visitor,False,False
Dec,2,2,7,2,Returning_Visitor,False,False
May,2,2,5,2,Returning_Visitor,True,False
Dec,2,2,7,3,Returning_Visitor,False,False
Oct,1,1,1,4,Returning_Visitor,False,False
Nov,4,1,3,8,New_Visitor,False,True
Dec,3,2,7,3,Returning_Visitor,False,False
May,2,2,3,4,Returning_Visitor,False,False
Mar,1,1,1,3,Returning_Visitor,False,False
May,3,2,1,2,Returning_Visitor,True,False
May,2,2,3,2,Returning_Visitor,False,False
May,1,8,1,4,Returning_Visitor,True,False
May,1,8,1,11,Returning_Visitor,False,False
June,1,1,7,3,Returning_Visitor,True,True
May,2,2,5,6,Returning_Visitor,False,False
Dec,2,6,7,20,Returning_Visitor,False,False
Nov,1,1,1,2,Returning_Visitor,False,False
Dec,2,2,1,2,Returning_Visitor,False,False
May,1,2,1,4,New_Visitor,False,False
Sep,1,8,7,1,New_Visitor,False,False
May,2,2,5,4,Returning_Visitor,False,False
May,1,1,5,3,New_Visitor,False,False
May,2,2,3,2,Returning_Visitor,False,False
May,1,1,1,1,Returning_Visitor,False,False
June,2,5,3,20,Returning_Visitor,False,False
Aug,2,2,7,6,Returning_Visitor,False,True
Nov,1,1,1,2,Returning_Visitor,True,True
May,2,2,3,13,Returning_Visitor,False,False
Mar,3,3,3,3,Returning_Visitor,False,False
May,2,2,4,13,Returning_Visitor,False,False
May,1,1,4,3,Returning_Visitor,True,False
May,3,2,3,2,Returning_Visitor,False,False
Mar,3,2,1,1,Returning_Visitor,True,False
Dec,2,2,4,1,Returning_Visitor,True,False
May,2,2,1,11,Returning_Visitor,False,False
Nov,1,1,1,2,Returning_Visitor,False,False
May,2,5,1,2,New_Visitor,True,False
Nov,2,2,3,8,Returning_Visitor,False,False
May,3,2,4,1,Returning_Visitor,False,False
Nov,1,1,1,10,Returning_Visitor,False,True
May,2,2,2,2,New_Visitor,True,False
Nov,3,2,1,2,Returning_Visitor,False,True
May,2,2,1,1,Returning_Visitor,False,True
Mar,2,4,1,10,Returning_Visitor,False,False
Nov,3,2,1,1,Returning_Visitor,False,False
Oct,1,1,6,2,Returning_Visitor,False,False
May,2,2,7,11,Returning_Visitor,False,False
June,2,2,1,1,Returning_Visitor,False,False
Nov,2,6,1,2,New_Visitor,False,False
Dec,2,2,4,3,Returning_Visitor,False,False
Dec,2,2,2,1,Returning_Visitor,False,False
May,2,2,7,2,Returning_Visitor,False,False
Nov,2,2,3,8,Returning_Visitor,True,False
May,2,2,1,3,Returning_Visitor,False,False
Dec,1,1,8,2,New_Visitor,True,False
May,2,2,1,1,Returning_Visitor,True,False
Jul,3,2,5,1,Returning_Visitor,False,False
Sep,2,2,3,1,Returning_Visitor,False,True
Nov,3,2,9,3,Returning_Visitor,True,False
Jul,4,5,3,3,Returning_Visitor,False,False
Dec,1,1,1,2,New_Visitor,False,False
May,1,1,2,3,Returning_Visitor,False,False
June,3,2,4,3,Returning_Visitor,False,False
Mar,2,2,2,1,Returning_Visitor,False,False
Nov,3,2,3,2,Returning_Visitor,True,True
Nov,2,2,1,2,New_Visitor,False,True
Nov,1,1,3,2,Returning_Visitor,False,False
Aug,2,2,1,2,New_Visitor,False,True
May,2,6,6,13,Returning_Visitor,False,False
May,2,2,3,1,Returning_Visitor,False,False
Mar,1,1,1,3,Returning_Visitor,False,False
Nov,2,4,3,2,New_Visitor,False,False
Dec,2,2,4,2,Returning_Visitor,True,False
Dec,3,2,1,1,Returning_Visitor,True,False
Nov,2,5,3,3,Returning_Visitor,False,False
Sep,2,2,1,2,New_Visitor,False,True
Jul,1,1,3,3,Returning_Visitor,False,False
Nov,2,2,9,3,Returning_Visitor,False,False
May,3,2,1,2,Returning_Visitor,False,False
Sep,1,1,2,2,Returning_Visitor,False,False
Jul,2,2,1,2,New_Visitor,False,False
Jul,2,6,3,5,Returning_Visitor,False,False
Oct,2,4,9,4,New_Visitor,False,False
Mar,2,2,1,1,Returning_Visitor,False,False
May,2,2,6,2,Returning_Visitor,False,False
May,1,1,4,3,Returning_Visitor,False,False
Dec,2,2,1,2,New_Visitor,False,False
May,1,1,1,3,Returning_Visitor,False,False
Sep,2,2,3,3,Returning_Visitor,False,False
Aug,1,1,1,4,Returning_Visitor,True,False
Dec,2,5,7,2,New_Visitor,False,False
May,2,2,3,3,Returning_Visitor,False,False
May,2,10,1,5,New_Visitor,False,True
May,2,5,7,3,Returning_Visitor,False,False
Dec,3,2,4,1,Returning_Visitor,True,False
Dec,2,2,3,3,Returning_Visitor,False,False
Feb,1,1,6,3,Returning_Visitor,False,False
May,3,2,2,4,Returning_Visitor,False,False
May,4,2,1,13,Returning_Visitor,False,False
Nov,2,4,9,10,Returning_Visitor,True,False
May,2,4,3,3,Returning_Visitor,False,False
May,2,2,1,4,Returning_Visitor,False,False
Mar,2,2,3,1,Returning_Visitor,False,False
May,2,2,9,2,New_Visitor,False,True
Dec,1,1,4,10,Returning_Visitor,False,False
Dec,2,2,3,2,Returning_Visitor,False,False
May,2,5,2,1,Returning_Visitor,False,False
Mar,3,2,1,6,Returning_Visitor,False,False
June,2,2,2,3,Returning_Visitor,False,False
Nov,2,2,1,2,Returning_Visitor,False,True
Aug,2,2,5,1,Returning_Visitor,False,False
May,2,2,8,2,Returning_Visitor,False,False
Nov,1,2,9,2,New_Visitor,False,True
Mar,2,5,3,2,Returning_Visitor,False,True
Oct,1,1,6,1,Returning_Visitor,False,False
Mar,3,2,6,2,Returning_Visitor,False,False
Mar,2,2,2,3,Returning_Visitor,False,False
Nov,2,2,4,8,New_Visitor,True,False
Nov,2,2,1,2,Returning_Visitor,False,True
Oct,1,1,2,3,Returning_Visitor,False,False
Sep,1,1,1,2,New_Visitor,False,False
June,2,2,9,6,Returning_Visitor,False,False
Nov,2,2,1,2,Returning_Visitor,False,False
May,2,2,1,2,Returning_Visitor,False,False
Nov,2,6,1,3,Returning_Visitor,False,False
Mar,2,2,1,10,Returning_Visitor,False,False
Mar,3,2,1,1,Returning_Visitor,True,False
Mar,2,2,9,1,Returning_Visitor,False,False
Nov,1,2,6,2,Returning_Visitor,False,False
Dec,1,8,3,1,Returning_Visitor,False,False
Aug,2,4,3,2,Returning_Visitor,False,True
Nov,3,3,1,11,New_Visitor,True,False
Nov,2,2,4,2,Returning_Visitor,False,True
Jul,1,1,4,3,Returning_Visitor,False,False
May,3,2,1,6,New_Visitor,False,False
Nov,2,2,1,1,Returning_Visitor,False,False
May,2,4,3,2,Returning_Visitor,False,False
Aug,2,2,6,2,Returning_Visitor,False,False
Sep,2,4,7,2,New_Visitor,False,True
May,3,2,3,18,Returning_Visitor,True,False
May,2,2,6,3,Returning_Visitor,False,False
Aug,2,2,1,1,Returning_Visitor,False,True
Nov,2,2,3,2,New_Visitor,True,False
Mar,2,2,7,10,Returning_Visitor,False,False
Nov,2,2,2,8,New_Visitor,False,True
Nov,3,2,1,2,Returning_Visitor,True,False
Sep,3,2,1,1,Returning_Visitor,False,True
Nov,1,1,1,2,Returning_Visitor,False,False
Dec,2,2,3,2,Returning_Visitor,False,True
Aug,2,2,3,13,Returning_Visitor,True,False
Nov,2,2,1,2,Returning_Visitor,False,True
Dec,1,1,4,3,Returning_Visitor,False,False
Dec,2,2,9,3,Returning_Visitor,False,False
Mar,1,1,6,10,Returning_Visitor,False,False
May,2,2,1,4,Returning_Visitor,False,False
Aug,2,2,9,2,Returning_Visitor,False,True
May,3,2,8,2,Returning_Visitor,False,False
Mar,1,1,6,10,Returning_Visitor,False,False
Nov,1,1,3,2,Returning_Visitor,False,True
Aug,3,2,4,1,Returning_Visitor,False,False
Jul,1,1,1,4,Returning_Visitor,False,True
Sep,3,2,1,1,Returning_Visitor,False,False
May,2,2,1,6,Returning_Visitor,True,False
Mar,2,2,6,1,Returning_Visitor,False,False
Nov,4,1,1,2,Returning_Visitor,True,False
May,2,2,1,3,Returning_Visitor,False,False
May,1,6,1,4,Returning_Visitor,False,False
Dec,2,2,1,2,Returning_Visitor,False,False
Dec,1,1,2,3,Returning_Visitor,False,False
Nov,2,10,1,3,Returning_Visitor,False,False
May,1,1,7,1,Returning_Visitor,False,False
Oct,3,2,5,13,Returning_Visitor,False,False
Oct,2,2,2,20,Returning_Visitor,False,False
Dec,2,6,7,1,Returning_Visitor,False,False
Nov,2,2,7,1,Returning_Visitor,False,False
Nov,2,2,1,2,Returning_Visitor,False,False
Nov,1,1,1,2,Returning_Visitor,False,True
Aug,2,2,5,1,Returning_Visitor,False,False
Dec,2,4,3,8,Returning_Visitor,False,False
Nov,1,1,1,2,Returning_Visitor,False,False
Nov,2,2,9,13,Returning_Visitor,False,False
May,2,2,5,2,Returning_Visitor,False,True
Nov,3,2,3,6,Returning_Visitor,True,False
May,1,8,3,1,Returning_Visitor,True,False
May,2,2,1,6,Returning_Visitor,False,False
May,2,2,1,3,Returning_Visitor,False,False
May,3,2,6,4,Returning_Visitor,False,False
May,1,1,1,3,Returning_Visitor,False,False
Nov,1,1,4,8,Returning_Visitor,False,False
Nov,2,4,1,10,Returning_Visitor,False,False
May,1,1,6,4,Returning_Visitor,False,False
Oct,1,1,1,2,Returning_Visitor,False,False
Dec,3,2,2,1,Returning_Visitor,False,False
May,1,2,1,4,Returning_Visitor,False,False
Aug,3,2,4,2,Returning_Visitor,True,False
Nov,4,1,1,1,Returning_Visitor,False,False
Mar,2,10,2,2,Returning_Visitor,True,True
Oct,3,2,7,1,Returning_Visitor,False,False
Nov,2,5,1,2,Returning_Visitor,False,False
May,3,2,3,6,Returning_Visitor,True,False
May,1,8,1,3,Returning_Visitor,False,False
Nov,2,2,1,13,Returning_Visitor,False,True
Dec,2,2,1,2,Returning_Visitor,True,False
Nov,3,2,1,2,New_Visitor,False,True
Dec,2,2,1,2,Returning_Visitor,False,False
Dec,3,2,1,1,Returning_Visitor,False,False
Nov,2,2,3,8,New_Visitor,True,True
Sep,2,2,9,5,New_Visitor,True,False
Aug,1,1,1,5,New_Visitor,False,True
Nov,1,2,1,1,Returning_Visitor,False,False
Nov,4,2,7,1,Returning_Visitor,True,True
May,2,4,9,5,Returning_Visitor,False,True
Mar,2,2,1,3,Returning_Visitor,False,False
May,1,2,3,2,Returning_Visitor,False,False
Mar,2,4,3,1,Returning_Visitor,False,False
Nov,1,8,1,1,Returning_Visitor,False,False
Nov,1,1,2,10,Returning_Visitor,False,True
Dec,2,4,3,2,New_Visitor,False,False
Mar,1,1,4,9,Returning_Visitor,True,False
Nov,1,1,3,20,Returning_Visitor,False,False
Mar,2,2,3,3,Returning_Visitor,False,False
Nov,2,2,3,10,Returning_Visitor,False,False
Nov,2,2,4,2,Returning_Visitor,True,False
May,3,2,1,3,Returning_Visitor,False,False
Dec,2,2,1,1,Returning_Visitor,False,False
Nov,1,1,7,2,Returning_Visitor,False,False
Dec,4,1,9,1,Returning_Visitor,True,False
Nov,4,1,1,3,New_Visitor,False,False
Nov,3,2,3,3,Returning_Visitor,False,False
May,2,2,4,4,Returning_Visitor,True,False
May,2,2,6,2,Returning_Visitor,False,False
Dec,3,2,1,2,Returning_Visitor,False,True
Feb,2,2,4,1,Returning_Visitor,False,False
Oct,1,1,3,2,Returning_Visitor,False,True
Dec,2,6,1,11,Returning_Visitor,True,False
Dec,2,2,6,1,Returning_Visitor,False,False
May,3,2,7,2,Returning_Visitor,True,False
Mar,3,2,3,1,Returning_Visitor,False,False
Oct,2,5,3,2,New_Visitor,True,False
Dec,1,2,1,10,Returning_Visitor,False,False
May,2,10,9,3,Returning_Visitor,False,False
May,1,1,1,3,Returning_Visitor,False,False
Nov,1,8,7,1,Returning_Visitor,False,False
Nov,3,2,3,2,Returning_Visitor,True,False
May,2,2,4,4,Returning_Visitor,False,False
Mar,2,5,6,2,Returning_Visitor,True,False
May,2,4,2,2,New_Visitor,False,False
Nov,1,1,8,10,Returning_Visitor,True,False
Dec,8,13,9,20,Other,False,False
May,2,2,1,1,Returning_Visitor,False,True
May,2,6,1,3,Returning_Visitor,False,False
May,1,1,1,3,Returning_Visitor,False,False
Nov,2,2,3,2,Returning_Visitor,False,False
May,2,2,1,5,New_Visitor,True,True
Dec,4,2,3,2,Returning_Visitor,True,False
Oct,4,2,1,4,Returning_Visitor,False,False
Aug,2,10,3,3,Returning_Visitor,False,True
Mar,1,1,2,2,Returning_Visitor,True,False
June,4,2,3,1,Returning_Visitor,False,False
Nov,2,2,3,2,Returning_Visitor,False,False
Dec,2,2,1,2,Returning_Visitor,False,False
Nov,1,8,1,11,Returning_Visitor,True,False
Nov,1,1,3,1,Returning_Visitor,False,True
Nov,1,1,1,1,Returning_Visitor,False,False
May,3,2,6,6,Returning_Visitor,False,False
Dec,2,2,5,2,Returning_Visitor,False,False
Mar,1,1,3,15,Returning_Visitor,True,False
Nov,2,2,6,3,Returning_Visitor,False,False
May,2,2,6,11,Returning_Visitor,False,False
Dec,2,2,2,2,Returning_Visitor,True,False
May,1,1,1,3,Returning_Visitor,True,False
Aug,1,1,1,2,Returning_Visitor,False,False
May,1,1,5,4,Returning_Visitor,False,False
Dec,3,2,1,1,Other,False,False
May,1,1,1,1,Returning_Visitor,False,False
Nov,3,2,1,1,Returning_Visitor,False,False
May,2,2,2,3,Returning_Visitor,False,False
May,2,5,1,3,Returning_Visitor,False,False
Nov,6,2,9,2,Returning_Visitor,False,False
May,2,2,6,3,Returning_Visitor,False,False
Nov,3,2,1,3,Returning_Visitor,False,True
May,2,2,1,4,New_Visitor,False,False
Mar,2,2,1,1,Returning_Visitor,True,False
Mar,2,6,2,3,Returning_Visitor,False,False
Nov,3,2,1,2,Returning_Visitor,False,False
Sep,1,1,4,5,New_Visitor,False,False
Oct,1,1,3,1,Returning_Visitor,False,False
May,2,2,3,6,Returning_Visitor,False,False
Dec,1,1,5,2,Returning_Visitor,True,False
Nov,3,2,1,3,Returning_Visitor,False,False
Mar,2,2,8,1,Returning_Visitor,False,False
Dec,1,1,1,8,New_Visitor,False,True
Dec,2,10,4,1,Returning_Visitor,False,False
Oct,2,10,4,2,Returning_Visitor,False,True
May,3,2,1,4,Returning_Visitor,False,False
Dec,2,2,1,2,Returning_Visitor,False,False
Dec,3,2,8,13,Returning_Visitor,False,False
May,2,2,1,2,Returning_Visitor,False,False
Dec,2,2,1,2,New_Visitor,False,True
Nov,2,2,2,13,Returning_Visitor,False,False
Dec,2,2,3,1,Returning_Visitor,False,True
May,1,1,4,2,New_Visitor,True,False
May,1,1,3,4,Returning_Visitor,False,True
May,1,1,1,3,Returning_Visitor,False,False
Aug,2,2,1,13,Returning_Visitor,False,False
May,3,7,3,4,Returning_Visitor,False,False
Nov,1,1,1,2,Returning_Visitor,False,False
Nov,2,2,3,2,Returning_Visitor,False,True
Mar,2,2,1,1,Returning_Visitor,False,False
Dec,2,2,3,2,Returning_Visitor,False,False
Dec,1,1,2,8,New_Visitor,False,False
Mar,2,2,1,1,Returning_Visitor,False,False
May,3,2,2,13,Returning_Visitor,False,True
Oct,2,2,1,2,Returning_Visitor,False,False
Sep,2,10,4,4,New_Visitor,False,False
Dec,1,1,3,2,Returning_Visitor,True,False
Dec,3,2,1,1,Returning_Visitor,False,False
Jul,3,2,6,3,Returning_Visitor,False,False
Dec,2,2,6,1,Returning_Visitor,True,False
Mar,3,2,3,1,Returning_Visitor,False,True
Dec,2,2,6,10,Returning_Visitor,False,False
May,4,1,1,3,Returning_Visitor,False,False
Mar,1,1,1,3,Returning_Visitor,False,False
Mar,3,2,1,9,New_Visitor,True,False
May,1,1,4,3,Returning_Visitor,False,False
Mar,2,2,1,2,Returning_Visitor,False,True
Nov,2,2,1,13,Returning_Visitor,False,False
May,2,2,2,2,Returning_Visitor,False,False
May,2,5,6,6,Returning_Visitor,False,False
May,1,1,1,15,Returning_Visitor,False,False
May,2,2,7,4,New_Visitor,True,False
Nov,3,2,4,10,Returning_Visitor,True,False
May,1,1,1,15,Returning_Visitor,True,False
May,3,2,8,13,Returning_Visitor,False,False
May,2,2,3,4,Returning_Visitor,False,False
Nov,1,2,1,2,Returning_Visitor,False,True
May,2,2,6,2,Returning_Visitor,False,False
Mar,2,2,1,1,Returning_Visitor,False,False
Jul,1,1,1,2,Returning_Visitor,False,False
Dec,2,2,8,3,Returning_Visitor,False,False
Dec,2,2,1,2,Returning_Visitor,False,False
Dec,3,2,1,2,New_Visitor,True,False
Dec,2,2,3,10,Returning_Visitor,False,False
May,2,2,1,4,Returning_Visitor,False,False
Dec,3,2,8,1,Returning_Visitor,False,False
Nov,3,2,3,2,Returning_Visitor,True,True
Oct,1,1,4,2,New_Visitor,False,True
May,2,2,2,3,Returning_Visitor,False,False
Dec,1,1,1,2,Returning_Visitor,False,False
Sep,2,2,3,1,Returning_Visitor,False,False
May,2,2,2,2,New_Visitor,False,True
Nov,3,2,7,13,Returning_Visitor,False,False
Mar,2,2,1,2,Returning_Visitor,False,False
May,2,2,1,6,Returning_Visitor,False,False
May,2,2,1,4,Returning_Visitor,True,False
May,1,1,1,3,Returning_Visitor,False,False
Nov,2,2,4,2,Returning_Visitor,True,False
Dec,2,2,7,3,Returning_Visitor,False,False
May,2,2,2,3,Returning_Visitor,False,False
May,2,2,1,2,Returning_Visitor,False,False
June,2,4,3,3,Returning_Visitor,False,False
Mar,1,1,3,11,Returning_Visitor,False,False
Oct,2,2,1,4,Returning_Visitor,True,False
May,2,2,3,3,Returning_Visitor,True,True
May,1,1,1,3,Returning_Visitor,False,False
May,1,1,6,4,Returning_Visitor,True,False
May,4,2,1,4,Returning_Visitor,False,False
Nov,3,2,3,13,Returning_Visitor,False,False
Mar,1,1,1,3,Returning_Visitor,True,False
Nov,1,1,1,15,Returning_Visitor,False,False
Mar,2,2,4,2,Returning_Visitor,False,False
May,2,2,6,6,Returning_Visitor,False,False
May,1,1,3,1,Returning_Visitor,False,False
Mar,2,2,3,1,Returning_Visitor,False,False
Mar,2,2,3,1,Returning_Visitor,False,False
Nov,1,1,1,2,Returning_Visitor,True,False
June,2,2,1,1,Returning_Visitor,False,False
Sep,2,6,3,3,Returning_Visitor,False,True
May,2,2,1,1,Returning_Visitor,False,False
Dec,2,2,1,1,Returning_Visitor,False,False
June,2,2,8,1,Returning_Visitor,False,False
Dec,2,2,1,1,Returning_Visitor,True,False
May,2,2,4,3,Returning_Visitor,False,False
May,2,4,5,3,Returning_Visitor,False,False
May,2,2,4,2,Returning_Visitor,False,False
Dec,2,2,3,2,Returning_Visitor,False,False
Nov,2,4,4,2,Returning_Visitor,False,False
June,1,1,2,3,Returning_Visitor,True,False
May,2,2,3,6,Returning_Visitor,False,False
May,1,1,9,3,Returning_Visitor,True,False
May,2,2,9,4,Returning_Visitor,False,False
Mar,2,2,1,1,Returning_Visitor,False,False
May,2,2,3,4,Returning_Visitor,True,True
Oct,2,4,3,2,Returning_Visitor,False,True
Dec,2,10,2,1,Returning_Visitor,False,False
Nov,2,2,2,1,Returning_Visitor,False,False
Dec,2,2,1,13,New_Visitor,False,False
Nov,2,2,1,2,Returning_Visitor,False,False
Dec,2,2,7,2,Returning_Visitor,False,False
Aug,3,2,7,2,Returning_Visitor,False,False
Aug,3,2,3,2,Returning_Visitor,True,False
May,2,7,9,11,Returning_Visitor,False,False
May,4,2,2,2,Returning_Visitor,False,False
May,2,2,3,2,Returning_Visitor,True,False
May,2,2,1,4,Returning_Visitor,False,False
Mar,3,2,3,3,Returning_Visitor,False,False
Mar,2,2,1,6,Returning_Visitor,False,False
Mar,3,2,1,1,Returning_Visitor,False,True
Nov,2,4,1,1,Returning_Visitor,False,False
Nov,3,2,1,2,Returning_Visitor,True,True
Nov,2,2,5,2,Returning_Visitor,False,True
May,2,4,4,4,Returning_Visitor,False,False
Oct,3,2,1,1,Returning_Visitor,False,True
Aug,2,2,7,2,Returning_Visitor,False,True
Nov,3,2,4,3,Returning_Visitor,False,False
Mar,2,4,4,8,Returning_Visitor,False,False
Dec,1,1,4,10,Returning_Visitor,False,False
Nov,8,2,9,3,Other,False,False
June,2,2,3,3,Returning_Visitor,False,False
Dec,2,2,2,10,New_Visitor,False,False
Nov,2,2,1,1,Returning_Visitor,False,False
May,2,2,1,2,Returning_Visitor,True,False
Oct,2,2,1,2,Returning_Visitor,False,True
Nov,3,2,3,3,Returning_Visitor,True,False
May,2,4,1,6,Returning_Visitor,False,False
Nov,2,2,1,3,Returning_Visitor,True,True
Sep,1,8,6,1,Returning_Visitor,False,False
Dec,1,1,3,10,Returning_Visitor,True,False
May,2,2,2,13,Returning_Visitor,False,False
Dec,3,2,3,1,Returning_Visitor,True,False
May,2,2,3,2,New_Visitor,False,False
Mar,2,2,7,10,Returning_Visitor,False,False
Dec,2,2,4,2,New_Visitor,False,False
Nov,2,4,4,2,New_Visitor,False,False
Nov,2,2,7,2,New_Visitor,False,False
Nov,2,4,7,1,Returning_Visitor,False,False
May,2,2,7,18,New_Visitor,False,False
Mar,2,2,7,11,Returning_Visitor,False,False
May,3,3,9,1,Returning_Visitor,False,False
Mar,1,1,3,1,Returning_Visitor,False,False
May,4,1,3,3,Returning_Visitor,False,False
Nov,2,2,1,13,Returning_Visitor,True,False
Dec,8,1,3,1,Returning_Visitor,True,False
Nov,2,2,3,3,Returning_Visitor,False,False
Dec,3,7,2,1,Returning_Visitor,True,False
Nov,2,4,1,3,New_Visitor,False,True
Dec,1,1,1,3,Returning_Visitor,False,False
Nov,4,2,1,3,Returning_Visitor,False,False
Nov,3,2,1,6,Returning_Visitor,True,False
May,1,1,3,2,Returning_Visitor,False,False
Feb,2,2,3,1,Returning_Visitor,False,False
Oct,1,1,3,1,Returning_Visitor,False,False
Nov,2,2,1,1,Returning_Visitor,False,False
Nov,1,8,4,11,Returning_Visitor,True,True
May,2,2,1,4,New_Visitor,False,False
May,2,2,3,4,Returning_Visitor,False,False
Nov,1,1,1,2,Returning_Visitor,True,True
May,2,2,1,6,Returning_Visitor,False,True
Aug,2,2,4,1,Returning_Visitor,False,False
Feb,4,1,1,5,Returning_Visitor,True,False
Feb,2,2,3,1,Returning_Visitor,False,True
Oct,2,5,1,1,Returning_Visitor,True,True
Nov,2,2,1,8,Returning_Visitor,False,True
May,2,2,1,2,Returning_Visitor,True,False
Dec,3,2,4,13,Returning_Visitor,False,False
Nov,2,2,9,2,Returning_Visitor,False,False
Nov,2,2,2,11,Returning_Visitor,True,True
Nov,1,2,3,2,Returning_Visitor,False,True
May,3,2,3,13,Returning_Visitor,False,False
Oct,3,2,1,3,Returning_Visitor,False,False
Nov,1,1,3,2,Returning_Visitor,True,False
Oct,2,2,6,2,Returning_Visitor,False,False
Dec,2,2,6,2,Returning_Visitor,True,False
Nov,3,2,1,3,Returning_Visitor,False,False
Nov,3,2,1,13,Returning_Visitor,False,False
Nov,1,1,3,5,Returning_Visitor,False,False
Nov,3,2,6,8,Returning_Visitor,True,False
Mar,1,1,1,1,Returning_Visitor,False,False
May,2,2,3,1,Returning_Visitor,False,False
Nov,1,1,1,2,Returning_Visitor,False,False
Nov,2,10,7,2,Returning_Visitor,False,False
Nov,1,1,1,3,Returning_Visitor,False,False
Nov,2,2,4,13,Returning_Visitor,False,False
Nov,2,2,9,2,Returning_Visitor,False,False
May,2,2,3,11,Returning_Visitor,False,False
Nov,3,2,4,1,New_Visitor,False,False
Mar,1,1,1,1,Returning_Visitor,False,False
May,2,2,1,1,Returning_Visitor,False,False
May,3,2,2,6,Returning_Visitor,False,False
Dec,2,2,1,3,Returning_Visitor,False,False
Nov,1,8,4,1,Returning_Visitor,False,False
Nov,2,4,6,1,Returning_Visitor,False,False
Mar,2,2,8,2,Returning_Visitor,False,True
May,2,4,3,2,Returning_Visitor,False,False
Aug,3,2,1,5,New_Visitor,False,False
Jul,2,10,3,5,New_Visitor,False,False
Nov,3,2,3,1,Returning_Visitor,False,False
Feb,3,2,1,5,Returning_Visitor,False,False
Nov,2,2,7,1,Returning_Visitor,True,True
May,3,2,3,1,Returning_Visitor,False,False
May,2,2,3,2,New_Visitor,False,False
Nov,1,2,3,8,Returning_Visitor,False,False
Mar,2,2,3,10,Returning_Visitor,False,False
May,2,2,3,13,Returning_Visitor,False,False
May,1,1,3,3,Returning_Visitor,False,False
Aug,2,2,1,1,Returning_Visitor,False,False
Nov,1,1,1,3,Returning_Visitor,False,False
Mar,1,1,4,3,Returning_Visitor,True,False
Dec,1,8,1,1,Returning_Visitor,False,False
May,2,2,1,2,Returning_Visitor,True,False
Mar,2,4,5,2,Returning_Visitor,False,False
Mar,2,2,1,1,Returning_Visitor,False,False
June,2,2,3,3,Returning_Visitor,False,False
Aug,4,5,1,1,Returning_Visitor,False,True
Aug,1,1,4,3,Returning_Visitor,False,False
Aug,2,4,8,6,New_Visitor,True,False
May,1,1,6,13,Returning_Visitor,False,False
Dec,2,2,3,3,Returning_Visitor,False,False
Nov,3,2,1,13,Returning_Visitor,False,False
Oct,1,1,3,2,Returning_Visitor,False,False
Aug,1,1,1,3,Returning_Visitor,False,False
Nov,2,2,9,13,Returning_Visitor,True,False
Mar,2,2,2,2,Returning_Visitor,False,True
Jul,1,1,3,3,Returning_Visitor,False,False
Nov,3,2,3,2,Returning_Visitor,True,False
Nov,4,1,7,3,Returning_Visitor,False,False
Nov,1,1,1,3,Returning_Visitor,False,False
Nov,2,2,8,10,Returning_Visitor,False,False
Mar,3,2,4,1,Returning_Visitor,False,False
Nov,2,2,9,2,Returning_Visitor,False,False
Sep,1,2,3,4,Returning_Visitor,False,False
Dec,2,2,1,2,Returning_Visitor,True,True
Nov,2,2,4,2,New_Visitor,False,False
Dec,1,1,1,2,Returning_Visitor,True,False
May,2,2,1,3,Returning_Visitor,False,False
Jul,3,2,1,6,Returning_Visitor,False,False
Mar,1,1,6,2,Returning_Visitor,False,False
May,2,2,1,13,Returning_Visitor,False,False
Mar,2,2,4,1,Returning_Visitor,True,False
Dec,3,2,4,1,Returning_Visitor,False,False
Mar,2,4,1,3,Returning_Visitor,False,False
Oct,2,2,6,2,New_Visitor,False,False
May,6,2,4,2,Returning_Visitor,True,True
Jul,1,1,2,4,New_Visitor,False,False
Dec,1,8,2,20,Returning_Visitor,False,False
May,2,2,4,2,Returning_Visitor,True,True
May,2,2,4,6,New_Visitor,False,False
Oct,1,1,1,5,Returning_Visitor,False,False
Dec,2,2,1,1,Returning_Visitor,False,False
Mar,2,2,6,2,Returning_Visitor,False,False
May,1,1,7,3,Returning_Visitor,True,False
Nov,2,2,3,11,Returning_Visitor,True,False
Nov,2,4,1,8,New_Visitor,True,True
May,3,2,1,6,Returning_Visitor,False,False
May,1,1,1,3,Returning_Visitor,False,False
Sep,2,2,1,5,New_Visitor,False,False
Dec,3,2,3,2,Returning_Visitor,False,False
Dec,2,5,6,1,Returning_Visitor,False,False
Jul,1,2,1,4,Returning_Visitor,False,False
May,3,2,1,11,Returning_Visitor,False,False
Sep,1,1,1,5,New_Visitor,False,False
Dec,3,2,4,13,Returning_Visitor,False,False
Mar,1,1,1,2,New_Visitor,True,False
May,2,2,6,1,Returning_Visitor,False,False
Mar,4,2,1,3,Returning_Visitor,False,False
Mar,2,2,6,10,New_Visitor,True,True
May,3,2,3,4,Returning_Visitor,False,False
Mar,1,1,8,3,Returning_Visitor,False,False
Nov,2,4,1,2,Returning_Visitor,False,False
Mar,2,2,1,3,Returning_Visitor,False,False
May,2,2,1,1,Returning_Visitor,False,False
Mar,2,2,8,1,Returning_Visitor,True,False
May,1,1,1,3,Returning_Visitor,False,False
Mar,2,7,7,1,Returning_Visitor,False,False
Dec,2,2,4,2,Returning_Visitor,False,False
Nov,1,2,1,2,New_Visitor,False,False
Mar,2,2,1,1,Returning_Visitor,False,False
May,2,4,1,1,Returning_Visitor,False,False
Jul,3,2,1,13,Returning_Visitor,False,False
May,2,2,7,2,Returning_Visitor,False,True
Nov,2,2,4,2,Returning_Visitor,False,True
May,3,2,7,4,Returning_Visitor,False,False
Nov,2,2,4,2,New_Visitor,True,True
Mar,2,2,1,2,Returning_Visitor,False,False
Mar,1,1,3,10,New_Visitor,False,False
Oct,2,2,1,1,Returning_Visitor,False,False
May,3,2,1,1,Returning_Visitor,False,False
Mar,4,2,2,10,Returning_Visitor,False,False
Sep,2,2,3,3,Returning_Visitor,False,False
Nov,2,2,1,2,Returning_Visitor,False,True
Nov,1,1,1,2,New_Visitor,False,False
Mar,1,1,1,1,Returning_Visitor,True,False
Mar,3,3,5,2,Returning_Visitor,False,False
May,1,1,4,3,Returning_Visitor,False,False
May,2,6,2,2,Returning_Visitor,True,False
Oct,2,4,4,2,Returning_Visitor,False,False
Aug,3,2,3,1,Returning_Visitor,True,False
June,3,2,7,13,Returning_Visitor,False,False
May,2,2,7,2,New_Visitor,False,False
Nov,2,2,1,1,Returning_Visitor,False,False
May,2,2,6,3,Returning_Visitor,False,False
Mar,3,2,3,1,Returning_Visitor,False,False
Nov,2,7,1,1,Returning_Visitor,True,False
Nov,1,1,1,2,Returning_Visitor,False,False
May,2,2,7,3,Returning_Visitor,False,False
May,1,1,4,2,Returning_Visitor,True,False
Nov,2,2,1,2,Returning_Visitor,False,False
May,2,2,6,1,Returning_Visitor,False,False
Mar,2,2,1,2,Returning_Visitor,False,False
Nov,3,2,3,10,Returning_Visitor,True,False
May,2,4,1,2,Returning_Visitor,False,False
Mar,3,2,4,1,Returning_Visitor,True,False
Dec,3,2,1,2,Returning_Visitor,True,True
Dec,1,1,6,3,Returning_Visitor,False,False
Aug,1,1,9,3,Returning_Visitor,False,False
May,2,2,3,3,Returning_Visitor,False,False
May,2,2,3,2,Returning_Visitor,False,False
Nov,1,1,5,1,Returning_Visitor,False,False
June,2,2,4,1,Returning_Visitor,False,True
Dec,3,2,2,1,Returning_Visitor,True,False
Mar,4,1,4,3,Returning_Visitor,True,False
Sep,2,2,7,1,Returning_Visitor,False,False
Sep,2,2,3,2,Returning_Visitor,True,False
Dec,2,2,6,2,Returning_Visitor,True,False
May,3,2,8,2,Returning_Visitor,False,False
May,1,1,1,2,Returning_Visitor,True,False
May,2,2,2,13,Returning_Visitor,False,False
May,2,2,2,7,Returning_Visitor,False,False
Nov,3,2,2,6,Returning_Visitor,False,False
Nov,2,2,1,1,Returning_Visitor,True,False
Dec,1,1,1,2,New_Visitor,True,True
Nov,2,2,4,2,Returning_Visitor,False,False
Nov,2,2,1,2,Returning_Visitor,False,True
Sep,1,2,5,1,Returning_Visitor,False,False
Nov,2,2,5,2,Returning_Visitor,True,False
May,4,1,1,4,Returning_Visitor,False,False
Dec,2,2,3,10,Returning_Visitor,False,False
Sep,3,2,1,5,Returning_Visitor,True,False
May,2,2,3,5,New_Visitor,True,False
Nov,3,2,3,2,Returning_Visitor,True,True
Mar,2,2,8,13,Returning_Visitor,False,False
Aug,1,8,9,1,Returning_Visitor,False,False
Mar,2,2,1,3,Returning_Visitor,False,False
Nov,2,2,9,11,Returning_Visitor,False,False
Nov,3,2,7,6,Returning_Visitor,True,False
Mar,2,5,2,10,Returning_Visitor,True,False
Nov,2,2,7,2,Returning_Visitor,False,False
Oct,1,1,6,3,Returning_Visitor,False,False
Mar,2,2,3,13,Returning_Visitor,False,False
Mar,1,1,1,3,New_Visitor,True,False
May,3,2,7,1,Returning_Visitor,False,False
Dec,2,5,7,2,Returning_Visitor,False,True
May,2,2,2,4,New_Visitor,True,False
Dec,1,1,6,2,Returning_Visitor,True,True
May,2,2,1,6,Returning_Visitor,True,False
May,1,2,3,4,Returning_Visitor,False,False
Mar,3,2,1,8,New_Visitor,True,False
Dec,3,2,2,2,Returning_Visitor,False,False
May,3,2,4,2,Returning_Visitor,False,False
Dec,2,2,2,2,Returning_Visitor,False,False
Dec,2,10,7,1,Returning_Visitor,True,False
Sep,2,2,3,2,Returning_Visitor,True,True
Aug,2,2,6,1,Returning_Visitor,False,False
May,2,2,3,6,Returning_Visitor,False,False
Mar,3,2,8,2,Returning_Visitor,True,False
Aug,1,1,3,4,Returning_Visitor,False,False
Nov,2,2,6,2,New_Visitor,False,False
Jul,3,2,9,13,Returning_Visitor,False,False
Dec,2,2,3,8,New_Visitor,False,False
Nov,2,2,1,1,Returning_Visitor,False,False
Mar,2,5,5,1,Returning_Visitor,False,False
Mar,2,4,1,3,Returning_Visitor,True,False
Nov,2,4,6,11,New_Visitor,True,False
Dec,3,2,1,10,Returning_Visitor,False,False
Aug,2,6,1,3,Returning_Visitor,False,False
May,2,2,1,2,Returning_Visitor,False,False
Nov,2,2,1,2,Returning_Visitor,True,True
Oct,2,2,3,5,Returning_Visitor,False,False
May,2,2,1,3,Returning_Visitor,False,False
Feb,4,2,2,3,Returning_Visitor,False,False
Mar,3,2,1,10,Returning_Visitor,False,False
May,2,2,1,13,Returning_Visitor,False,False
May,2,2,3,3,Returning_Visitor,False,False
Nov,3,2,9,2,New_Visitor,True,True
Mar,3,3,1,3,Returning_Visitor,False,False
Feb,1,1,1,4,Returning_Visitor,True,False
Mar,2,2,2,3,Returning_Visitor,False,False
May,2,4,3,4,Returning_Visitor,True,False
Nov,2,2,3,13,Returning_Visitor,False,True
Nov,5,11,8,11,Returning_Visitor,False,False
Nov,2,2,1,2,Returning_Visitor,False,False
Dec,3,2,3,2,Returning_Visitor,False,False
May,2,6,2,13,Returning_Visitor,False,False
Mar,3,2,7,8,New_Visitor,False,False
May,1,1,1,1,Returning_Visitor,False,False
June,1,1,2,2,Returning_Visitor,False,False
Nov,2,2,1,2,Returning_Visitor,False,False
Nov,2,2,1,2,Returning_Visitor,False,True
Mar,2,4,1,2,Returning_Visitor,False,False
Nov,3,2,5,2,Returning_Visitor,False,False
May,3,2,3,13,Returning_Visitor,False,False
Nov,3,2,5,8,Returning_Visitor,False,True
Dec,4,2,4,2,Returning_Visitor,False,False
Nov,2,2,1,2,Returning_Visitor,False,False
Mar,2,2,1,1,Returning_Visitor,False,False
Nov,3,2,9,10,New_Visitor,True,False
Mar,1,1,1,3,Returning_Visitor,False,False
Nov,3,2,4,2,New_Visitor,False,False
Dec,3,2,1,2,Returning_Visitor,False,False
May,2,2,1,4,Returning_Visitor,True,False
June,2,2,1,2,Returning_Visitor,False,False
May,1,1,1,4,Returning_Visitor,False,True
Oct,2,5,1,5,New_Visitor,True,False
Oct,2,2,1,4,Returning_Visitor,False,True
Mar,2,2,3,2,Returning_Visitor,True,False
Mar,3,2,7,2,Returning_Visitor,True,True
May,2,2,3,4,Returning_Visitor,False,False
May,1,1,8,1,Returning_Visitor,False,False
Nov,1,2,1,1,Returning_Visitor,False,False
Mar,2,2,6,1,Returning_Visitor,False,False
May,3,2,1,11,Returning_Visitor,True,True
May,4,5,1,13,Returning_Visitor,False,False
Nov,2,2,1,1,Returning_Visitor,False,False
Dec,2,2,6,2,New_Visitor,False,True
Dec,1,1,3,3,Returning_Visitor,False,False
Sep,3,2,3,5,Returning_Visitor,False,False
May,2,2,3,13,Returning_Visitor,True,False
Nov,3,2,1,10,Returning_Visitor,False,False
Nov,4,2,9,10,Returning_Visitor,False,False
Oct,2,4,7,2,New_Visitor,False,False
Oct,2,2,1,1,Returning_Visitor,False,False
Mar,2,2,1,2,Returning_Visitor,True,True
May,4,2,7,4,Returning_Visitor,False,False
Nov,3,2,2,2,New_Visitor,False,False
Nov,4,5,1,8,Returning_Visitor,False,False
Aug,2,2,1,2,Returning_Visitor,False,False
Nov,1,2,1,10,Returning_Visitor,True,True
Nov,2,2,5,2,Returning_Visitor,True,False
Nov,3,2,1,2,New_Visitor,True,False
Nov,1,1,8,1,Returning_Visitor,True,False
May,1,1,1,4,Returning_Visitor,False,True
May,3,2,6,2,New_Visitor,True,False
Nov,2,2,7,20,Returning_Visitor,False,True
Sep,4,2,1,5,New_Visitor,True,False
Nov,2,2,1,2,Returning_Visitor,False,True
Jul,2,2,3,13,Returning_Visitor,True,False
Oct,3,2,1,13,Returning_Visitor,False,False
Feb,2,2,9,3,Returning_Visitor,False,False
Nov,2,2,3,2,Returning_Visitor,False,False
Jul,2,4,1,4,Returning_Visitor,False,True
Nov,2,2,3,6,Returning_Visitor,True,True
May,3,2,4,1,Returning_Visitor,True,True
Nov,2,2,1,2,Returning_Visitor,False,False
Oct,1,1,3,4,Returning_Visitor,False,False
Mar,2,2,1,2,Returning_Visitor,False,False
Aug,3,3,3,1,Returning_Visitor,True,False
Mar,1,2,2,1,Returning_Visitor,False,False
May,2,2,3,3,Returning_Visitor,False,False
Nov,2,2,3,3,Returning_Visitor,True,False
Nov,2,2,1,7,Returning_Visitor,True,False
Nov,2,2,3,2,Returning_Visitor,False,False
Dec,4,1,1,2,New_Visitor,False,False
May,2,2,7,3,Returning_Visitor,False,False
Nov,2,2,1,2,Returning_Visitor,False,False
Sep,1,1,7,5,Returning_Visitor,False,False
June,2,2,2,1,Returning_Visitor,False,False
Jul,1,1,9,20,New_Visitor,False,False
June,2,2,7,1,Returning_Visitor,False,False
Oct,2,2,4,1,Returning_Visitor,False,False
May,2,5,1,2,Returning_Visitor,False,False
May,1,1,1,15,Returning_Visitor,True,False
May,2,2,3,3,Returning_Visitor,False,False
Nov,2,7,2,2,Returning_Visitor,True,False
Nov,2,4,3,1,Returning_Visitor,False,False
Nov,4,1,1,1,Returning_Visitor,False,False
May,2,2,1,3,Returning_Visitor,False,False
May,3,2,8,2,Returning_Visitor,False,False
May,2,2,2,13,Returning_Visitor,True,False
Jul,2,2,1,1,Returning_Visitor,False,True
Mar,2,2,7,2,Returning_Visitor,False,True
Nov,1,1,1,2,Returning_Visitor,True,True
May,2,2,3,1,Returning_Visitor,False,False
Dec,2,2,4,1,Returning_Visitor,False,False
Oct,2,4,2,1,New_Visitor,False,True
Nov,2,2,7,20,Returning_Visitor,False,True
Oct,1,1,1,1,Returning_Visitor,True,False
Nov,1,1,2,10,Returning_Visitor,True,False
May,3,2,1,4,Returning_Visitor,False,False
May,2,5,3,2,New_Visitor,False,True
Mar,1,1,1,9,Returning_Visitor,False,False
Mar,3,2,1,1,Returning_Visitor,False,False
Nov,3,2,4,13,Returning_Visitor,False,False
Nov,2,2,9,8,Returning_Visitor,False,False
Oct,1,1,1,2,Returning_Visitor,False,False
Jul,4,1,1,3,Returning_Visitor,True,False
May,2,2,4,4,Returning_Visitor,False,False
Jul,3,2,1,3,Returning_Visitor,True,False
Nov,1,1,1,3,Returning_Visitor,False,False
June,3,2,2,2,Returning_Visitor,False,False
May,1,2,4,4,Returning_Visitor,False,False
Mar,1,1,1,1,Returning_Visitor,False,True
May,3,2,2,13,Returning_Visitor,False,False
Nov,2,10,4,3,Returning_Visitor,True,False
Oct,3,2,1,4,Returning_Visitor,True,False
Nov,2,2,5,2,Returning_Visitor,False,False
May,2,2,9,4,Returning_Visitor,True,False
May,4,1,1,4,Returning_Visitor,False,False
Dec,2,10,1,1,Returning_Visitor,True,False
Mar,2,2,1,2,Returning_Visitor,False,False
Nov,3,2,3,2,Returning_Visitor,True,False
Nov,2,2,4,3,Returning_Visitor,True,True
Aug,2,2,2,2,Returning_Visitor,False,False
Nov,4,2,1,8,New_Visitor,True,False
Sep,2,2,5,1,Returning_Visitor,False,False
Mar,1,1,2,2,Returning_Visitor,False,True
May,2,2,3,4,Returning_Visitor,False,True
Nov,2,2,6,2,New_Visitor,False,True
Mar,1,2,3,2,Returning_Visitor,False,False
Nov,1,1,1,8,Returning_Visitor,False,False
May,2,5,4,4,Returning_Visitor,False,False
May,2,2,3,3,Returning_Visitor,False,False
Aug,2,2,1,4,Returning_Visitor,False,True
Oct,3,2,1,2,Returning_Visitor,False,False
Oct,1,1,3,3,Returning_Visitor,False,False
Dec,2,10,1,8,New_Visitor,False,False
Nov,2,2,1,1,Returning_Visitor,False,False
May,3,3,1,4,Returning_Visitor,False,False
Mar,2,2,4,3,Returning_Visitor,False,False
Aug,1,1,1,3,New_Visitor,False,False
Nov,2,2,1,2,Returning_Visitor,False,True
Nov,1,1,3,3,Returning_Visitor,True,False
May,1,1,3,4,New_Visitor,True,True
May,3,2,1,3,Returning_Visitor,False,False
Dec,1,1,1,2,Returning_Visitor,False,False
Mar,1,1,3,2,Returning_Visitor,False,False
Mar,2,2,8,2,New_Visitor,False,False
Dec,3,2,2,6,Returning_Visitor,False,False
Sep,2,2,7,6,Returning_Visitor,True,False
Nov,1,1,3,2,New_Visitor,False,True
Nov,3,2,4,2,Returning_Visitor,False,False
May,1,1,1,2,Returning_Visitor,False,False
Oct,2,5,1,3,Returning_Visitor,False,False
Nov,2,2,1,2,New_Visitor,False,False
May,3,2,1,13,Returning_Visitor,False,False
Nov,2,2,5,2,Returning_Visitor,True,True
May,1,1,6,4,Returning_Visitor,True,False
Nov,3,2,1,11,Returning_Visitor,False,False
May,2,2,3,4,Returning_Visitor,False,False
May,2,2,8,4,Returning_Visitor,False,False
Nov,2,2,1,2,Returning_Visitor,False,False
Dec,2,2,5,2,Returning_Visitor,False,False
Dec,2,2,1,2,Returning_Visitor,True,False
Nov,1,1,3,2,Returning_Visitor,True,True
Sep,3,2,1,11,Returning_Visitor,False,False
Nov,2,2,3,1,Returning_Visitor,True,False
May,2,2,1,6,Returning_Visitor,False,False
Jul,2,6,1,3,New_Visitor,True,False
Dec,2,5,3,1,Returning_Visitor,False,True
Mar,1,1,4,2,Returning_Visitor,False,False
Nov,3,2,7,3,Returning_Visitor,False,False
Aug,3,2,1,3,Returning_Visitor,False,False
Jul,2,2,8,1,Returning_Visitor,True,False
May,4,2,1,4,New_Visitor,False,True
Nov,2,5,3,1,Returning_Visitor,False,True
Mar,1,1,2,3,Returning_Visitor,False,False
Jul,2,2,1,4,Returning_Visitor,False,True
Oct,2,4,1,2,Returning_Visitor,False,False
Nov,2,2,1,6,Returning_Visitor,False,True
Dec,1,1,1,2,Returning_Visitor,False,False
Oct,2,2,1,3,Returning_Visitor,True,True
Nov,2,2,1,2,Returning_Visitor,False,False
May,2,2,1,4,New_Visitor,True,True
Nov,3,2,2,13,Returning_Visitor,False,False
Nov,1,1,1,2,Returning_Visitor,False,False
May,2,2,9,2,Returning_Visitor,False,False
Jul,3,2,1,4,Returning_Visitor,False,False
Nov,3,2,1,10,Returning_Visitor,False,False
Jul,2,2,1,4,Returning_Visitor,False,False
Mar,2,2,1,1,Returning_Visitor,False,False
Nov,3,2,3,2,Returning_Visitor,False,False
May,2,10,6,4,Returning_Visitor,True,False
May,2,2,7,2,Returning_Visitor,False,False
May,3,2,5,4,Returning_Visitor,False,False
May,2,2,3,2,Returning_Visitor,True,False
Nov,3,2,3,1,Returning_Visitor,True,False
May,2,2,1,2,New_Visitor,False,False
May,2,2,2,4,Returning_Visitor,False,False
Nov,2,2,6,2,New_Visitor,True,False
Nov,3,3,1,3,Returning_Visitor,False,False
Nov,2,2,9,11,New_Visitor,False,True
Dec,2,2,7,2,Returning_Visitor,False,False
Nov,2,2,1,13,Returning_Visitor,False,False
Nov,2,2,1,3,Returning_Visitor,False,False
Nov,2,6,1,1,Returning_Visitor,False,False
Dec,2,2,3,13,Returning_Visitor,False,False
Oct,2,5,3,2,Returning_Visitor,False,False
May,2,4,6,2,Returning_Visitor,False,True
Mar,4,1,1,1,Returning_Visitor,False,False
Jul,1,1,6,3,Returning_Visitor,False,False
Nov,1,2,1,2,Returning_Visitor,True,False
May,2,2,3,1,Returning_Visitor,False,False
May,1,1,1,4,Returning_Visitor,False,False
Aug,2,4,1,4,Returning_Visitor,False,False
May,3,2,4,3,Returning_Visitor,False,True
Dec,4,1,3,3,Returning_Visitor,True,False
Nov,2,2,1,2,New_Visitor,False,False
Dec,1,1,1,2,Returning_Visitor,True,False
May,2,2,3,3,Returning_Visitor,False,False
Nov,1,8,1,11,Returning_Visitor,True,False
May,3,2,3,2,New_Visitor,True,False
Sep,2,2,1,1,Returning_Visitor,True,True
May,3,2,1,4,Returning_Visitor,False,False
Mar,1,1,2,9,Returning_Visitor,True,False
May,1,1,1,3,Returning_Visitor,False,False
Nov,1,2,3,2,New_Visitor,True,False
Mar,2,2,3,1,Returning_Visitor,False,True
Nov,2,10,3,3,Returning_Visitor,False,False
Mar,2,2,1,8,Returning_Visitor,False,False
Nov,3,2,8,3,Returning_Visitor,False,False
May,4,1,4,3,Returning_Visitor,True,False
Feb,2,2,3,3,Returning_Visitor,False,False
May,1,1,1,2,Returning_Visitor,False,False
Oct,1,1,3,2,Returning_Visitor,True,False
May,2,2,1,2,Returning_Visitor,False,True
Mar,2,4,1,1,Returning_Visitor,False,False
Nov,2,4,3,1,Returning_Visitor,False,False
May,1,1,3,3,Returning_Visitor,False,False
Dec,2,4,3,2,Returning_Visitor,True,False
Feb,2,4,1,1,Returning_Visitor,False,False
Mar,1,1,1,3,Returning_Visitor,True,False
May,1,1,1,3,Returning_Visitor,False,False
Nov,2,2,4,20,Returning_Visitor,True,False
Nov,3,2,2,2,Returning_Visitor,True,True
Mar,2,2,2,1,Returning_Visitor,False,False
Nov,2,2,3,2,Returning_Visitor,False,True
Mar,2,4,2,1,Returning_Visitor,False,False
Sep,2,2,1,2,Returning_Visitor,True,False
May,2,4,1,2,New_Visitor,False,False
Nov,2,2,1,3,Returning_Visitor,False,False
Nov,1,1,1,2,Returning_Visitor,False,True
May,1,1,1,4,Returning_Visitor,False,False
Mar,1,1,7,3,Returning_Visitor,False,False
May,2,2,2,4,Returning_Visitor,False,True
May,2,2,6,3,Returning_Visitor,False,False
Nov,1,1,3,3,Returning_Visitor,False,False
Mar,3,2,6,2,Returning_Visitor,False,True
Dec,2,2,4,1,Returning_Visitor,False,False
Mar,3,2,1,1,Returning_Visitor,False,False
May,2,2,1,4,Returning_Visitor,False,False
May,1,1,1,4,Returning_Visitor,True,False
Oct,1,1,1,2,New_Visitor,False,False
Nov,2,2,1,2,New_Visitor,False,True
Dec,3,2,8,1,Returning_Visitor,False,False
May,2,2,6,13,Returning_Visitor,False,False
Nov,2,2,1,2,New_Visitor,False,False
Mar,2,6,4,10,Returning_Visitor,False,True
Sep,2,4,3,2,New_Visitor,False,False
June,2,2,4,13,Returning_Visitor,False,False
Nov,2,6,1,2,Returning_Visitor,False,False
Oct,1,2,1,1,Returning_Visitor,True,False
Jul,2,2,4,13,Returning_Visitor,False,False
Dec,3,2,9,2,Returning_Visitor,False,False
May,1,1,8,4,Returning_Visitor,False,False
Nov,2,2,3,2,New_Visitor,False,False
Nov,2,4,4,2,Returning_Visitor,True,False
May,2,2,2,13,Returning_Visitor,False,True
Dec,2,2,1,20,Returning_Visitor,False,False
Nov,2,2,9,20,New_Visitor,False,True
May,2,2,1,6,Returning_Visitor,True,False
Dec,2,2,1,2,Returning_Visitor,True,True
Nov,3,2,3,13,Returning_Visitor,False,False
Nov,2,2,1,13,Returning_Visitor,False,False
Mar,2,2,1,3,Returning_Visitor,False,False
Dec,1,1,6,2,Returning_Visitor,False,False
May,1,1,1,4,Returning_Visitor,False,False
May,2,2,1,2,Returning_Visitor,False,True
Nov,2,2,1,2,Returning_Visitor,False,False
Nov,2,2,1,1,Returning_Visitor,False,True
Nov,2,4,1,3,New_Visitor,False,True
June,1,1,4,3,Returning_Visitor,True,False
Mar,2,2,3,2,Returning_Visitor,False,False
May,2,2,1,3,Returning_Visitor,False,False
Jul,2,2,4,13,Returning_Visitor,False,False
Jul,2,2,1,2,Returning_Visitor,False,False
May,3,3,1,3,Returning_Visitor,False,False
Mar,2,2,1,2,New_Visitor,False,False
Oct,2,2,4,13,Returning_Visitor,False,False
May,3,2,1,4,Returning_Visitor,False,False
Dec,2,2,1,1,Returning_Visitor,True,True
May,2,2,4,1,Returning_Visitor,False,False
May,3,2,7,3,Returning_Visitor,False,False
Nov,2,4,1,2,Returning_Visitor,False,True
May,2,2,1,1,Returning_Visitor,False,False
May,2,2,1,3,Returning_Visitor,False,False
Nov,2,2,1,2,New_Visitor,False,True
May,1,1,3,3,Returning_Visitor,False,False
Jul,2,2,8,2,New_Visitor,True,False
Mar,2,2,2,2,Returning_Visitor,True,True
Oct,2,2,7,3,Returning_Visitor,True,False
Mar,1,1,4,9,Returning_Visitor,True,True
May,2,2,6,1,Returning_Visitor,False,False
May,3,2,1,4,Returning_Visitor,False,False
Jul,3,2,2,13,Returning_Visitor,True,False
Nov,1,2,1,2,Returning_Visitor,False,False
Nov,2,6,1,3,Returning_Visitor,False,False
Aug,3,2,4,1,Returning_Visitor,False,False
May,2,2,3,3,Returning_Visitor,False,False
Dec,1,1,3,2,Returning_Visitor,False,False
May,2,5,1,4,Returning_Visitor,False,True
Oct,3,2,1,13,Returning_Visitor,False,False
Jul,3,2,3,4,Returning_Visitor,False,False
Nov,4,1,1,20,Returning_Visitor,False,False
Mar,2,2,1,3,Returning_Visitor,True,False
Nov,3,2,9,2,Returning_Visitor,False,False
Nov,2,2,1,2,Returning_Visitor,False,False
Mar,2,5,1,10,Returning_Visitor,False,False
Jul,2,10,1,4,Returning_Visitor,True,False
May,1,2,1,4,Returning_Visitor,True,False
Sep,2,2,1,5,Returning_Visitor,False,False
May,2,2,1,4,Returning_Visitor,False,False
Dec,3,2,1,13,Returning_Visitor,False,False
Dec,2,2,2,2,Other,False,False
May,3,2,4,13,Returning_Visitor,False,False
Sep,2,4,1,5,New_Visitor,False,False
Feb,2,4,3,3,Returning_Visitor,False,False
May,2,4,1,4,Returning_Visitor,False,False
Oct,2,2,6,5,New_Visitor,False,False
Nov,1,1,6,1,Returning_Visitor,False,False
Mar,1,2,2,2,Returning_Visitor,False,False
Mar,3,2,1,2,Returning_Visitor,True,True
Nov,1,1,1,3,Returning_Visitor,False,False
May,2,2,4,2,Returning_Visitor,False,False
Dec,2,2,2,2,Returning_Visitor,False,False
Mar,4,2,1,2,New_Visitor,False,False
Sep,2,5,1,1,Returning_Visitor,False,False
Sep,1,1,4,2,Returning_Visitor,False,False
Mar,2,5,9,8,New_Visitor,False,False
May,3,2,2,6,Returning_Visitor,True,False
Nov,4,1,1,8,Returning_Visitor,True,False
Mar,4,1,1,3,Returning_Visitor,False,False
May,1,1,3,3,Returning_Visitor,True,False
Mar,2,2,3,2,Returning_Visitor,False,False
Nov,1,1,3,3,Returning_Visitor,True,True
Aug,3,2,1,1,Returning_Visitor,True,False
Nov,1,1,1,3,Returning_Visitor,True,False
Nov,2,7,3,1,Returning_Visitor,False,False
June,1,2,3,1,Returning_Visitor,True,False
Oct,2,2,1,5,New_Visitor,False,False
Nov,1,1,2,2,Returning_Visitor,False,False
Nov,2,2,3,2,Returning_Visitor,False,False
May,2,2,8,3,Returning_Visitor,False,False
May,2,2,1,3,Returning_Visitor,False,False
Mar,4,1,3,1,Returning_Visitor,True,False
Sep,3,7,8,2,Returning_Visitor,False,False
May,1,1,2,1,Returning_Visitor,False,False
Nov,1,1,1,2,Returning_Visitor,False,True
Nov,2,2,3,2,Returning_Visitor,False,False
May,1,1,9,4,Returning_Visitor,True,False
Nov,3,2,1,1,Returning_Visitor,False,True
May,2,6,6,4,Returning_Visitor,False,False
June,4,1,1,2,Returning_Visitor,True,False
Nov,1,1,2,2,New_Visitor,False,False
Mar,3,2,5,2,Returning_Visitor,True,False
Mar,2,2,2,1,Returning_Visitor,False,False
May,1,1,1,1,Returning_Visitor,False,False
Mar,1,1,3,1,Returning_Visitor,True,False
May,2,2,8,2,Returning_Visitor,True,True
Mar,1,1,1,6,Returning_Visitor,True,False
Nov,2,2,7,3,Returning_Visitor,False,False
Dec,2,6,1,6,New_Visitor,False,True
Dec,1,1,4,1,Returning_Visitor,False,True
May,1,1,3,3,Returning_Visitor,False,False
May,3,2,1,18,Returning_Visitor,True,False
Nov,2,2,1,1,Returning_Visitor,False,False
Nov,2,4,6,8,Returning_Visitor,False,False
Dec,2,2,4,3,Returning_Visitor,False,False
May,2,2,7,1,Returning_Visitor,True,False
Nov,2,2,1,2,Returning_Visitor,False,False
Aug,3,2,3,13,Returning_Visitor,False,False
May,1,1,3,3,Returning_Visitor,True,False
Mar,2,2,1,1,Returning_Visitor,False,False
Dec,1,1,1,3,New_Visitor,False,False
May,2,10,1,3,Returning_Visitor,False,False
Nov,3,2,1,13,Returning_Visitor,False,False
Mar,1,1,1,3,Returning_Visitor,False,False
May,2,4,1,3,Returning_Visitor,False,False
Oct,2,2,1,1,Returning_Visitor,False,False
Oct,1,8,6,20,New_Visitor,False,False
Mar,2,2,1,3,Returning_Visitor,False,False
May,2,2,3,4,Returning_Visitor,False,False
Dec,2,2,4,1,Returning_Visitor,False,False
Dec,2,2,3,10,Returning_Visitor,False,False
May,1,8,4,20,Returning_Visitor,True,True
May,2,4,7,3,Returning_Visitor,False,False
Nov,3,2,6,6,Returning_Visitor,True,False
Nov,2,2,1,2,Returning_Visitor,True,False
Mar,2,2,1,2,New_Visitor,False,False
Mar,2,4,3,1,Returning_Visitor,False,False
Nov,2,6,6,1,Returning_Visitor,False,False
Nov,1,1,1,8,Returning_Visitor,True,False
Mar,2,2,3,2,New_Visitor,True,False
Dec,2,2,3,8,Returning_Visitor,False,True
Mar,2,2,3,1,Returning_Visitor,False,False
Nov,2,2,1,2,Returning_Visitor,True,True
Nov,1,1,1,2,Returning_Visitor,True,False
Dec,2,2,1,1,Returning_Visitor,False,False
Nov,3,2,1,3,Returning_Visitor,False,False
May,2,2,6,11,Returning_Visitor,True,False
Mar,2,2,9,3,Returning_Visitor,False,False
Nov,2,2,4,8,Returning_Visitor,False,False
May,2,2,3,1,Returning_Visitor,False,False
Mar,2,2,1,2,Returning_Visitor,False,False
May,2,2,4,1,Returning_Visitor,False,False
Nov,2,10,1,2,Returning_Visitor,False,False
Aug,2,4,1,1,Returning_Visitor,False,False
Dec,1,13,9,20,Returning_Visitor,False,False
May,2,2,9,2,Returning_Visitor,False,False
May,2,2,3,3,Returning_Visitor,False,False
Nov,3,2,8,3,Returning_Visitor,False,True
May,2,2,9,13,Returning_Visitor,False,False
May,1,1,1,1,Returning_Visitor,False,False
Nov,2,2,1,2,Returning_Visitor,False,False
Dec,2,2,9,10,Returning_Visitor,False,False
Dec,2,4,6,1,Returning_Visitor,False,False
Nov,2,2,2,2,Returning_Visitor,False,False
May,2,6,4,1,Returning_Visitor,False,False
Nov,2,2,6,11,Returning_Visitor,True,True
Oct,1,2,3,2,Returning_Visitor,True,True
Mar,3,6,1,1,Returning_Visitor,True,False
May,2,2,3,1,Returning_Visitor,False,False
May,1,1,3,5,New_Visitor,True,False
May,3,2,3,1,Returning_Visitor,False,False
Mar,3,2,1,1,Returning_Visitor,False,False
Dec,1,1,7,10,Returning_Visitor,False,False
May,1,1,2,3,Returning_Visitor,False,False
Mar,3,2,1,3,Returning_Visitor,False,False
Mar,1,1,1,9,Returning_Visitor,True,False
Nov,2,2,1,2,Returning_Visitor,False,False
Aug,2,2,4,1,Returning_Visitor,False,False
Feb,2,4,1,3,Returning_Visitor,False,False
Mar,2,2,1,2,Returning_Visitor,False,True
Nov,3,2,4,3,Returning_Visitor,True,False
Dec,2,5,9,1,Returning_Visitor,False,True
June,2,2,9,3,Returning_Visitor,False,False
Nov,1,1,1,2,Returning_Visitor,False,False
May,3,2,3,13,Returning_Visitor,False,False
Mar,2,2,5,1,Returning_Visitor,False,False
Feb,2,4,4,1,Returning_Visitor,False,False
Nov,2,2,1,2,Returning_Visitor,False,False
Dec,3,2,1,2,Returning_Visitor,False,False
Mar,2,2,6,8,Returning_Visitor,False,False
Nov,2,2,3,1,Returning_Visitor,False,False
May,2,2,1,3,Returning_Visitor,False,False
Dec,2,10,3,6,Returning_Visitor,False,False
May,2,2,3,1,Returning_Visitor,True,True
Dec,2,2,3,1,Returning_Visitor,False,False
May,2,2,4,6,Returning_Visitor,False,False
Dec,3,2,3,11,New_Visitor,False,False
May,2,2,3,2,Returning_Visitor,False,True
Dec,1,1,2,2,Returning_Visitor,False,False
Aug,3,2,3,4,Returning_Visitor,False,False
Nov,3,2,3,11,Returning_Visitor,False,False
May,2,2,4,4,Returning_Visitor,False,False
May,3,2,6,3,Returning_Visitor,False,True
May,2,2,2,4,Returning_Visitor,True,False
Dec,2,2,6,1,Returning_Visitor,False,False
Nov,2,2,1,2,Returning_Visitor,False,False
May,2,2,7,2,Returning_Visitor,False,False
Nov,1,1,3,3,Returning_Visitor,False,False
May,2,2,1,2,Returning_Visitor,False,False
May,3,2,4,4,Returning_Visitor,False,False
Mar,2,2,4,1,Returning_Visitor,False,False
Nov,1,1,9,2,Returning_Visitor,True,True
Nov,2,2,1,13,Returning_Visitor,False,False
May,4,1,4,6,Returning_Visitor,True,False
May,2,4,1,3,Returning_Visitor,False,False
May,1,1,8,2,Returning_Visitor,False,False
Mar,2,6,1,1,Returning_Visitor,False,False
Dec,2,2,3,2,New_Visitor,True,False
Nov,2,2,4,2,Returning_Visitor,False,False
Sep,2,10,1,1,Returning_Visitor,False,False
Nov,1,1,1,3,Returning_Visitor,False,False
Nov,2,2,1,13,Returning_Visitor,False,False
Nov,3,2,3,2,Returning_Visitor,True,False
May,2,2,2,1,Returning_Visitor,False,False
Mar,2,5,1,3,Returning_Visitor,False,False
May,2,2,7,4,Returning_Visitor,False,False
Nov,2,5,9,8,Returning_Visitor,True,False
Mar,2,2,2,1,Returning_Visitor,False,False
Mar,2,2,7,2,Returning_Visitor,False,True
Dec,2,2,1,2,Returning_Visitor,False,False
May,3,2,2,4,Returning_Visitor,False,False
Nov,2,10,1,1,Returning_Visitor,False,True
Mar,2,2,3,2,Returning_Visitor,False,False
Mar,2,2,4,1,Returning_Visitor,False,False
Nov,3,2,8,1,Returning_Visitor,True,True
Nov,1,1,6,2,Returning_Visitor,False,False
May,2,1,7,4,Returning_Visitor,False,False
Dec,1,1,3,1,Returning_Visitor,True,False
June,2,2,1,1,Returning_Visitor,False,False
May,3,2,8,4,Returning_Visitor,False,False
Nov,1,1,3,2,New_Visitor,True,True
Mar,2,2,3,10,Returning_Visitor,False,False
Sep,1,1,2,2,Returning_Visitor,False,True
June,2,2,2,2,Returning_Visitor,False,False
Nov,2,2,1,2,Returning_Visitor,False,True
Dec,3,2,2,2,Returning_Visitor,False,False
Aug,1,1,1,5,New_Visitor,False,False
June,3,2,1,13,Returning_Visitor,False,False
Nov,2,2,1,2,Returning_Visitor,False,True
May,2,2,6,3,Returning_Visitor,False,False
Aug,3,2,1,3,Returning_Visitor,False,False
Dec,1,1,2,10,Returning_Visitor,False,True
May,3,2,3,13,Returning_Visitor,True,False
May,2,2,1,2,New_Visitor,True,False
May,3,2,2,19,Returning_Visitor,False,False
Oct,1,1,1,2,New_Visitor,False,False
Mar,1,1,4,2,New_Visitor,False,False
Nov,1,1,1,7,Returning_Visitor,False,True
May,2,2,2,1,Returning_Visitor,False,False
May,2,2,1,2,Returning_Visitor,False,False
June,1,1,1,20,Returning_Visitor,False,False
May,2,4,7,2,Returning_Visitor,False,False
Mar,1,1,1,9,New_Visitor,False,False
Aug,2,4,1,1,Returning_Visitor,False,False
May,4,1,3,1,Returning_Visitor,True,True
Mar,2,4,7,3,Returning_Visitor,False,False
May,2,4,3,2,New_Visitor,True,False
Nov,1,2,1,1,Returning_Visitor,True,True
Jul,2,2,6,5,New_Visitor,False,False
Nov,3,2,1,6,Returning_Visitor,False,False
Jul,1,1,3,3,Returning_Visitor,False,False
Dec,2,2,2,10,Returning_Visitor,False,False
May,3,2,3,4,Returning_Visitor,False,False
Oct,2,2,7,4,Returning_Visitor,True,False
Dec,3,2,2,3,New_Visitor,False,False
Dec,1,1,1,10,Returning_Visitor,True,False
Dec,2,2,9,2,Returning_Visitor,True,False
May,2,2,3,1,Returning_Visitor,False,False
Feb,1,1,1,1,Returning_Visitor,True,False
Mar,1,1,1,2,New_Visitor,True,False
May,1,1,3,1,Returning_Visitor,False,True
Dec,2,2,7,1,Returning_Visitor,False,False
Aug,2,2,3,1,Returning_Visitor,True,False
Mar,2,2,1,1,Returning_Visitor,False,False
Aug,3,2,4,13,Returning_Visitor,False,False
May,2,4,3,3,New_Visitor,False,True
Nov,2,2,1,2,New_Visitor,False,True
May,2,4,1,4,Returning_Visitor,False,False
May,2,2,7,2,New_Visitor,False,False
Sep,1,2,6,2,Returning_Visitor,False,False
Dec,2,2,1,1,Returning_Visitor,False,True
Mar,2,2,7,7,Returning_Visitor,False,False
Dec,3,2,3,10,Returning_Visitor,False,False
Nov,2,2,4,10,Returning_Visitor,False,True
Aug,2,2,5,1,Returning_Visitor,False,False
Dec,2,4,1,2,New_Visitor,False,False
May,3,2,1,4,Returning_Visitor,True,False
Nov,2,2,9,1,Returning_Visitor,True,False
Mar,3,2,9,3,Returning_Visitor,True,False
Mar,2,2,1,1,Returning_Visitor,False,False
Mar,3,2,1,1,Returning_Visitor,True,False
Aug,3,2,7,2,New_Visitor,True,False
May,1,2,1,6,Returning_Visitor,False,False
May,2,2,3,2,Returning_Visitor,False,True
Nov,3,2,3,13,Returning_Visitor,False,False
Dec,8,13,9,20,Other,False,False
June,3,2,2,1,Returning_Visitor,False,False
May,2,2,8,1,Returning_Visitor,False,False
Nov,3,2,3,10,Other,False,False
Nov,2,5,2,3,Returning_Visitor,False,False
Nov,1,2,3,1,Returning_Visitor,True,False
Mar,2,2,1,8,New_Visitor,False,True
June,2,2,1,1,Returning_Visitor,False,False
Sep,1,1,3,4,Returning_Visitor,False,False
Nov,2,2,4,13,Returning_Visitor,False,False
Dec,2,2,1,2,Returning_Visitor,False,False
May,3,2,3,1,Returning_Visitor,False,False
May,2,2,1,3,Returning_Visitor,False,False
May,2,2,4,4,Returning_Visitor,False,False
June,2,2,2,2,Returning_Visitor,False,False
Aug,1,1,1,4,Returning_Visitor,True,False
May,2,5,1,6,Returning_Visitor,False,False
Nov,1,1,4,3,Returning_Visitor,False,False
Dec,2,2,1,3,Returning_Visitor,False,False
May,2,2,6,2,Returning_Visitor,True,False
Dec,2,2,9,2,New_Visitor,False,False
Dec,2,4,1,1,Returning_Visitor,False,False
May,2,2,6,4,Returning_Visitor,False,False
Nov,3,2,1,3,Returning_Visitor,True,True
Dec,2,2,3,1,Returning_Visitor,False,False
Mar,3,2,3,1,Returning_Visitor,False,False
Nov,2,2,3,2,Returning_Visitor,False,False
Nov,4,1,8,1,Returning_Visitor,False,True
Jul,3,2,4,1,Returning_Visitor,False,True
Sep,2,2,1,5,New_Visitor,False,True
Nov,3,2,6,2,Returning_Visitor,True,False
Nov,2,4,2,20,Returning_Visitor,True,False
Nov,2,2,2,13,Returning_Visitor,False,False
May,2,2,2,3,Returning_Visitor,False,False
Nov,1,8,9,1,Returning_Visitor,True,False
Nov,2,2,3,2,Returning_Visitor,False,True
May,2,2,2,3,Returning_Visitor,False,False
Dec,2,2,2,8,Returning_Visitor,False,False
Nov,2,4,9,6,Returning_Visitor,False,False
Nov,4,2,1,3,Returning_Visitor,False,False
May,2,2,1,2,Returning_Visitor,False,True
Mar,1,1,3,10,New_Visitor,False,False
Mar,2,2,3,13,Returning_Visitor,False,False
Nov,2,2,2,2,Returning_Visitor,False,False
